user_id,age,main_skill,second_skill,skill_level,want_to_learn,target_level,teaching_level,partner_level,preferred_partner_level,interest,goal,learning_style,availability,preferred_contact_platform,match_text
SS0001,13,Хөгжим,Япон хэл,Анхан,Видео эвлүүлэг,Ахисан,Анхан,Суурь,Анхан,Хөгжим,Шинэ чадвар сурах,Видео,Амралтын өдөр,Instagram,"Заах чадвар: Хөгжим (Анхан), Хоёрдогч чадвар: Япон хэл. Сурах чадвар: Видео эвлүүлэг (Зорилтот түвшин: Ахисан). Сонирхол: Хөгжим. Зорилго: Шинэ чадвар сурах. Сурах арга: Видео. Боломж: Амралтын өдөр. Хүсэж буй хамтрагчийн түвшин: Анхан."
SS0002,18,График дизайн,Байхгүй,Дунд,Физик,Ахисан,Дунд,Ахисан,Дунд,Хөгжим,Тэмцээнд бэлдэх,Багштай,7 хоногт 3-4 удаа,Messenger,Заах чадвар: График дизайн (Дунд). Сурах чадвар: Физик (Зорилтот түвшин: Ахисан). Сонирхол: Хөгжим. Зорилго: Тэмцээнд бэлдэх. Сурах арга: Багштай. Боломж: 7 хоногт 3-4 удаа. Хүсэж буй хамтрагчийн түвшин: Дунд.
SS0003,15,Сошиал медиа,Контент бүтээлт,Анхан,Багаар ажиллах,Суурь,Анхан,Анхан,Ахисан,Медиа,Шинэ чадвар сурах,Практик хийж сурах,Өдөр бүр,Facebook,"Заах чадвар: Сошиал медиа (Анхан), Хоёрдогч чадвар: Контент бүтээлт. Сурах чадвар: Багаар ажиллах (Зорилтот түвшин: Суурь). Сонирхол: Медиа. Зорилго: Шинэ чадвар сурах. Сурах арга: Практик хийж сурах. Боломж: Өдөр бүр. Хүсэж буй хамтрагчийн түвшин: Ахисан."
SS0004,17,Видео эвлүүлэг,Байхгүй,Дунд,Canva,Дунд,Дунд,Дунд,Дунд,Урлаг,Хоббигоо хөгжүүлэх,Хамтрагчтай,7 хоногт 1-2 удаа,Telegram,Заах чадвар: Видео эвлүүлэг (Дунд). Сурах чадвар: Canva (Зорилтот түвшин: Дунд). Сонирхол: Урлаг. Зорилго: Хоббигоо хөгжүүлэх. Сурах арга: Хамтрагчтай. Боломж: 7 хоногт 1-2 удаа. Хүсэж буй хамтрагчийн түвшин: Дунд.
SS0005,15,3D моделчлол,Байхгүй,Анхан,Математик,Суурь,Анхан,Дунд,Ахисан,Бүтээлч ажил,Төсөл хийх,Видео,Амралтын өдөр,Zoom,Заах чадвар: 3D моделчлол (Анхан). Сурах чадвар: Математик (Зорилтот түвшин: Суурь). Сонирхол: Бүтээлч ажил. Зорилго: Төсөл хийх. Сурах арга: Видео. Боломж: Амралтын өдөр. Хүсэж буй хамтрагчийн түвшин: Ахисан.
SS0006,15,Хөгжим,Байхгүй,Суурь,Манлайлал,Ахисан,Суурь,Дунд,Суурь,Програмчлал,Ирээдүйн мэргэжилдээ ашиглах,Видео,7 хоногт 3-4 удаа,Google Meet,Заах чадвар: Хөгжим (Суурь). Сурах чадвар: Манлайлал (Зорилтот түвшин: Ахисан). Сонирхол: Програмчлал. Зорилго: Ирээдүйн мэргэжилдээ ашиглах. Сурах арга: Видео. Боломж: 7 хоногт 3-4 удаа. Хүсэж буй хамтрагчийн түвшин: Суурь.
SS0007,17,Англи хэл,Байхгүй,Ахисан,C++,Ахисан,Ахисан,Ахисан,Анхан,Бизнес,Хоббигоо хөгжүүлэх,Видео,7 хоногт 3-4 удаа,Discord,Заах чадвар: Англи хэл (Ахисан). Сурах чадвар: C++ (Зорилтот түвшин: Ахисан). Сонирхол: Бизнес. Зорилго: Хоббигоо хөгжүүлэх. Сурах арга: Видео. Боломж: 7 хоногт 3-4 удаа. Хүсэж буй хамтрагчийн түвшин: Анхан.
SS0008,14,Сошиал медиа,Байхгүй,Анхан,Илтгэх урлаг,Дунд,Анхан,Дунд,Суурь,Контент,Төсөл хийх,Багштай,7 хоногт 3-4 удаа,Instagram,Заах чадвар: Сошиал медиа (Анхан). Сурах чадвар: Илтгэх урлаг (Зорилтот түвшин: Дунд). Сонирхол: Контент. Зорилго: Төсөл хийх. Сурах арга: Багштай. Боломж: 7 хоногт 3-4 удаа. Хүсэж буй хамтрагчийн түвшин: Суурь.
SS0009,17,Физик,Байхгүй,Суурь,Шатар,Дунд,Суурь,Суурь,Анхан,Шинжлэх ухаан,Шинэ чадвар сурах,Уншиж сурах,Амралтын өдөр,Messenger,Заах чадвар: Физик (Суурь). Сурах чадвар: Шатар (Зорилтот түвшин: Дунд). Сонирхол: Шинжлэх ухаан. Зорилго: Шинэ чадвар сурах. Сурах арга: Уншиж сурах. Боломж: Амралтын өдөр. Хүсэж буй хамтрагчийн түвшин: Анхан.
SS0010,13,Манлайлал,Математик,Дунд,Видео эвлүүлэг,Дунд,Дунд,Дунд,Анхан,Математик,Ирээдүйн мэргэжилдээ ашиглах,Багштай,7 хоногт 1-2 удаа,Facebook,"Заах чадвар: Манлайлал (Дунд), Хоёрдогч чадвар: Математик. Сурах чадвар: Видео эвлүүлэг (Зорилтот түвшин: Дунд). Сонирхол: Математик. Зорилго: Ирээдүйн мэргэжилдээ ашиглах. Сурах арга: Багштай. Боломж: 7 хоногт 1-2 удаа. Хүсэж буй хамтрагчийн түвшин: Анхан."
SS0011,13,Гитар,UI/UX дизайн,Дунд,Шатар,Дунд,Дунд,Ахисан,Дунд,Хэл,Хичээлдээ ашиглах,Багштай,Өдөр бүр,Telegram,"Заах чадвар: Гитар (Дунд), Хоёрдогч чадвар: UI/UX дизайн. Сурах чадвар: Шатар (Зорилтот түвшин: Дунд). Сонирхол: Хэл. Зорилго: Хичээлдээ ашиглах. Сурах арга: Багштай. Боломж: Өдөр бүр. Хүсэж буй хамтрагчийн түвшин: Дунд."
SS0012,18,JavaScript,Видео эвлүүлэг,Дунд,Сошиал медиа,Ахисан,Дунд,Суурь,Суурь,Шинжлэх ухаан,Хоббигоо хөгжүүлэх,Уншиж сурах,7 хоногт 1-2 удаа,Zoom,"Заах чадвар: JavaScript (Дунд), Хоёрдогч чадвар: Видео эвлүүлэг. Сурах чадвар: Сошиал медиа (Зорилтот түвшин: Ахисан). Сонирхол: Шинжлэх ухаан. Зорилго: Хоббигоо хөгжүүлэх. Сурах арга: Уншиж сурах. Боломж: 7 хоногт 1-2 удаа. Хүсэж буй хамтрагчийн түвшин: Суурь."
SS0013,16,UI/UX дизайн,Байхгүй,Ахисан,Сошиал медиа,Суурь,Ахисан,Ахисан,Суурь,Бизнес,Шинэ чадвар сурах,Практик хийж сурах,7 хоногт 3-4 удаа,Google Meet,Заах чадвар: UI/UX дизайн (Ахисан). Сурах чадвар: Сошиал медиа (Зорилтот түвшин: Суурь). Сонирхол: Бизнес. Зорилго: Шинэ чадвар сурах. Сурах арга: Практик хийж сурах. Боломж: 7 хоногт 3-4 удаа. Хүсэж буй хамтрагчийн түвшин: Суурь.
SS0014,13,Багаар ажиллах,Байхгүй,Анхан,3D моделчлол,Суурь,Анхан,Дунд,Ахисан,Хэл,Төсөл хийх,Багштай,7 хоногт 3-4 удаа,Discord,Заах чадвар: Багаар ажиллах (Анхан). Сурах чадвар: 3D моделчлол (Зорилтот түвшин: Суурь). Сонирхол: Хэл. Зорилго: Төсөл хийх. Сурах арга: Багштай. Боломж: 7 хоногт 3-4 удаа. Хүсэж буй хамтрагчийн түвшин: Ахисан.
SS0015,18,Математик,Байхгүй,Дунд,3D моделчлол,Дунд,Дунд,Суурь,Суурь,Дизайн,Шинэ чадвар сурах,Хамтрагчтай,Амралтын өдөр,Instagram,Заах чадвар: Математик (Дунд). Сурах чадвар: 3D моделчлол (Зорилтот түвшин: Дунд). Сонирхол: Дизайн. Зорилго: Шинэ чадвар сурах. Сурах арга: Хамтрагчтай. Боломж: Амралтын өдөр. Хүсэж буй хамтрагчийн түвшин: Суурь.
SS0016,14,Физик,Байхгүй,Суурь,График дизайн,Суурь,Суурь,Анхан,Анхан,Боловсрол,Шинэ чадвар сурах,Видео,7 хоногт 3-4 удаа,Messenger,Заах чадвар: Физик (Суурь). Сурах чадвар: График дизайн (Зорилтот түвшин: Суурь). Сонирхол: Боловсрол. Зорилго: Шинэ чадвар сурах. Сурах арга: Видео. Боломж: 7 хоногт 3-4 удаа. Хүсэж буй хамтрагчийн түвшин: Анхан.
SS0017,17,Манлайлал,Физик,Суурь,Илтгэх урлаг,Ахисан,Суурь,Суурь,Ахисан,Математик,Одоогийн чадвараа сайжруулах,Хамтрагчтай,Амралтын өдөр,Facebook,"Заах чадвар: Манлайлал (Суурь), Хоёрдогч чадвар: Физик. Сурах чадвар: Илтгэх урлаг (Зорилтот түвшин: Ахисан). Сонирхол: Математик. Зорилго: Одоогийн чадвараа сайжруулах. Сурах арга: Хамтрагчтай. Боломж: Амралтын өдөр. Хүсэж буй хамтрагчийн түвшин: Ахисан."
SS0018,16,Сошиал медиа,Видео эвлүүлэг,Дунд,Figma,Ахисан,Дунд,Суурь,Дунд,Технологи,Тэмцээнд бэлдэх,Видео,Өдөр бүр,Telegram,"Заах чадвар: Сошиал медиа (Дунд), Хоёрдогч чадвар: Видео эвлүүлэг. Сурах чадвар: Figma (Зорилтот түвшин: Ахисан). Сонирхол: Технологи. Зорилго: Тэмцээнд бэлдэх. Сурах арга: Видео. Боломж: Өдөр бүр. Хүсэж буй хамтрагчийн түвшин: Дунд."
SS0019,16,Сошиал медиа,Математик,Анхан,Багаар ажиллах,Дунд,Анхан,Суурь,Анхан,Дизайн,Тэмцээнд бэлдэх,Уншиж сурах,Өдөр бүр,Zoom,"Заах чадвар: Сошиал медиа (Анхан), Хоёрдогч чадвар: Математик. Сурах чадвар: Багаар ажиллах (Зорилтот түвшин: Дунд). Сонирхол: Дизайн. Зорилго: Тэмцээнд бэлдэх. Сурах арга: Уншиж сурах. Боломж: Өдөр бүр. Хүсэж буй хамтрагчийн түвшин: Анхан."
SS0020,14,Вэб хөгжүүлэлт,Байхгүй,Дунд,Гитар,Дунд,Суурь,Ахисан,Суурь,Дизайн,Шинэ чадвар сурах,Уншиж сурах,Амралтын өдөр,Google Meet,Заах чадвар: Вэб хөгжүүлэлт (Суурь). Сурах чадвар: Гитар (Зорилтот түвшин: Дунд). Сонирхол: Дизайн. Зорилго: Шинэ чадвар сурах. Сурах арга: Уншиж сурах. Боломж: Амралтын өдөр. Хүсэж буй хамтрагчийн түвшин: Суурь.
SS0021,15,Canva,Байхгүй,Суурь,Python,Ахисан,Суурь,Суурь,Суурь,Боловсрол,Одоогийн чадвараа сайжруулах,Хамтрагчтай,Амралтын өдөр,Discord,Заах чадвар: Canva (Суурь). Сурах чадвар: Python (Зорилтот түвшин: Ахисан). Сонирхол: Боловсрол. Зорилго: Одоогийн чадвараа сайжруулах. Сурах арга: Хамтрагчтай. Боломж: Амралтын өдөр. Хүсэж буй хамтрагчийн түвшин: Суурь.
SS0022,18,Япон хэл,Байхгүй,Суурь,Математик,Суурь,Суурь,Дунд,Суурь,Технологи,Ирээдүйн мэргэжилдээ ашиглах,Хамтрагчтай,Амралтын өдөр,Instagram,Заах чадвар: Япон хэл (Суурь). Сурах чадвар: Математик (Зорилтот түвшин: Суурь). Сонирхол: Технологи. Зорилго: Ирээдүйн мэргэжилдээ ашиглах. Сурах арга: Хамтрагчтай. Боломж: Амралтын өдөр. Хүсэж буй хамтрагчийн түвшин: Суурь.
SS0023,14,Вэб хөгжүүлэлт,Математик,Анхан,UI/UX дизайн,Суурь,Анхан,Дунд,Анхан,Математик,Ирээдүйн мэргэжилдээ ашиглах,Уншиж сурах,Өдөр бүр,Messenger,"Заах чадвар: Вэб хөгжүүлэлт (Анхан), Хоёрдогч чадвар: Математик. Сурах чадвар: UI/UX дизайн (Зорилтот түвшин: Суурь). Сонирхол: Математик. Зорилго: Ирээдүйн мэргэжилдээ ашиглах. Сурах арга: Уншиж сурах. Боломж: Өдөр бүр. Хүсэж буй хамтрагчийн түвшин: Анхан."
SS0024,18,Figma,Байхгүй,Суурь,Төгөлдөр хуур,Дунд,Суурь,Анхан,Дунд,Шинжлэх ухаан,Одоогийн чадвараа сайжруулах,Практик хийж сурах,Амралтын өдөр,Facebook,Заах чадвар: Figma (Суурь). Сурах чадвар: Төгөлдөр хуур (Зорилтот түвшин: Дунд). Сонирхол: Шинжлэх ухаан. Зорилго: Одоогийн чадвараа сайжруулах. Сурах арга: Практик хийж сурах. Боломж: Амралтын өдөр. Хүсэж буй хамтрагчийн түвшин: Дунд.
SS0025,17,Excel,Байхгүй,Ахисан,Илтгэх урлаг,Суурь,Ахисан,Ахисан,Дунд,Урлаг,Ирээдүйн мэргэжилдээ ашиглах,Хамтрагчтай,7 хоногт 3-4 удаа,Telegram,Заах чадвар: Excel (Ахисан). Сурах чадвар: Илтгэх урлаг (Зорилтот түвшин: Суурь). Сонирхол: Урлаг. Зорилго: Ирээдүйн мэргэжилдээ ашиглах. Сурах арга: Хамтрагчтай. Боломж: 7 хоногт 3-4 удаа. Хүсэж буй хамтрагчийн түвшин: Дунд.
SS0026,14,Зураг авах,Байхгүй,Дунд,Canva,Ахисан,Дунд,Ахисан,Дунд,Боловсрол,Хичээлдээ ашиглах,Практик хийж сурах,Өдөр бүр,Zoom,Заах чадвар: Зураг авах (Дунд). Сурах чадвар: Canva (Зорилтот түвшин: Ахисан). Сонирхол: Боловсрол. Зорилго: Хичээлдээ ашиглах. Сурах арга: Практик хийж сурах. Боломж: Өдөр бүр. Хүсэж буй хамтрагчийн түвшин: Дунд.
SS0027,15,Судалгаа,Зураг авах,Суурь,Гитар,Ахисан,Суурь,Ахисан,Дунд,Шинжлэх ухаан,Хичээлдээ ашиглах,Практик хийж сурах,7 хоногт 3-4 удаа,Google Meet,"Заах чадвар: Судалгаа (Суурь), Хоёрдогч чадвар: Зураг авах. Сурах чадвар: Гитар (Зорилтот түвшин: Ахисан). Сонирхол: Шинжлэх ухаан. Зорилго: Хичээлдээ ашиглах. Сурах арга: Практик хийж сурах. Боломж: 7 хоногт 3-4 удаа. Хүсэж буй хамтрагчийн түвшин: Дунд."
SS0028,18,JavaScript,Байхгүй,Ахисан,C++,Дунд,Ахисан,Дунд,Суурь,Технологи,Хоббигоо хөгжүүлэх,Видео,7 хоногт 1-2 удаа,Discord,Заах чадвар: JavaScript (Ахисан). Сурах чадвар: C++ (Зорилтот түвшин: Дунд). Сонирхол: Технологи. Зорилго: Хоббигоо хөгжүүлэх. Сурах арга: Видео. Боломж: 7 хоногт 1-2 удаа. Хүсэж буй хамтрагчийн түвшин: Суурь.
SS0029,13,Хөгжим,C++,Суурь,Солонгос хэл,Суурь,Суурь,Суурь,Дунд,Боловсрол,Хоббигоо хөгжүүлэх,Уншиж сурах,Өдөр бүр,Instagram,"Заах чадвар: Хөгжим (Суурь), Хоёрдогч чадвар: C++. Сурах чадвар: Солонгос хэл (Зорилтот түвшин: Суурь). Сонирхол: Боловсрол. Зорилго: Хоббигоо хөгжүүлэх. Сурах арга: Уншиж сурах. Боломж: Өдөр бүр. Хүсэж буй хамтрагчийн түвшин: Дунд."
SS0030,13,3D моделчлол,Зураг авах,Анхан,UI/UX дизайн,Суурь,Анхан,Анхан,Ахисан,Програмчлал,Төсөл хийх,Уншиж сурах,Өдөр бүр,Messenger,"Заах чадвар: 3D моделчлол (Анхан), Хоёрдогч чадвар: Зураг авах. Сурах чадвар: UI/UX дизайн (Зорилтот түвшин: Суурь). Сонирхол: Програмчлал. Зорилго: Төсөл хийх. Сурах арга: Уншиж сурах. Боломж: Өдөр бүр. Хүсэж буй хамтрагчийн түвшин: Ахисан."
SS0031,16,Зурах,Физик,Дунд,Шатар,Суурь,Суурь,Дунд,Суурь,Боловсрол,Хоббигоо хөгжүүлэх,Практик хийж сурах,Амралтын өдөр,Facebook,"Заах чадвар: Зурах (Суурь), Хоёрдогч чадвар: Физик. Сурах чадвар: Шатар (Зорилтот түвшин: Суурь). Сонирхол: Боловсрол. Зорилго: Хоббигоо хөгжүүлэх. Сурах арга: Практик хийж сурах. Боломж: Амралтын өдөр. Хүсэж буй хамтрагчийн түвшин: Суурь."
SS0032,14,Солонгос хэл,Байхгүй,Анхан,Англи хэл,Дунд,Анхан,Дунд,Анхан,Бизнес,Одоогийн чадвараа сайжруулах,Практик хийж сурах,7 хоногт 3-4 удаа,Telegram,Заах чадвар: Солонгос хэл (Анхан). Сурах чадвар: Англи хэл (Зорилтот түвшин: Дунд). Сонирхол: Бизнес. Зорилго: Одоогийн чадвараа сайжруулах. Сурах арга: Практик хийж сурах. Боломж: 7 хоногт 3-4 удаа. Хүсэж буй хамтрагчийн түвшин: Анхан.
SS0033,15,Гитар,Байхгүй,Суурь,Математик,Ахисан,Суурь,Суурь,Анхан,Хөгжим,Шинэ чадвар сурах,Багштай,7 хоногт 1-2 удаа,Zoom,Заах чадвар: Гитар (Суурь). Сурах чадвар: Математик (Зорилтот түвшин: Ахисан). Сонирхол: Хөгжим. Зорилго: Шинэ чадвар сурах. Сурах арга: Багштай. Боломж: 7 хоногт 1-2 удаа. Хүсэж буй хамтрагчийн түвшин: Анхан.
SS0034,15,Багаар ажиллах,Япон хэл,Анхан,Солонгос хэл,Дунд,Анхан,Суурь,Суурь,Контент,Тэмцээнд бэлдэх,Хамтрагчтай,Өдөр бүр,Google Meet,"Заах чадвар: Багаар ажиллах (Анхан), Хоёрдогч чадвар: Япон хэл. Сурах чадвар: Солонгос хэл (Зорилтот түвшин: Дунд). Сонирхол: Контент. Зорилго: Тэмцээнд бэлдэх. Сурах арга: Хамтрагчтай. Боломж: Өдөр бүр. Хүсэж буй хамтрагчийн түвшин: Суурь."
SS0035,15,Солонгос хэл,Байхгүй,Анхан,Вэб хөгжүүлэлт,Суурь,Суурь,Дунд,Анхан,Програмчлал,Хичээлдээ ашиглах,Практик хийж сурах,7 хоногт 1-2 удаа,Discord,Заах чадвар: Солонгос хэл (Суурь). Сурах чадвар: Вэб хөгжүүлэлт (Зорилтот түвшин: Суурь). Сонирхол: Програмчлал. Зорилго: Хичээлдээ ашиглах. Сурах арга: Практик хийж сурах. Боломж: 7 хоногт 1-2 удаа. Хүсэж буй хамтрагчийн түвшин: Анхан.
SS0036,16,Спорт,Байхгүй,Суурь,Судалгаа,Дунд,Суурь,Анхан,Ахисан,Хөгжим,Тэмцээнд бэлдэх,Уншиж сурах,7 хоногт 3-4 удаа,Instagram,Заах чадвар: Спорт (Суурь). Сурах чадвар: Судалгаа (Зорилтот түвшин: Дунд). Сонирхол: Хөгжим. Зорилго: Тэмцээнд бэлдэх. Сурах арга: Уншиж сурах. Боломж: 7 хоногт 3-4 удаа. Хүсэж буй хамтрагчийн түвшин: Ахисан.
SS0037,17,Гитар,Байхгүй,Дунд,Шатар,Дунд,Дунд,Дунд,Дунд,Спорт,Хоббигоо хөгжүүлэх,Уншиж сурах,Амралтын өдөр,Messenger,Заах чадвар: Гитар (Дунд). Сурах чадвар: Шатар (Зорилтот түвшин: Дунд). Сонирхол: Спорт. Зорилго: Хоббигоо хөгжүүлэх. Сурах арга: Уншиж сурах. Боломж: Амралтын өдөр. Хүсэж буй хамтрагчийн түвшин: Дунд.
SS0038,18,Excel,Байхгүй,Анхан,C++,Ахисан,Анхан,Дунд,Суурь,Урлаг,Шинэ чадвар сурах,Практик хийж сурах,7 хоногт 1-2 удаа,Facebook,Заах чадвар: Excel (Анхан). Сурах чадвар: C++ (Зорилтот түвшин: Ахисан). Сонирхол: Урлаг. Зорилго: Шинэ чадвар сурах. Сурах арга: Практик хийж сурах. Боломж: 7 хоногт 1-2 удаа. Хүсэж буй хамтрагчийн түвшин: Суурь.
SS0039,14,Гитар,Байхгүй,Анхан,Япон хэл,Ахисан,Анхан,Анхан,Суурь,Бүтээлч ажил,Тэмцээнд бэлдэх,Видео,Амралтын өдөр,Telegram,Заах чадвар: Гитар (Анхан). Сурах чадвар: Япон хэл (Зорилтот түвшин: Ахисан). Сонирхол: Бүтээлч ажил. Зорилго: Тэмцээнд бэлдэх. Сурах арга: Видео. Боломж: Амралтын өдөр. Хүсэж буй хамтрагчийн түвшин: Суурь.
SS0040,18,Төгөлдөр хуур,Байхгүй,Суурь,Спорт,Суурь,Суурь,Анхан,Ахисан,Медиа,Одоогийн чадвараа сайжруулах,Багштай,7 хоногт 3-4 удаа,Zoom,Заах чадвар: Төгөлдөр хуур (Суурь). Сурах чадвар: Спорт (Зорилтот түвшин: Суурь). Сонирхол: Медиа. Зорилго: Одоогийн чадвараа сайжруулах. Сурах арга: Багштай. Боломж: 7 хоногт 3-4 удаа. Хүсэж буй хамтрагчийн түвшин: Ахисан.
SS0041,16,Вэб хөгжүүлэлт,Байхгүй,Дунд,3D моделчлол,Ахисан,Дунд,Ахисан,Ахисан,Хөгжим,Хоббигоо хөгжүүлэх,Хамтрагчтай,7 хоногт 1-2 удаа,Google Meet,Заах чадвар: Вэб хөгжүүлэлт (Дунд). Сурах чадвар: 3D моделчлол (Зорилтот түвшин: Ахисан). Сонирхол: Хөгжим. Зорилго: Хоббигоо хөгжүүлэх. Сурах арга: Хамтрагчтай. Боломж: 7 хоногт 1-2 удаа. Хүсэж буй хамтрагчийн түвшин: Ахисан.
SS0042,14,Зурах,Байхгүй,Суурь,Манлайлал,Дунд,Суурь,Дунд,Дунд,Дизайн,Хоббигоо хөгжүүлэх,Практик хийж сурах,7 хоногт 3-4 удаа,Discord,Заах чадвар: Зурах (Суурь). Сурах чадвар: Манлайлал (Зорилтот түвшин: Дунд). Сонирхол: Дизайн. Зорилго: Хоббигоо хөгжүүлэх. Сурах арга: Практик хийж сурах. Боломж: 7 хоногт 3-4 удаа. Хүсэж буй хамтрагчийн түвшин: Дунд.
SS0043,13,Шатар,Байхгүй,Дунд,Сошиал медиа,Дунд,Дунд,Дунд,Анхан,Шинжлэх ухаан,Төсөл хийх,Практик хийж сурах,7 хоногт 1-2 удаа,Instagram,Заах чадвар: Шатар (Дунд). Сурах чадвар: Сошиал медиа (Зорилтот түвшин: Дунд). Сонирхол: Шинжлэх ухаан. Зорилго: Төсөл хийх. Сурах арга: Практик хийж сурах. Боломж: 7 хоногт 1-2 удаа. Хүсэж буй хамтрагчийн түвшин: Анхан.
SS0044,16,Зураг авах,Байхгүй,Дунд,Англи хэл,Дунд,Анхан,Ахисан,Суурь,Хөгжим,Шинэ чадвар сурах,Багштай,Амралтын өдөр,Messenger,Заах чадвар: Зураг авах (Анхан). Сурах чадвар: Англи хэл (Зорилтот түвшин: Дунд). Сонирхол: Хөгжим. Зорилго: Шинэ чадвар сурах. Сурах арга: Багштай. Боломж: Амралтын өдөр. Хүсэж буй хамтрагчийн түвшин: Суурь.
SS0045,17,Контент бүтээлт,Байхгүй,Дунд,Figma,Дунд,Анхан,Суурь,Ахисан,Технологи,Хоббигоо хөгжүүлэх,Практик хийж сурах,7 хоногт 1-2 удаа,Facebook,Заах чадвар: Контент бүтээлт (Анхан). Сурах чадвар: Figma (Зорилтот түвшин: Дунд). Сонирхол: Технологи. Зорилго: Хоббигоо хөгжүүлэх. Сурах арга: Практик хийж сурах. Боломж: 7 хоногт 1-2 удаа. Хүсэж буй хамтрагчийн түвшин: Ахисан.
SS0046,16,Манлайлал,Байхгүй,Суурь,Судалгаа,Дунд,Суурь,Дунд,Дунд,Контент,Тэмцээнд бэлдэх,Багштай,Өдөр бүр,Telegram,Заах чадвар: Манлайлал (Суурь). Сурах чадвар: Судалгаа (Зорилтот түвшин: Дунд). Сонирхол: Контент. Зорилго: Тэмцээнд бэлдэх. Сурах арга: Багштай. Боломж: Өдөр бүр. Хүсэж буй хамтрагчийн түвшин: Дунд.
SS0047,17,Гитар,Байхгүй,Дунд,Төгөлдөр хуур,Суурь,Суурь,Ахисан,Ахисан,Контент,Шинэ чадвар сурах,Хамтрагчтай,Өдөр бүр,Zoom,Заах чадвар: Гитар (Суурь). Сурах чадвар: Төгөлдөр хуур (Зорилтот түвшин: Суурь). Сонирхол: Контент. Зорилго: Шинэ чадвар сурах. Сурах арга: Хамтрагчтай. Боломж: Өдөр бүр. Хүсэж буй хамтрагчийн түвшин: Ахисан.
SS0048,14,Зураг авах,Байхгүй,Анхан,Багаар ажиллах,Дунд,Анхан,Анхан,Ахисан,Бизнес,Хоббигоо хөгжүүлэх,Багштай,7 хоногт 1-2 удаа,Google Meet,Заах чадвар: Зураг авах (Анхан). Сурах чадвар: Багаар ажиллах (Зорилтот түвшин: Дунд). Сонирхол: Бизнес. Зорилго: Хоббигоо хөгжүүлэх. Сурах арга: Багштай. Боломж: 7 хоногт 1-2 удаа. Хүсэж буй хамтрагчийн түвшин: Ахисан.
SS0049,15,Солонгос хэл,Python,Дунд,Манлайлал,Ахисан,Дунд,Дунд,Суурь,Урлаг,Одоогийн чадвараа сайжруулах,Видео,Өдөр бүр,Discord,"Заах чадвар: Солонгос хэл (Дунд), Хоёрдогч чадвар: Python. Сурах чадвар: Манлайлал (Зорилтот түвшин: Ахисан). Сонирхол: Урлаг. Зорилго: Одоогийн чадвараа сайжруулах. Сурах арга: Видео. Боломж: Өдөр бүр. Хүсэж буй хамтрагчийн түвшин: Суурь."
SS0050,13,Контент бүтээлт,Байхгүй,Анхан,Python,Суурь,Анхан,Дунд,Анхан,Дизайн,Одоогийн чадвараа сайжруулах,Практик хийж сурах,7 хоногт 1-2 удаа,Instagram,Заах чадвар: Контент бүтээлт (Анхан). Сурах чадвар: Python (Зорилтот түвшин: Суурь). Сонирхол: Дизайн. Зорилго: Одоогийн чадвараа сайжруулах. Сурах арга: Практик хийж сурах. Боломж: 7 хоногт 1-2 удаа. Хүсэж буй хамтрагчийн түвшин: Анхан.
SS0051,15,Шатар,Япон хэл,Анхан,Манлайлал,Ахисан,Анхан,Анхан,Суурь,Контент,Шинэ чадвар сурах,Багштай,7 хоногт 3-4 удаа,Messenger,"Заах чадвар: Шатар (Анхан), Хоёрдогч чадвар: Япон хэл. Сурах чадвар: Манлайлал (Зорилтот түвшин: Ахисан). Сонирхол: Контент. Зорилго: Шинэ чадвар сурах. Сурах арга: Багштай. Боломж: 7 хоногт 3-4 удаа. Хүсэж буй хамтрагчийн түвшин: Суурь."
SS0052,13,Видео эвлүүлэг,Байхгүй,Дунд,Спорт,Суурь,Дунд,Дунд,Дунд,Бизнес,Хичээлдээ ашиглах,Хамтрагчтай,Амралтын өдөр,Facebook,Заах чадвар: Видео эвлүүлэг (Дунд). Сурах чадвар: Спорт (Зорилтот түвшин: Суурь). Сонирхол: Бизнес. Зорилго: Хичээлдээ ашиглах. Сурах арга: Хамтрагчтай. Боломж: Амралтын өдөр. Хүсэж буй хамтрагчийн түвшин: Дунд.
SS0053,16,График дизайн,Байхгүй,Анхан,UI/UX дизайн,Дунд,Анхан,Дунд,Суурь,Бизнес,Тэмцээнд бэлдэх,Багштай,7 хоногт 3-4 удаа,Telegram,Заах чадвар: График дизайн (Анхан). Сурах чадвар: UI/UX дизайн (Зорилтот түвшин: Дунд). Сонирхол: Бизнес. Зорилго: Тэмцээнд бэлдэх. Сурах арга: Багштай. Боломж: 7 хоногт 3-4 удаа. Хүсэж буй хамтрагчийн түвшин: Суурь.
SS0054,16,Спорт,Байхгүй,Суурь,JavaScript,Ахисан,Суурь,Дунд,Суурь,Математик,Хоббигоо хөгжүүлэх,Практик хийж сурах,7 хоногт 1-2 удаа,Zoom,Заах чадвар: Спорт (Суурь). Сурах чадвар: JavaScript (Зорилтот түвшин: Ахисан). Сонирхол: Математик. Зорилго: Хоббигоо хөгжүүлэх. Сурах арга: Практик хийж сурах. Боломж: 7 хоногт 1-2 удаа. Хүсэж буй хамтрагчийн түвшин: Суурь.
SS0055,15,Контент бүтээлт,Байхгүй,Суурь,График дизайн,Дунд,Суурь,Ахисан,Суурь,Бүтээлч ажил,Тэмцээнд бэлдэх,Практик хийж сурах,7 хоногт 3-4 удаа,Google Meet,Заах чадвар: Контент бүтээлт (Суурь). Сурах чадвар: График дизайн (Зорилтот түвшин: Дунд). Сонирхол: Бүтээлч ажил. Зорилго: Тэмцээнд бэлдэх. Сурах арга: Практик хийж сурах. Боломж: 7 хоногт 3-4 удаа. Хүсэж буй хамтрагчийн түвшин: Суурь.
SS0056,15,Бичих чадвар,Байхгүй,Суурь,Контент бүтээлт,Суурь,Суурь,Анхан,Ахисан,Хөгжим,Одоогийн чадвараа сайжруулах,Уншиж сурах,Өдөр бүр,Discord,Заах чадвар: Бичих чадвар (Суурь). Сурах чадвар: Контент бүтээлт (Зорилтот түвшин: Суурь). Сонирхол: Хөгжим. Зорилго: Одоогийн чадвараа сайжруулах. Сурах арга: Уншиж сурах. Боломж: Өдөр бүр. Хүсэж буй хамтрагчийн түвшин: Ахисан.
SS0057,16,C++,Байхгүй,Дунд,3D моделчлол,Суурь,Дунд,Суурь,Суурь,Урлаг,Тэмцээнд бэлдэх,Практик хийж сурах,7 хоногт 3-4 удаа,Instagram,Заах чадвар: C++ (Дунд). Сурах чадвар: 3D моделчлол (Зорилтот түвшин: Суурь). Сонирхол: Урлаг. Зорилго: Тэмцээнд бэлдэх. Сурах арга: Практик хийж сурах. Боломж: 7 хоногт 3-4 удаа. Хүсэж буй хамтрагчийн түвшин: Суурь.
SS0058,16,Япон хэл,Байхгүй,Суурь,Төгөлдөр хуур,Ахисан,Суурь,Дунд,Дунд,Бизнес,Төсөл хийх,Практик хийж сурах,Амралтын өдөр,Messenger,Заах чадвар: Япон хэл (Суурь). Сурах чадвар: Төгөлдөр хуур (Зорилтот түвшин: Ахисан). Сонирхол: Бизнес. Зорилго: Төсөл хийх. Сурах арга: Практик хийж сурах. Боломж: Амралтын өдөр. Хүсэж буй хамтрагчийн түвшин: Дунд.
SS0059,14,Солонгос хэл,Математик,Суурь,Физик,Ахисан,Суурь,Ахисан,Суурь,Дизайн,Шинэ чадвар сурах,Практик хийж сурах,7 хоногт 1-2 удаа,Facebook,"Заах чадвар: Солонгос хэл (Суурь), Хоёрдогч чадвар: Математик. Сурах чадвар: Физик (Зорилтот түвшин: Ахисан). Сонирхол: Дизайн. Зорилго: Шинэ чадвар сурах. Сурах арга: Практик хийж сурах. Боломж: 7 хоногт 1-2 удаа. Хүсэж буй хамтрагчийн түвшин: Суурь."
SS0060,15,Япон хэл,Байхгүй,Суурь,Физик,Суурь,Суурь,Анхан,Ахисан,Хөгжим,Хичээлдээ ашиглах,Практик хийж сурах,7 хоногт 3-4 удаа,Telegram,Заах чадвар: Япон хэл (Суурь). Сурах чадвар: Физик (Зорилтот түвшин: Суурь). Сонирхол: Хөгжим. Зорилго: Хичээлдээ ашиглах. Сурах арга: Практик хийж сурах. Боломж: 7 хоногт 3-4 удаа. Хүсэж буй хамтрагчийн түвшин: Ахисан.
SS0061,14,Видео эвлүүлэг,Илтгэх урлаг,Суурь,Багаар ажиллах,Дунд,Суурь,Суурь,Анхан,Бүтээлч ажил,Хоббигоо хөгжүүлэх,Багштай,Өдөр бүр,Zoom,"Заах чадвар: Видео эвлүүлэг (Суурь), Хоёрдогч чадвар: Илтгэх урлаг. Сурах чадвар: Багаар ажиллах (Зорилтот түвшин: Дунд). Сонирхол: Бүтээлч ажил. Зорилго: Хоббигоо хөгжүүлэх. Сурах арга: Багштай. Боломж: Өдөр бүр. Хүсэж буй хамтрагчийн түвшин: Анхан."
SS0062,17,Canva,Төгөлдөр хуур,Дунд,JavaScript,Суурь,Дунд,Ахисан,Суурь,Шинжлэх ухаан,Ирээдүйн мэргэжилдээ ашиглах,Видео,Амралтын өдөр,Google Meet,"Заах чадвар: Canva (Дунд), Хоёрдогч чадвар: Төгөлдөр хуур. Сурах чадвар: JavaScript (Зорилтот түвшин: Суурь). Сонирхол: Шинжлэх ухаан. Зорилго: Ирээдүйн мэргэжилдээ ашиглах. Сурах арга: Видео. Боломж: Амралтын өдөр. Хүсэж буй хамтрагчийн түвшин: Суурь."
SS0063,17,Шатар,Байхгүй,Ахисан,JavaScript,Дунд,Ахисан,Ахисан,Анхан,Математик,Ирээдүйн мэргэжилдээ ашиглах,Хамтрагчтай,Өдөр бүр,Discord,Заах чадвар: Шатар (Ахисан). Сурах чадвар: JavaScript (Зорилтот түвшин: Дунд). Сонирхол: Математик. Зорилго: Ирээдүйн мэргэжилдээ ашиглах. Сурах арга: Хамтрагчтай. Боломж: Өдөр бүр. Хүсэж буй хамтрагчийн түвшин: Анхан.
SS0064,14,Шатар,Байхгүй,Суурь,Математик,Ахисан,Суурь,Анхан,Ахисан,Урлаг,Тэмцээнд бэлдэх,Уншиж сурах,Өдөр бүр,Instagram,Заах чадвар: Шатар (Суурь). Сурах чадвар: Математик (Зорилтот түвшин: Ахисан). Сонирхол: Урлаг. Зорилго: Тэмцээнд бэлдэх. Сурах арга: Уншиж сурах. Боломж: Өдөр бүр. Хүсэж буй хамтрагчийн түвшин: Ахисан.
SS0065,15,Төгөлдөр хуур,Байхгүй,Анхан,Зурах,Дунд,Анхан,Дунд,Суурь,Урлаг,Хоббигоо хөгжүүлэх,Уншиж сурах,7 хоногт 1-2 удаа,Messenger,Заах чадвар: Төгөлдөр хуур (Анхан). Сурах чадвар: Зурах (Зорилтот түвшин: Дунд). Сонирхол: Урлаг. Зорилго: Хоббигоо хөгжүүлэх. Сурах арга: Уншиж сурах. Боломж: 7 хоногт 1-2 удаа. Хүсэж буй хамтрагчийн түвшин: Суурь.
SS0066,13,Figma,Байхгүй,Дунд,Видео эвлүүлэг,Суурь,Суурь,Суурь,Анхан,Медиа,Тэмцээнд бэлдэх,Практик хийж сурах,7 хоногт 1-2 удаа,Facebook,Заах чадвар: Figma (Суурь). Сурах чадвар: Видео эвлүүлэг (Зорилтот түвшин: Суурь). Сонирхол: Медиа. Зорилго: Тэмцээнд бэлдэх. Сурах арга: Практик хийж сурах. Боломж: 7 хоногт 1-2 удаа. Хүсэж буй хамтрагчийн түвшин: Анхан.
SS0067,17,Excel,Байхгүй,Суурь,Спорт,Дунд,Суурь,Ахисан,Дунд,Урлаг,Тэмцээнд бэлдэх,Хамтрагчтай,Өдөр бүр,Telegram,Заах чадвар: Excel (Суурь). Сурах чадвар: Спорт (Зорилтот түвшин: Дунд). Сонирхол: Урлаг. Зорилго: Тэмцээнд бэлдэх. Сурах арга: Хамтрагчтай. Боломж: Өдөр бүр. Хүсэж буй хамтрагчийн түвшин: Дунд.
SS0068,18,Зурах,Физик,Ахисан,Солонгос хэл,Ахисан,Анхан,Дунд,Ахисан,Технологи,Ирээдүйн мэргэжилдээ ашиглах,Уншиж сурах,Амралтын өдөр,Zoom,"Заах чадвар: Зурах (Анхан), Хоёрдогч чадвар: Физик. Сурах чадвар: Солонгос хэл (Зорилтот түвшин: Ахисан). Сонирхол: Технологи. Зорилго: Ирээдүйн мэргэжилдээ ашиглах. Сурах арга: Уншиж сурах. Боломж: Амралтын өдөр. Хүсэж буй хамтрагчийн түвшин: Ахисан."
SS0069,16,Судалгаа,Зурах,Суурь,Солонгос хэл,Дунд,Суурь,Суурь,Суурь,Бизнес,Хоббигоо хөгжүүлэх,Практик хийж сурах,Өдөр бүр,Google Meet,"Заах чадвар: Судалгаа (Суурь), Хоёрдогч чадвар: Зурах. Сурах чадвар: Солонгос хэл (Зорилтот түвшин: Дунд). Сонирхол: Бизнес. Зорилго: Хоббигоо хөгжүүлэх. Сурах арга: Практик хийж сурах. Боломж: Өдөр бүр. Хүсэж буй хамтрагчийн түвшин: Суурь."
SS0070,16,Илтгэх урлаг,Байхгүй,Суурь,Excel,Дунд,Суурь,Дунд,Ахисан,Спорт,Хоббигоо хөгжүүлэх,Практик хийж сурах,Өдөр бүр,Discord,Заах чадвар: Илтгэх урлаг (Суурь). Сурах чадвар: Excel (Зорилтот түвшин: Дунд). Сонирхол: Спорт. Зорилго: Хоббигоо хөгжүүлэх. Сурах арга: Практик хийж сурах. Боломж: Өдөр бүр. Хүсэж буй хамтрагчийн түвшин: Ахисан.
SS0071,16,Манлайлал,Байхгүй,Анхан,JavaScript,Суурь,Анхан,Дунд,Ахисан,Хөгжим,Хичээлдээ ашиглах,Практик хийж сурах,Амралтын өдөр,Instagram,Заах чадвар: Манлайлал (Анхан). Сурах чадвар: JavaScript (Зорилтот түвшин: Суурь). Сонирхол: Хөгжим. Зорилго: Хичээлдээ ашиглах. Сурах арга: Практик хийж сурах. Боломж: Амралтын өдөр. Хүсэж буй хамтрагчийн түвшин: Ахисан.
SS0072,18,Шатар,Байхгүй,Суурь,Вэб хөгжүүлэлт,Суурь,Суурь,Анхан,Суурь,Технологи,Хичээлдээ ашиглах,Хамтрагчтай,7 хоногт 3-4 удаа,Messenger,Заах чадвар: Шатар (Суурь). Сурах чадвар: Вэб хөгжүүлэлт (Зорилтот түвшин: Суурь). Сонирхол: Технологи. Зорилго: Хичээлдээ ашиглах. Сурах арга: Хамтрагчтай. Боломж: 7 хоногт 3-4 удаа. Хүсэж буй хамтрагчийн түвшин: Суурь.
SS0073,16,Япон хэл,Excel,Анхан,3D моделчлол,Ахисан,Анхан,Суурь,Дунд,Бүтээлч ажил,Хичээлдээ ашиглах,Уншиж сурах,Амралтын өдөр,Facebook,"Заах чадвар: Япон хэл (Анхан), Хоёрдогч чадвар: Excel. Сурах чадвар: 3D моделчлол (Зорилтот түвшин: Ахисан). Сонирхол: Бүтээлч ажил. Зорилго: Хичээлдээ ашиглах. Сурах арга: Уншиж сурах. Боломж: Амралтын өдөр. Хүсэж буй хамтрагчийн түвшин: Дунд."
SS0074,16,JavaScript,Байхгүй,Дунд,Спорт,Суурь,Суурь,Ахисан,Анхан,Контент,Хоббигоо хөгжүүлэх,Уншиж сурах,7 хоногт 3-4 удаа,Telegram,Заах чадвар: JavaScript (Суурь). Сурах чадвар: Спорт (Зорилтот түвшин: Суурь). Сонирхол: Контент. Зорилго: Хоббигоо хөгжүүлэх. Сурах арга: Уншиж сурах. Боломж: 7 хоногт 3-4 удаа. Хүсэж буй хамтрагчийн түвшин: Анхан.
SS0075,13,Солонгос хэл,Байхгүй,Суурь,Сошиал медиа,Ахисан,Суурь,Ахисан,Суурь,Спорт,Хоббигоо хөгжүүлэх,Хамтрагчтай,Амралтын өдөр,Zoom,Заах чадвар: Солонгос хэл (Суурь). Сурах чадвар: Сошиал медиа (Зорилтот түвшин: Ахисан). Сонирхол: Спорт. Зорилго: Хоббигоо хөгжүүлэх. Сурах арга: Хамтрагчтай. Боломж: Амралтын өдөр. Хүсэж буй хамтрагчийн түвшин: Суурь.
SS0076,16,Excel,Байхгүй,Суурь,3D моделчлол,Суурь,Суурь,Анхан,Ахисан,Боловсрол,Одоогийн чадвараа сайжруулах,Уншиж сурах,Амралтын өдөр,Google Meet,Заах чадвар: Excel (Суурь). Сурах чадвар: 3D моделчлол (Зорилтот түвшин: Суурь). Сонирхол: Боловсрол. Зорилго: Одоогийн чадвараа сайжруулах. Сурах арга: Уншиж сурах. Боломж: Амралтын өдөр. Хүсэж буй хамтрагчийн түвшин: Ахисан.
SS0077,18,Вэб хөгжүүлэлт,Байхгүй,Дунд,Бичих чадвар,Суурь,Дунд,Ахисан,Дунд,Дизайн,Ирээдүйн мэргэжилдээ ашиглах,Видео,7 хоногт 3-4 удаа,Discord,Заах чадвар: Вэб хөгжүүлэлт (Дунд). Сурах чадвар: Бичих чадвар (Зорилтот түвшин: Суурь). Сонирхол: Дизайн. Зорилго: Ирээдүйн мэргэжилдээ ашиглах. Сурах арга: Видео. Боломж: 7 хоногт 3-4 удаа. Хүсэж буй хамтрагчийн түвшин: Дунд.
SS0078,16,Манлайлал,Байхгүй,Суурь,Видео эвлүүлэг,Ахисан,Суурь,Дунд,Ахисан,Хэл,Шинэ чадвар сурах,Багштай,7 хоногт 3-4 удаа,Instagram,Заах чадвар: Манлайлал (Суурь). Сурах чадвар: Видео эвлүүлэг (Зорилтот түвшин: Ахисан). Сонирхол: Хэл. Зорилго: Шинэ чадвар сурах. Сурах арга: Багштай. Боломж: 7 хоногт 3-4 удаа. Хүсэж буй хамтрагчийн түвшин: Ахисан.
SS0079,15,Сошиал медиа,Байхгүй,Дунд,Солонгос хэл,Ахисан,Дунд,Дунд,Анхан,Контент,Хоббигоо хөгжүүлэх,Практик хийж сурах,Амралтын өдөр,Messenger,Заах чадвар: Сошиал медиа (Дунд). Сурах чадвар: Солонгос хэл (Зорилтот түвшин: Ахисан). Сонирхол: Контент. Зорилго: Хоббигоо хөгжүүлэх. Сурах арга: Практик хийж сурах. Боломж: Амралтын өдөр. Хүсэж буй хамтрагчийн түвшин: Анхан.
SS0080,14,Зурах,Байхгүй,Дунд,График дизайн,Суурь,Дунд,Ахисан,Суурь,Контент,Тэмцээнд бэлдэх,Видео,Өдөр бүр,Facebook,Заах чадвар: Зурах (Дунд). Сурах чадвар: График дизайн (Зорилтот түвшин: Суурь). Сонирхол: Контент. Зорилго: Тэмцээнд бэлдэх. Сурах арга: Видео. Боломж: Өдөр бүр. Хүсэж буй хамтрагчийн түвшин: Суурь.
SS0081,15,Төгөлдөр хуур,Байхгүй,Анхан,Япон хэл,Дунд,Анхан,Анхан,Суурь,Хэл,Ирээдүйн мэргэжилдээ ашиглах,Уншиж сурах,Амралтын өдөр,Telegram,Заах чадвар: Төгөлдөр хуур (Анхан). Сурах чадвар: Япон хэл (Зорилтот түвшин: Дунд). Сонирхол: Хэл. Зорилго: Ирээдүйн мэргэжилдээ ашиглах. Сурах арга: Уншиж сурах. Боломж: Амралтын өдөр. Хүсэж буй хамтрагчийн түвшин: Суурь.
SS0082,17,Англи хэл,Судалгаа,Суурь,Математик,Суурь,Суурь,Дунд,Анхан,Дизайн,Төсөл хийх,Практик хийж сурах,Амралтын өдөр,Zoom,"Заах чадвар: Англи хэл (Суурь), Хоёрдогч чадвар: Судалгаа. Сурах чадвар: Математик (Зорилтот түвшин: Суурь). Сонирхол: Дизайн. Зорилго: Төсөл хийх. Сурах арга: Практик хийж сурах. Боломж: Амралтын өдөр. Хүсэж буй хамтрагчийн түвшин: Анхан."
SS0083,13,Багаар ажиллах,Байхгүй,Суурь,Сошиал медиа,Дунд,Суурь,Ахисан,Дунд,Математик,Хичээлдээ ашиглах,Практик хийж сурах,Амралтын өдөр,Google Meet,Заах чадвар: Багаар ажиллах (Суурь). Сурах чадвар: Сошиал медиа (Зорилтот түвшин: Дунд). Сонирхол: Математик. Зорилго: Хичээлдээ ашиглах. Сурах арга: Практик хийж сурах. Боломж: Амралтын өдөр. Хүсэж буй хамтрагчийн түвшин: Дунд.
SS0084,14,Excel,Байхгүй,Ахисан,Багаар ажиллах,Ахисан,Анхан,Дунд,Дунд,Бизнес,Хичээлдээ ашиглах,Хамтрагчтай,7 хоногт 1-2 удаа,Discord,Заах чадвар: Excel (Анхан). Сурах чадвар: Багаар ажиллах (Зорилтот түвшин: Ахисан). Сонирхол: Бизнес. Зорилго: Хичээлдээ ашиглах. Сурах арга: Хамтрагчтай. Боломж: 7 хоногт 1-2 удаа. Хүсэж буй хамтрагчийн түвшин: Дунд.
SS0085,18,Python,Байхгүй,Суурь,Манлайлал,Суурь,Суурь,Суурь,Суурь,Математик,Хоббигоо хөгжүүлэх,Багштай,7 хоногт 1-2 удаа,Instagram,Заах чадвар: Python (Суурь). Сурах чадвар: Манлайлал (Зорилтот түвшин: Суурь). Сонирхол: Математик. Зорилго: Хоббигоо хөгжүүлэх. Сурах арга: Багштай. Боломж: 7 хоногт 1-2 удаа. Хүсэж буй хамтрагчийн түвшин: Суурь.
SS0086,18,Зурах,Байхгүй,Дунд,Контент бүтээлт,Ахисан,Дунд,Ахисан,Анхан,Програмчлал,Хичээлдээ ашиглах,Уншиж сурах,Өдөр бүр,Messenger,Заах чадвар: Зурах (Дунд). Сурах чадвар: Контент бүтээлт (Зорилтот түвшин: Ахисан). Сонирхол: Програмчлал. Зорилго: Хичээлдээ ашиглах. Сурах арга: Уншиж сурах. Боломж: Өдөр бүр. Хүсэж буй хамтрагчийн түвшин: Анхан.
SS0087,15,Япон хэл,Байхгүй,Суурь,Контент бүтээлт,Ахисан,Суурь,Ахисан,Дунд,Контент,Одоогийн чадвараа сайжруулах,Уншиж сурах,7 хоногт 3-4 удаа,Facebook,Заах чадвар: Япон хэл (Суурь). Сурах чадвар: Контент бүтээлт (Зорилтот түвшин: Ахисан). Сонирхол: Контент. Зорилго: Одоогийн чадвараа сайжруулах. Сурах арга: Уншиж сурах. Боломж: 7 хоногт 3-4 удаа. Хүсэж буй хамтрагчийн түвшин: Дунд.
SS0088,16,JavaScript,Байхгүй,Дунд,UI/UX дизайн,Ахисан,Дунд,Дунд,Анхан,Бүтээлч ажил,Тэмцээнд бэлдэх,Практик хийж сурах,Өдөр бүр,Telegram,Заах чадвар: JavaScript (Дунд). Сурах чадвар: UI/UX дизайн (Зорилтот түвшин: Ахисан). Сонирхол: Бүтээлч ажил. Зорилго: Тэмцээнд бэлдэх. Сурах арга: Практик хийж сурах. Боломж: Өдөр бүр. Хүсэж буй хамтрагчийн түвшин: Анхан.
SS0089,17,Зураг авах,Байхгүй,Дунд,Сошиал медиа,Суурь,Дунд,Ахисан,Анхан,Медиа,Төсөл хийх,Багштай,Өдөр бүр,Zoom,Заах чадвар: Зураг авах (Дунд). Сурах чадвар: Сошиал медиа (Зорилтот түвшин: Суурь). Сонирхол: Медиа. Зорилго: Төсөл хийх. Сурах арга: Багштай. Боломж: Өдөр бүр. Хүсэж буй хамтрагчийн түвшин: Анхан.
SS0090,18,Excel,Байхгүй,Дунд,Бичих чадвар,Суурь,Дунд,Суурь,Дунд,Програмчлал,Шинэ чадвар сурах,Уншиж сурах,Амралтын өдөр,Google Meet,Заах чадвар: Excel (Дунд). Сурах чадвар: Бичих чадвар (Зорилтот түвшин: Суурь). Сонирхол: Програмчлал. Зорилго: Шинэ чадвар сурах. Сурах арга: Уншиж сурах. Боломж: Амралтын өдөр. Хүсэж буй хамтрагчийн түвшин: Дунд.
SS0091,18,Судалгаа,Байхгүй,Анхан,Зурах,Суурь,Анхан,Суурь,Ахисан,Хэл,Төсөл хийх,Видео,Өдөр бүр,Discord,Заах чадвар: Судалгаа (Анхан). Сурах чадвар: Зурах (Зорилтот түвшин: Суурь). Сонирхол: Хэл. Зорилго: Төсөл хийх. Сурах арга: Видео. Боломж: Өдөр бүр. Хүсэж буй хамтрагчийн түвшин: Ахисан.
SS0092,15,Видео эвлүүлэг,Байхгүй,Суурь,Зураг авах,Ахисан,Суурь,Анхан,Суурь,Боловсрол,Ирээдүйн мэргэжилдээ ашиглах,Хамтрагчтай,Амралтын өдөр,Instagram,Заах чадвар: Видео эвлүүлэг (Суурь). Сурах чадвар: Зураг авах (Зорилтот түвшин: Ахисан). Сонирхол: Боловсрол. Зорилго: Ирээдүйн мэргэжилдээ ашиглах. Сурах арга: Хамтрагчтай. Боломж: Амралтын өдөр. Хүсэж буй хамтрагчийн түвшин: Суурь.
SS0093,15,Багаар ажиллах,Байхгүй,Дунд,Figma,Ахисан,Дунд,Суурь,Суурь,Бизнес,Тэмцээнд бэлдэх,Уншиж сурах,Амралтын өдөр,Messenger,Заах чадвар: Багаар ажиллах (Дунд). Сурах чадвар: Figma (Зорилтот түвшин: Ахисан). Сонирхол: Бизнес. Зорилго: Тэмцээнд бэлдэх. Сурах арга: Уншиж сурах. Боломж: Амралтын өдөр. Хүсэж буй хамтрагчийн түвшин: Суурь.
SS0094,13,Манлайлал,Төгөлдөр хуур,Суурь,Бичих чадвар,Дунд,Суурь,Дунд,Суурь,Шинжлэх ухаан,Шинэ чадвар сурах,Видео,Амралтын өдөр,Facebook,"Заах чадвар: Манлайлал (Суурь), Хоёрдогч чадвар: Төгөлдөр хуур. Сурах чадвар: Бичих чадвар (Зорилтот түвшин: Дунд). Сонирхол: Шинжлэх ухаан. Зорилго: Шинэ чадвар сурах. Сурах арга: Видео. Боломж: Амралтын өдөр. Хүсэж буй хамтрагчийн түвшин: Суурь."
SS0095,14,Хөгжим,Байхгүй,Анхан,Гитар,Суурь,Суурь,Дунд,Суурь,Урлаг,Ирээдүйн мэргэжилдээ ашиглах,Хамтрагчтай,7 хоногт 3-4 удаа,Telegram,Заах чадвар: Хөгжим (Суурь). Сурах чадвар: Гитар (Зорилтот түвшин: Суурь). Сонирхол: Урлаг. Зорилго: Ирээдүйн мэргэжилдээ ашиглах. Сурах арга: Хамтрагчтай. Боломж: 7 хоногт 3-4 удаа. Хүсэж буй хамтрагчийн түвшин: Суурь.
SS0096,15,Контент бүтээлт,Байхгүй,Дунд,Багаар ажиллах,Суурь,Анхан,Суурь,Анхан,Хөгжим,Шинэ чадвар сурах,Практик хийж сурах,7 хоногт 3-4 удаа,Zoom,Заах чадвар: Контент бүтээлт (Анхан). Сурах чадвар: Багаар ажиллах (Зорилтот түвшин: Суурь). Сонирхол: Хөгжим. Зорилго: Шинэ чадвар сурах. Сурах арга: Практик хийж сурах. Боломж: 7 хоногт 3-4 удаа. Хүсэж буй хамтрагчийн түвшин: Анхан.
SS0097,13,Зураг авах,Байхгүй,Дунд,Python,Дунд,Дунд,Дунд,Анхан,Технологи,Ирээдүйн мэргэжилдээ ашиглах,Уншиж сурах,Амралтын өдөр,Google Meet,Заах чадвар: Зураг авах (Дунд). Сурах чадвар: Python (Зорилтот түвшин: Дунд). Сонирхол: Технологи. Зорилго: Ирээдүйн мэргэжилдээ ашиглах. Сурах арга: Уншиж сурах. Боломж: Амралтын өдөр. Хүсэж буй хамтрагчийн түвшин: Анхан.
SS0098,13,Спорт,Байхгүй,Дунд,График дизайн,Ахисан,Дунд,Ахисан,Дунд,Шинжлэх ухаан,Хичээлдээ ашиглах,Хамтрагчтай,Өдөр бүр,Discord,Заах чадвар: Спорт (Дунд). Сурах чадвар: График дизайн (Зорилтот түвшин: Ахисан). Сонирхол: Шинжлэх ухаан. Зорилго: Хичээлдээ ашиглах. Сурах арга: Хамтрагчтай. Боломж: Өдөр бүр. Хүсэж буй хамтрагчийн түвшин: Дунд.
SS0099,16,Excel,Байхгүй,Анхан,Гитар,Ахисан,Анхан,Анхан,Анхан,Урлаг,Шинэ чадвар сурах,Багштай,Амралтын өдөр,Instagram,Заах чадвар: Excel (Анхан). Сурах чадвар: Гитар (Зорилтот түвшин: Ахисан). Сонирхол: Урлаг. Зорилго: Шинэ чадвар сурах. Сурах арга: Багштай. Боломж: Амралтын өдөр. Хүсэж буй хамтрагчийн түвшин: Анхан.
SS0100,17,Илтгэх урлаг,Зураг авах,Суурь,Хөгжим,Дунд,Суурь,Анхан,Ахисан,Контент,Тэмцээнд бэлдэх,Хамтрагчтай,7 хоногт 1-2 удаа,Messenger,"Заах чадвар: Илтгэх урлаг (Суурь), Хоёрдогч чадвар: Зураг авах. Сурах чадвар: Хөгжим (Зорилтот түвшин: Дунд). Сонирхол: Контент. Зорилго: Тэмцээнд бэлдэх. Сурах арга: Хамтрагчтай. Боломж: 7 хоногт 1-2 удаа. Хүсэж буй хамтрагчийн түвшин: Ахисан."
SS0101,16,Видео эвлүүлэг,Байхгүй,Дунд,Контент бүтээлт,Суурь,Суурь,Ахисан,Ахисан,Контент,Тэмцээнд бэлдэх,Практик хийж сурах,Амралтын өдөр,Facebook,Заах чадвар: Видео эвлүүлэг (Суурь). Сурах чадвар: Контент бүтээлт (Зорилтот түвшин: Суурь). Сонирхол: Контент. Зорилго: Тэмцээнд бэлдэх. Сурах арга: Практик хийж сурах. Боломж: Амралтын өдөр. Хүсэж буй хамтрагчийн түвшин: Ахисан.
SS0102,14,Спорт,Байхгүй,Суурь,Видео эвлүүлэг,Дунд,Суурь,Дунд,Ахисан,Урлаг,Шинэ чадвар сурах,Видео,Өдөр бүр,Telegram,Заах чадвар: Спорт (Суурь). Сурах чадвар: Видео эвлүүлэг (Зорилтот түвшин: Дунд). Сонирхол: Урлаг. Зорилго: Шинэ чадвар сурах. Сурах арга: Видео. Боломж: Өдөр бүр. Хүсэж буй хамтрагчийн түвшин: Ахисан.
SS0103,17,Видео эвлүүлэг,Байхгүй,Дунд,Шатар,Ахисан,Дунд,Дунд,Ахисан,Бизнес,Төсөл хийх,Видео,Амралтын өдөр,Zoom,Заах чадвар: Видео эвлүүлэг (Дунд). Сурах чадвар: Шатар (Зорилтот түвшин: Ахисан). Сонирхол: Бизнес. Зорилго: Төсөл хийх. Сурах арга: Видео. Боломж: Амралтын өдөр. Хүсэж буй хамтрагчийн түвшин: Ахисан.
SS0104,17,Манлайлал,Япон хэл,Дунд,Спорт,Суурь,Дунд,Ахисан,Анхан,Хэл,Хоббигоо хөгжүүлэх,Багштай,7 хоногт 3-4 удаа,Google Meet,"Заах чадвар: Манлайлал (Дунд), Хоёрдогч чадвар: Япон хэл. Сурах чадвар: Спорт (Зорилтот түвшин: Суурь). Сонирхол: Хэл. Зорилго: Хоббигоо хөгжүүлэх. Сурах арга: Багштай. Боломж: 7 хоногт 3-4 удаа. Хүсэж буй хамтрагчийн түвшин: Анхан."
SS0105,14,Бичих чадвар,Байхгүй,Анхан,Багаар ажиллах,Ахисан,Анхан,Анхан,Дунд,Медиа,Ирээдүйн мэргэжилдээ ашиглах,Хамтрагчтай,Өдөр бүр,Discord,Заах чадвар: Бичих чадвар (Анхан). Сурах чадвар: Багаар ажиллах (Зорилтот түвшин: Ахисан). Сонирхол: Медиа. Зорилго: Ирээдүйн мэргэжилдээ ашиглах. Сурах арга: Хамтрагчтай. Боломж: Өдөр бүр. Хүсэж буй хамтрагчийн түвшин: Дунд.
SS0106,13,Python,Байхгүй,Дунд,Математик,Суурь,Дунд,Дунд,Анхан,Математик,Одоогийн чадвараа сайжруулах,Багштай,Өдөр бүр,Instagram,Заах чадвар: Python (Дунд). Сурах чадвар: Математик (Зорилтот түвшин: Суурь). Сонирхол: Математик. Зорилго: Одоогийн чадвараа сайжруулах. Сурах арга: Багштай. Боломж: Өдөр бүр. Хүсэж буй хамтрагчийн түвшин: Анхан.
SS0107,14,График дизайн,Байхгүй,Суурь,Шатар,Дунд,Суурь,Ахисан,Суурь,Боловсрол,Шинэ чадвар сурах,Практик хийж сурах,Өдөр бүр,Messenger,Заах чадвар: График дизайн (Суурь). Сурах чадвар: Шатар (Зорилтот түвшин: Дунд). Сонирхол: Боловсрол. Зорилго: Шинэ чадвар сурах. Сурах арга: Практик хийж сурах. Боломж: Өдөр бүр. Хүсэж буй хамтрагчийн түвшин: Суурь.
SS0108,18,Англи хэл,Байхгүй,Дунд,Сошиал медиа,Дунд,Дунд,Суурь,Суурь,Математик,Төсөл хийх,Багштай,Амралтын өдөр,Facebook,Заах чадвар: Англи хэл (Дунд). Сурах чадвар: Сошиал медиа (Зорилтот түвшин: Дунд). Сонирхол: Математик. Зорилго: Төсөл хийх. Сурах арга: Багштай. Боломж: Амралтын өдөр. Хүсэж буй хамтрагчийн түвшин: Суурь.
SS0109,17,Шатар,Figma,Анхан,JavaScript,Дунд,Анхан,Суурь,Анхан,Технологи,Ирээдүйн мэргэжилдээ ашиглах,Уншиж сурах,Амралтын өдөр,Telegram,"Заах чадвар: Шатар (Анхан), Хоёрдогч чадвар: Figma. Сурах чадвар: JavaScript (Зорилтот түвшин: Дунд). Сонирхол: Технологи. Зорилго: Ирээдүйн мэргэжилдээ ашиглах. Сурах арга: Уншиж сурах. Боломж: Амралтын өдөр. Хүсэж буй хамтрагчийн түвшин: Анхан."
SS0110,15,Python,Байхгүй,Анхан,Физик,Дунд,Анхан,Дунд,Ахисан,Урлаг,Хичээлдээ ашиглах,Видео,Амралтын өдөр,Zoom,Заах чадвар: Python (Анхан). Сурах чадвар: Физик (Зорилтот түвшин: Дунд). Сонирхол: Урлаг. Зорилго: Хичээлдээ ашиглах. Сурах арга: Видео. Боломж: Амралтын өдөр. Хүсэж буй хамтрагчийн түвшин: Ахисан.
SS0111,18,Англи хэл,Байхгүй,Дунд,Зураг авах,Суурь,Дунд,Суурь,Ахисан,Контент,Шинэ чадвар сурах,Видео,Амралтын өдөр,Google Meet,Заах чадвар: Англи хэл (Дунд). Сурах чадвар: Зураг авах (Зорилтот түвшин: Суурь). Сонирхол: Контент. Зорилго: Шинэ чадвар сурах. Сурах арга: Видео. Боломж: Амралтын өдөр. Хүсэж буй хамтрагчийн түвшин: Ахисан.
SS0112,18,Судалгаа,Байхгүй,Суурь,График дизайн,Дунд,Суурь,Анхан,Дунд,Спорт,Шинэ чадвар сурах,Видео,Амралтын өдөр,Discord,Заах чадвар: Судалгаа (Суурь). Сурах чадвар: График дизайн (Зорилтот түвшин: Дунд). Сонирхол: Спорт. Зорилго: Шинэ чадвар сурах. Сурах арга: Видео. Боломж: Амралтын өдөр. Хүсэж буй хамтрагчийн түвшин: Дунд.
SS0113,13,Англи хэл,Байхгүй,Суурь,Контент бүтээлт,Суурь,Суурь,Суурь,Анхан,Шинжлэх ухаан,Ирээдүйн мэргэжилдээ ашиглах,Багштай,Амралтын өдөр,Instagram,Заах чадвар: Англи хэл (Суурь). Сурах чадвар: Контент бүтээлт (Зорилтот түвшин: Суурь). Сонирхол: Шинжлэх ухаан. Зорилго: Ирээдүйн мэргэжилдээ ашиглах. Сурах арга: Багштай. Боломж: Амралтын өдөр. Хүсэж буй хамтрагчийн түвшин: Анхан.
SS0114,14,Canva,Байхгүй,Суурь,Багаар ажиллах,Ахисан,Суурь,Дунд,Дунд,Програмчлал,Хоббигоо хөгжүүлэх,Видео,7 хоногт 3-4 удаа,Messenger,Заах чадвар: Canva (Суурь). Сурах чадвар: Багаар ажиллах (Зорилтот түвшин: Ахисан). Сонирхол: Програмчлал. Зорилго: Хоббигоо хөгжүүлэх. Сурах арга: Видео. Боломж: 7 хоногт 3-4 удаа. Хүсэж буй хамтрагчийн түвшин: Дунд.
SS0115,13,Бичих чадвар,Байхгүй,Дунд,Шатар,Дунд,Дунд,Дунд,Анхан,Шинжлэх ухаан,Хоббигоо хөгжүүлэх,Уншиж сурах,7 хоногт 3-4 удаа,Facebook,Заах чадвар: Бичих чадвар (Дунд). Сурах чадвар: Шатар (Зорилтот түвшин: Дунд). Сонирхол: Шинжлэх ухаан. Зорилго: Хоббигоо хөгжүүлэх. Сурах арга: Уншиж сурах. Боломж: 7 хоногт 3-4 удаа. Хүсэж буй хамтрагчийн түвшин: Анхан.
SS0116,17,Англи хэл,Байхгүй,Суурь,Сошиал медиа,Ахисан,Суурь,Анхан,Дунд,Математик,Хоббигоо хөгжүүлэх,Хамтрагчтай,7 хоногт 1-2 удаа,Telegram,Заах чадвар: Англи хэл (Суурь). Сурах чадвар: Сошиал медиа (Зорилтот түвшин: Ахисан). Сонирхол: Математик. Зорилго: Хоббигоо хөгжүүлэх. Сурах арга: Хамтрагчтай. Боломж: 7 хоногт 1-2 удаа. Хүсэж буй хамтрагчийн түвшин: Дунд.
SS0117,15,Зураг авах,JavaScript,Дунд,C++,Суурь,Анхан,Суурь,Анхан,Спорт,Шинэ чадвар сурах,Багштай,Амралтын өдөр,Zoom,"Заах чадвар: Зураг авах (Анхан), Хоёрдогч чадвар: JavaScript. Сурах чадвар: C++ (Зорилтот түвшин: Суурь). Сонирхол: Спорт. Зорилго: Шинэ чадвар сурах. Сурах арга: Багштай. Боломж: Амралтын өдөр. Хүсэж буй хамтрагчийн түвшин: Анхан."
SS0118,17,Бичих чадвар,Байхгүй,Дунд,Манлайлал,Ахисан,Анхан,Дунд,Суурь,Контент,Тэмцээнд бэлдэх,Багштай,Өдөр бүр,Google Meet,Заах чадвар: Бичих чадвар (Анхан). Сурах чадвар: Манлайлал (Зорилтот түвшин: Ахисан). Сонирхол: Контент. Зорилго: Тэмцээнд бэлдэх. Сурах арга: Багштай. Боломж: Өдөр бүр. Хүсэж буй хамтрагчийн түвшин: Суурь.
SS0119,13,Илтгэх урлаг,Байхгүй,Анхан,Хөгжим,Ахисан,Анхан,Дунд,Суурь,Урлаг,Шинэ чадвар сурах,Хамтрагчтай,7 хоногт 3-4 удаа,Discord,Заах чадвар: Илтгэх урлаг (Анхан). Сурах чадвар: Хөгжим (Зорилтот түвшин: Ахисан). Сонирхол: Урлаг. Зорилго: Шинэ чадвар сурах. Сурах арга: Хамтрагчтай. Боломж: 7 хоногт 3-4 удаа. Хүсэж буй хамтрагчийн түвшин: Суурь.
SS0120,15,Төгөлдөр хуур,Байхгүй,Суурь,Excel,Дунд,Суурь,Анхан,Анхан,Контент,Хичээлдээ ашиглах,Багштай,7 хоногт 1-2 удаа,Instagram,Заах чадвар: Төгөлдөр хуур (Суурь). Сурах чадвар: Excel (Зорилтот түвшин: Дунд). Сонирхол: Контент. Зорилго: Хичээлдээ ашиглах. Сурах арга: Багштай. Боломж: 7 хоногт 1-2 удаа. Хүсэж буй хамтрагчийн түвшин: Анхан.
SS0121,18,Сошиал медиа,Байхгүй,Анхан,Хөгжим,Дунд,Анхан,Суурь,Анхан,Спорт,Төсөл хийх,Хамтрагчтай,7 хоногт 3-4 удаа,Messenger,Заах чадвар: Сошиал медиа (Анхан). Сурах чадвар: Хөгжим (Зорилтот түвшин: Дунд). Сонирхол: Спорт. Зорилго: Төсөл хийх. Сурах арга: Хамтрагчтай. Боломж: 7 хоногт 3-4 удаа. Хүсэж буй хамтрагчийн түвшин: Анхан.
SS0122,14,3D моделчлол,Бичих чадвар,Суурь,Төгөлдөр хуур,Ахисан,Суурь,Дунд,Дунд,Урлаг,Хичээлдээ ашиглах,Практик хийж сурах,Амралтын өдөр,Facebook,"Заах чадвар: 3D моделчлол (Суурь), Хоёрдогч чадвар: Бичих чадвар. Сурах чадвар: Төгөлдөр хуур (Зорилтот түвшин: Ахисан). Сонирхол: Урлаг. Зорилго: Хичээлдээ ашиглах. Сурах арга: Практик хийж сурах. Боломж: Амралтын өдөр. Хүсэж буй хамтрагчийн түвшин: Дунд."
SS0123,18,Контент бүтээлт,Байхгүй,Дунд,Зураг авах,Дунд,Анхан,Суурь,Дунд,Хөгжим,Төсөл хийх,Практик хийж сурах,Өдөр бүр,Telegram,Заах чадвар: Контент бүтээлт (Анхан). Сурах чадвар: Зураг авах (Зорилтот түвшин: Дунд). Сонирхол: Хөгжим. Зорилго: Төсөл хийх. Сурах арга: Практик хийж сурах. Боломж: Өдөр бүр. Хүсэж буй хамтрагчийн түвшин: Дунд.
SS0124,14,Англи хэл,Байхгүй,Дунд,Физик,Суурь,Дунд,Дунд,Дунд,Спорт,Хичээлдээ ашиглах,Видео,Өдөр бүр,Zoom,Заах чадвар: Англи хэл (Дунд). Сурах чадвар: Физик (Зорилтот түвшин: Суурь). Сонирхол: Спорт. Зорилго: Хичээлдээ ашиглах. Сурах арга: Видео. Боломж: Өдөр бүр. Хүсэж буй хамтрагчийн түвшин: Дунд.
SS0125,14,Багаар ажиллах,Байхгүй,Суурь,Шатар,Ахисан,Суурь,Суурь,Ахисан,Медиа,Шинэ чадвар сурах,Уншиж сурах,Амралтын өдөр,Google Meet,Заах чадвар: Багаар ажиллах (Суурь). Сурах чадвар: Шатар (Зорилтот түвшин: Ахисан). Сонирхол: Медиа. Зорилго: Шинэ чадвар сурах. Сурах арга: Уншиж сурах. Боломж: Амралтын өдөр. Хүсэж буй хамтрагчийн түвшин: Ахисан.
SS0126,18,Бичих чадвар,Байхгүй,Ахисан,Төгөлдөр хуур,Суурь,Ахисан,Дунд,Ахисан,Хөгжим,Хоббигоо хөгжүүлэх,Уншиж сурах,7 хоногт 1-2 удаа,Discord,Заах чадвар: Бичих чадвар (Ахисан). Сурах чадвар: Төгөлдөр хуур (Зорилтот түвшин: Суурь). Сонирхол: Хөгжим. Зорилго: Хоббигоо хөгжүүлэх. Сурах арга: Уншиж сурах. Боломж: 7 хоногт 1-2 удаа. Хүсэж буй хамтрагчийн түвшин: Ахисан.
SS0127,15,Багаар ажиллах,Гитар,Ахисан,Контент бүтээлт,Ахисан,Ахисан,Ахисан,Суурь,Хөгжим,Хоббигоо хөгжүүлэх,Багштай,7 хоногт 3-4 удаа,Instagram,"Заах чадвар: Багаар ажиллах (Ахисан), Хоёрдогч чадвар: Гитар. Сурах чадвар: Контент бүтээлт (Зорилтот түвшин: Ахисан). Сонирхол: Хөгжим. Зорилго: Хоббигоо хөгжүүлэх. Сурах арга: Багштай. Боломж: 7 хоногт 3-4 удаа. Хүсэж буй хамтрагчийн түвшин: Суурь."
SS0128,15,Сошиал медиа,Солонгос хэл,Анхан,Зурах,Суурь,Анхан,Дунд,Анхан,Боловсрол,Төсөл хийх,Хамтрагчтай,Өдөр бүр,Messenger,"Заах чадвар: Сошиал медиа (Анхан), Хоёрдогч чадвар: Солонгос хэл. Сурах чадвар: Зурах (Зорилтот түвшин: Суурь). Сонирхол: Боловсрол. Зорилго: Төсөл хийх. Сурах арга: Хамтрагчтай. Боломж: Өдөр бүр. Хүсэж буй хамтрагчийн түвшин: Анхан."
SS0129,16,Шатар,Байхгүй,Ахисан,Англи хэл,Суурь,Ахисан,Ахисан,Ахисан,Бүтээлч ажил,Шинэ чадвар сурах,Багштай,7 хоногт 1-2 удаа,Facebook,Заах чадвар: Шатар (Ахисан). Сурах чадвар: Англи хэл (Зорилтот түвшин: Суурь). Сонирхол: Бүтээлч ажил. Зорилго: Шинэ чадвар сурах. Сурах арга: Багштай. Боломж: 7 хоногт 1-2 удаа. Хүсэж буй хамтрагчийн түвшин: Ахисан.
SS0130,14,Вэб хөгжүүлэлт,Байхгүй,Анхан,Figma,Дунд,Анхан,Суурь,Анхан,Урлаг,Одоогийн чадвараа сайжруулах,Практик хийж сурах,7 хоногт 3-4 удаа,Telegram,Заах чадвар: Вэб хөгжүүлэлт (Анхан). Сурах чадвар: Figma (Зорилтот түвшин: Дунд). Сонирхол: Урлаг. Зорилго: Одоогийн чадвараа сайжруулах. Сурах арга: Практик хийж сурах. Боломж: 7 хоногт 3-4 удаа. Хүсэж буй хамтрагчийн түвшин: Анхан.
SS0131,16,Япон хэл,Байхгүй,Дунд,Манлайлал,Суурь,Дунд,Ахисан,Суурь,Урлаг,Одоогийн чадвараа сайжруулах,Видео,7 хоногт 1-2 удаа,Zoom,Заах чадвар: Япон хэл (Дунд). Сурах чадвар: Манлайлал (Зорилтот түвшин: Суурь). Сонирхол: Урлаг. Зорилго: Одоогийн чадвараа сайжруулах. Сурах арга: Видео. Боломж: 7 хоногт 1-2 удаа. Хүсэж буй хамтрагчийн түвшин: Суурь.
SS0132,15,UI/UX дизайн,Байхгүй,Суурь,Шатар,Суурь,Суурь,Анхан,Анхан,Шинжлэх ухаан,Шинэ чадвар сурах,Багштай,Амралтын өдөр,Google Meet,Заах чадвар: UI/UX дизайн (Суурь). Сурах чадвар: Шатар (Зорилтот түвшин: Суурь). Сонирхол: Шинжлэх ухаан. Зорилго: Шинэ чадвар сурах. Сурах арга: Багштай. Боломж: Амралтын өдөр. Хүсэж буй хамтрагчийн түвшин: Анхан.
SS0133,17,Контент бүтээлт,Байхгүй,Суурь,Судалгаа,Ахисан,Суурь,Суурь,Дунд,Хэл,Шинэ чадвар сурах,Практик хийж сурах,Амралтын өдөр,Discord,Заах чадвар: Контент бүтээлт (Суурь). Сурах чадвар: Судалгаа (Зорилтот түвшин: Ахисан). Сонирхол: Хэл. Зорилго: Шинэ чадвар сурах. Сурах арга: Практик хийж сурах. Боломж: Амралтын өдөр. Хүсэж буй хамтрагчийн түвшин: Дунд.
SS0134,15,Физик,Байхгүй,Дунд,Зурах,Ахисан,Дунд,Ахисан,Ахисан,Хөгжим,Тэмцээнд бэлдэх,Хамтрагчтай,Өдөр бүр,Instagram,Заах чадвар: Физик (Дунд). Сурах чадвар: Зурах (Зорилтот түвшин: Ахисан). Сонирхол: Хөгжим. Зорилго: Тэмцээнд бэлдэх. Сурах арга: Хамтрагчтай. Боломж: Өдөр бүр. Хүсэж буй хамтрагчийн түвшин: Ахисан.
SS0135,13,Вэб хөгжүүлэлт,Байхгүй,Суурь,Гитар,Суурь,Суурь,Ахисан,Анхан,Боловсрол,Одоогийн чадвараа сайжруулах,Видео,7 хоногт 1-2 удаа,Messenger,Заах чадвар: Вэб хөгжүүлэлт (Суурь). Сурах чадвар: Гитар (Зорилтот түвшин: Суурь). Сонирхол: Боловсрол. Зорилго: Одоогийн чадвараа сайжруулах. Сурах арга: Видео. Боломж: 7 хоногт 1-2 удаа. Хүсэж буй хамтрагчийн түвшин: Анхан.
SS0136,18,Бичих чадвар,Байхгүй,Дунд,3D моделчлол,Ахисан,Дунд,Дунд,Ахисан,Хэл,Хичээлдээ ашиглах,Уншиж сурах,Өдөр бүр,Facebook,Заах чадвар: Бичих чадвар (Дунд). Сурах чадвар: 3D моделчлол (Зорилтот түвшин: Ахисан). Сонирхол: Хэл. Зорилго: Хичээлдээ ашиглах. Сурах арга: Уншиж сурах. Боломж: Өдөр бүр. Хүсэж буй хамтрагчийн түвшин: Ахисан.
SS0137,15,Вэб хөгжүүлэлт,Байхгүй,Дунд,Илтгэх урлаг,Дунд,Дунд,Ахисан,Анхан,Бүтээлч ажил,Төсөл хийх,Хамтрагчтай,Амралтын өдөр,Telegram,Заах чадвар: Вэб хөгжүүлэлт (Дунд). Сурах чадвар: Илтгэх урлаг (Зорилтот түвшин: Дунд). Сонирхол: Бүтээлч ажил. Зорилго: Төсөл хийх. Сурах арга: Хамтрагчтай. Боломж: Амралтын өдөр. Хүсэж буй хамтрагчийн түвшин: Анхан.
SS0138,18,Шатар,Бичих чадвар,Дунд,Хөгжим,Дунд,Дунд,Суурь,Ахисан,Урлаг,Тэмцээнд бэлдэх,Практик хийж сурах,Амралтын өдөр,Zoom,"Заах чадвар: Шатар (Дунд), Хоёрдогч чадвар: Бичих чадвар. Сурах чадвар: Хөгжим (Зорилтот түвшин: Дунд). Сонирхол: Урлаг. Зорилго: Тэмцээнд бэлдэх. Сурах арга: Практик хийж сурах. Боломж: Амралтын өдөр. Хүсэж буй хамтрагчийн түвшин: Ахисан."
SS0139,17,Багаар ажиллах,Байхгүй,Анхан,Canva,Суурь,Анхан,Суурь,Суурь,Боловсрол,Тэмцээнд бэлдэх,Багштай,Өдөр бүр,Google Meet,Заах чадвар: Багаар ажиллах (Анхан). Сурах чадвар: Canva (Зорилтот түвшин: Суурь). Сонирхол: Боловсрол. Зорилго: Тэмцээнд бэлдэх. Сурах арга: Багштай. Боломж: Өдөр бүр. Хүсэж буй хамтрагчийн түвшин: Суурь.
SS0140,16,UI/UX дизайн,Байхгүй,Анхан,Япон хэл,Ахисан,Анхан,Дунд,Ахисан,Контент,Төсөл хийх,Уншиж сурах,Амралтын өдөр,Discord,Заах чадвар: UI/UX дизайн (Анхан). Сурах чадвар: Япон хэл (Зорилтот түвшин: Ахисан). Сонирхол: Контент. Зорилго: Төсөл хийх. Сурах арга: Уншиж сурах. Боломж: Амралтын өдөр. Хүсэж буй хамтрагчийн түвшин: Ахисан.
SS0141,18,Вэб хөгжүүлэлт,Байхгүй,Суурь,Шатар,Суурь,Суурь,Суурь,Суурь,Програмчлал,Ирээдүйн мэргэжилдээ ашиглах,Багштай,7 хоногт 1-2 удаа,Instagram,Заах чадвар: Вэб хөгжүүлэлт (Суурь). Сурах чадвар: Шатар (Зорилтот түвшин: Суурь). Сонирхол: Програмчлал. Зорилго: Ирээдүйн мэргэжилдээ ашиглах. Сурах арга: Багштай. Боломж: 7 хоногт 1-2 удаа. Хүсэж буй хамтрагчийн түвшин: Суурь.
SS0142,14,Python,Байхгүй,Дунд,Англи хэл,Суурь,Дунд,Дунд,Анхан,Медиа,Тэмцээнд бэлдэх,Практик хийж сурах,7 хоногт 1-2 удаа,Messenger,Заах чадвар: Python (Дунд). Сурах чадвар: Англи хэл (Зорилтот түвшин: Суурь). Сонирхол: Медиа. Зорилго: Тэмцээнд бэлдэх. Сурах арга: Практик хийж сурах. Боломж: 7 хоногт 1-2 удаа. Хүсэж буй хамтрагчийн түвшин: Анхан.
SS0143,13,Зурах,Байхгүй,Ахисан,Зураг авах,Суурь,Ахисан,Ахисан,Дунд,Хөгжим,Төсөл хийх,Практик хийж сурах,Амралтын өдөр,Facebook,Заах чадвар: Зурах (Ахисан). Сурах чадвар: Зураг авах (Зорилтот түвшин: Суурь). Сонирхол: Хөгжим. Зорилго: Төсөл хийх. Сурах арга: Практик хийж сурах. Боломж: Амралтын өдөр. Хүсэж буй хамтрагчийн түвшин: Дунд.
SS0144,17,Физик,Математик,Суурь,Видео эвлүүлэг,Дунд,Суурь,Анхан,Дунд,Медиа,Одоогийн чадвараа сайжруулах,Практик хийж сурах,Амралтын өдөр,Telegram,"Заах чадвар: Физик (Суурь), Хоёрдогч чадвар: Математик. Сурах чадвар: Видео эвлүүлэг (Зорилтот түвшин: Дунд). Сонирхол: Медиа. Зорилго: Одоогийн чадвараа сайжруулах. Сурах арга: Практик хийж сурах. Боломж: Амралтын өдөр. Хүсэж буй хамтрагчийн түвшин: Дунд."
SS0145,14,Төгөлдөр хуур,Байхгүй,Анхан,C++,Дунд,Анхан,Суурь,Анхан,Урлаг,Хичээлдээ ашиглах,Практик хийж сурах,7 хоногт 1-2 удаа,Zoom,Заах чадвар: Төгөлдөр хуур (Анхан). Сурах чадвар: C++ (Зорилтот түвшин: Дунд). Сонирхол: Урлаг. Зорилго: Хичээлдээ ашиглах. Сурах арга: Практик хийж сурах. Боломж: 7 хоногт 1-2 удаа. Хүсэж буй хамтрагчийн түвшин: Анхан.
SS0146,18,UI/UX дизайн,Байхгүй,Суурь,3D моделчлол,Ахисан,Суурь,Дунд,Суурь,Хэл,Шинэ чадвар сурах,Практик хийж сурах,7 хоногт 3-4 удаа,Google Meet,Заах чадвар: UI/UX дизайн (Суурь). Сурах чадвар: 3D моделчлол (Зорилтот түвшин: Ахисан). Сонирхол: Хэл. Зорилго: Шинэ чадвар сурах. Сурах арга: Практик хийж сурах. Боломж: 7 хоногт 3-4 удаа. Хүсэж буй хамтрагчийн түвшин: Суурь.
SS0147,17,Сошиал медиа,Байхгүй,Суурь,Зураг авах,Дунд,Суурь,Ахисан,Анхан,Медиа,Ирээдүйн мэргэжилдээ ашиглах,Хамтрагчтай,7 хоногт 3-4 удаа,Discord,Заах чадвар: Сошиал медиа (Суурь). Сурах чадвар: Зураг авах (Зорилтот түвшин: Дунд). Сонирхол: Медиа. Зорилго: Ирээдүйн мэргэжилдээ ашиглах. Сурах арга: Хамтрагчтай. Боломж: 7 хоногт 3-4 удаа. Хүсэж буй хамтрагчийн түвшин: Анхан.
SS0148,16,График дизайн,Байхгүй,Дунд,Илтгэх урлаг,Ахисан,Дунд,Дунд,Анхан,Урлаг,Хичээлдээ ашиглах,Уншиж сурах,7 хоногт 1-2 удаа,Instagram,Заах чадвар: График дизайн (Дунд). Сурах чадвар: Илтгэх урлаг (Зорилтот түвшин: Ахисан). Сонирхол: Урлаг. Зорилго: Хичээлдээ ашиглах. Сурах арга: Уншиж сурах. Боломж: 7 хоногт 1-2 удаа. Хүсэж буй хамтрагчийн түвшин: Анхан.
SS0149,14,Excel,Байхгүй,Суурь,C++,Ахисан,Суурь,Суурь,Суурь,Бүтээлч ажил,Ирээдүйн мэргэжилдээ ашиглах,Видео,Өдөр бүр,Messenger,Заах чадвар: Excel (Суурь). Сурах чадвар: C++ (Зорилтот түвшин: Ахисан). Сонирхол: Бүтээлч ажил. Зорилго: Ирээдүйн мэргэжилдээ ашиглах. Сурах арга: Видео. Боломж: Өдөр бүр. Хүсэж буй хамтрагчийн түвшин: Суурь.
SS0150,13,Япон хэл,Шатар,Анхан,Англи хэл,Суурь,Анхан,Анхан,Дунд,Програмчлал,Одоогийн чадвараа сайжруулах,Хамтрагчтай,7 хоногт 1-2 удаа,Facebook,"Заах чадвар: Япон хэл (Анхан), Хоёрдогч чадвар: Шатар. Сурах чадвар: Англи хэл (Зорилтот түвшин: Суурь). Сонирхол: Програмчлал. Зорилго: Одоогийн чадвараа сайжруулах. Сурах арга: Хамтрагчтай. Боломж: 7 хоногт 1-2 удаа. Хүсэж буй хамтрагчийн түвшин: Дунд."
SS0151,14,Зурах,Төгөлдөр хуур,Анхан,UI/UX дизайн,Ахисан,Суурь,Суурь,Анхан,Боловсрол,Хоббигоо хөгжүүлэх,Хамтрагчтай,7 хоногт 1-2 удаа,Telegram,"Заах чадвар: Зурах (Суурь), Хоёрдогч чадвар: Төгөлдөр хуур. Сурах чадвар: UI/UX дизайн (Зорилтот түвшин: Ахисан). Сонирхол: Боловсрол. Зорилго: Хоббигоо хөгжүүлэх. Сурах арга: Хамтрагчтай. Боломж: 7 хоногт 1-2 удаа. Хүсэж буй хамтрагчийн түвшин: Анхан."
SS0152,18,Контент бүтээлт,Вэб хөгжүүлэлт,Ахисан,Багаар ажиллах,Ахисан,Дунд,Дунд,Дунд,Контент,Тэмцээнд бэлдэх,Хамтрагчтай,Өдөр бүр,Zoom,"Заах чадвар: Контент бүтээлт (Дунд), Хоёрдогч чадвар: Вэб хөгжүүлэлт. Сурах чадвар: Багаар ажиллах (Зорилтот түвшин: Ахисан). Сонирхол: Контент. Зорилго: Тэмцээнд бэлдэх. Сурах арга: Хамтрагчтай. Боломж: Өдөр бүр. Хүсэж буй хамтрагчийн түвшин: Дунд."
SS0153,16,Хөгжим,Байхгүй,Дунд,Япон хэл,Ахисан,Дунд,Суурь,Ахисан,Технологи,Тэмцээнд бэлдэх,Уншиж сурах,Амралтын өдөр,Google Meet,Заах чадвар: Хөгжим (Дунд). Сурах чадвар: Япон хэл (Зорилтот түвшин: Ахисан). Сонирхол: Технологи. Зорилго: Тэмцээнд бэлдэх. Сурах арга: Уншиж сурах. Боломж: Амралтын өдөр. Хүсэж буй хамтрагчийн түвшин: Ахисан.
SS0154,18,Excel,Байхгүй,Анхан,Математик,Дунд,Анхан,Суурь,Суурь,Хэл,Төсөл хийх,Практик хийж сурах,Өдөр бүр,Discord,Заах чадвар: Excel (Анхан). Сурах чадвар: Математик (Зорилтот түвшин: Дунд). Сонирхол: Хэл. Зорилго: Төсөл хийх. Сурах арга: Практик хийж сурах. Боломж: Өдөр бүр. Хүсэж буй хамтрагчийн түвшин: Суурь.
SS0155,15,Excel,Байхгүй,Анхан,Видео эвлүүлэг,Ахисан,Анхан,Дунд,Дунд,Контент,Хоббигоо хөгжүүлэх,Уншиж сурах,7 хоногт 3-4 удаа,Instagram,Заах чадвар: Excel (Анхан). Сурах чадвар: Видео эвлүүлэг (Зорилтот түвшин: Ахисан). Сонирхол: Контент. Зорилго: Хоббигоо хөгжүүлэх. Сурах арга: Уншиж сурах. Боломж: 7 хоногт 3-4 удаа. Хүсэж буй хамтрагчийн түвшин: Дунд.
SS0156,17,Судалгаа,Байхгүй,Анхан,3D моделчлол,Дунд,Анхан,Анхан,Ахисан,Спорт,Шинэ чадвар сурах,Багштай,Өдөр бүр,Messenger,Заах чадвар: Судалгаа (Анхан). Сурах чадвар: 3D моделчлол (Зорилтот түвшин: Дунд). Сонирхол: Спорт. Зорилго: Шинэ чадвар сурах. Сурах арга: Багштай. Боломж: Өдөр бүр. Хүсэж буй хамтрагчийн түвшин: Ахисан.
SS0157,13,JavaScript,Байхгүй,Анхан,Excel,Дунд,Анхан,Суурь,Анхан,Математик,Ирээдүйн мэргэжилдээ ашиглах,Багштай,7 хоногт 1-2 удаа,Facebook,Заах чадвар: JavaScript (Анхан). Сурах чадвар: Excel (Зорилтот түвшин: Дунд). Сонирхол: Математик. Зорилго: Ирээдүйн мэргэжилдээ ашиглах. Сурах арга: Багштай. Боломж: 7 хоногт 1-2 удаа. Хүсэж буй хамтрагчийн түвшин: Анхан.
SS0158,15,Манлайлал,Байхгүй,Дунд,Видео эвлүүлэг,Дунд,Дунд,Ахисан,Дунд,Технологи,Төсөл хийх,Хамтрагчтай,7 хоногт 3-4 удаа,Telegram,Заах чадвар: Манлайлал (Дунд). Сурах чадвар: Видео эвлүүлэг (Зорилтот түвшин: Дунд). Сонирхол: Технологи. Зорилго: Төсөл хийх. Сурах арга: Хамтрагчтай. Боломж: 7 хоногт 3-4 удаа. Хүсэж буй хамтрагчийн түвшин: Дунд.
SS0159,17,График дизайн,Байхгүй,Дунд,Figma,Ахисан,Дунд,Суурь,Дунд,Урлаг,Тэмцээнд бэлдэх,Уншиж сурах,Өдөр бүр,Zoom,Заах чадвар: График дизайн (Дунд). Сурах чадвар: Figma (Зорилтот түвшин: Ахисан). Сонирхол: Урлаг. Зорилго: Тэмцээнд бэлдэх. Сурах арга: Уншиж сурах. Боломж: Өдөр бүр. Хүсэж буй хамтрагчийн түвшин: Дунд.
SS0160,17,Сошиал медиа,Байхгүй,Суурь,Илтгэх урлаг,Дунд,Суурь,Анхан,Суурь,Хөгжим,Шинэ чадвар сурах,Видео,Өдөр бүр,Google Meet,Заах чадвар: Сошиал медиа (Суурь). Сурах чадвар: Илтгэх урлаг (Зорилтот түвшин: Дунд). Сонирхол: Хөгжим. Зорилго: Шинэ чадвар сурах. Сурах арга: Видео. Боломж: Өдөр бүр. Хүсэж буй хамтрагчийн түвшин: Суурь.
SS0161,17,Төгөлдөр хуур,Байхгүй,Суурь,Илтгэх урлаг,Дунд,Суурь,Суурь,Дунд,Математик,Тэмцээнд бэлдэх,Практик хийж сурах,7 хоногт 3-4 удаа,Discord,Заах чадвар: Төгөлдөр хуур (Суурь). Сурах чадвар: Илтгэх урлаг (Зорилтот түвшин: Дунд). Сонирхол: Математик. Зорилго: Тэмцээнд бэлдэх. Сурах арга: Практик хийж сурах. Боломж: 7 хоногт 3-4 удаа. Хүсэж буй хамтрагчийн түвшин: Дунд.
SS0162,17,3D моделчлол,Байхгүй,Суурь,Илтгэх урлаг,Дунд,Суурь,Дунд,Анхан,Бүтээлч ажил,Төсөл хийх,Видео,7 хоногт 1-2 удаа,Instagram,Заах чадвар: 3D моделчлол (Суурь). Сурах чадвар: Илтгэх урлаг (Зорилтот түвшин: Дунд). Сонирхол: Бүтээлч ажил. Зорилго: Төсөл хийх. Сурах арга: Видео. Боломж: 7 хоногт 1-2 удаа. Хүсэж буй хамтрагчийн түвшин: Анхан.
SS0163,17,Figma,Байхгүй,Дунд,Зурах,Дунд,Анхан,Дунд,Анхан,Програмчлал,Хичээлдээ ашиглах,Хамтрагчтай,7 хоногт 3-4 удаа,Messenger,Заах чадвар: Figma (Анхан). Сурах чадвар: Зурах (Зорилтот түвшин: Дунд). Сонирхол: Програмчлал. Зорилго: Хичээлдээ ашиглах. Сурах арга: Хамтрагчтай. Боломж: 7 хоногт 3-4 удаа. Хүсэж буй хамтрагчийн түвшин: Анхан.
SS0164,14,3D моделчлол,Төгөлдөр хуур,Дунд,C++,Суурь,Дунд,Ахисан,Анхан,Технологи,Одоогийн чадвараа сайжруулах,Хамтрагчтай,Өдөр бүр,Facebook,"Заах чадвар: 3D моделчлол (Дунд), Хоёрдогч чадвар: Төгөлдөр хуур. Сурах чадвар: C++ (Зорилтот түвшин: Суурь). Сонирхол: Технологи. Зорилго: Одоогийн чадвараа сайжруулах. Сурах арга: Хамтрагчтай. Боломж: Өдөр бүр. Хүсэж буй хамтрагчийн түвшин: Анхан."
SS0165,17,Excel,Байхгүй,Суурь,Илтгэх урлаг,Дунд,Суурь,Суурь,Суурь,Бүтээлч ажил,Ирээдүйн мэргэжилдээ ашиглах,Видео,7 хоногт 3-4 удаа,Telegram,Заах чадвар: Excel (Суурь). Сурах чадвар: Илтгэх урлаг (Зорилтот түвшин: Дунд). Сонирхол: Бүтээлч ажил. Зорилго: Ирээдүйн мэргэжилдээ ашиглах. Сурах арга: Видео. Боломж: 7 хоногт 3-4 удаа. Хүсэж буй хамтрагчийн түвшин: Суурь.
SS0166,14,UI/UX дизайн,Байхгүй,Суурь,Илтгэх урлаг,Ахисан,Суурь,Дунд,Дунд,Бизнес,Хичээлдээ ашиглах,Хамтрагчтай,7 хоногт 1-2 удаа,Zoom,Заах чадвар: UI/UX дизайн (Суурь). Сурах чадвар: Илтгэх урлаг (Зорилтот түвшин: Ахисан). Сонирхол: Бизнес. Зорилго: Хичээлдээ ашиглах. Сурах арга: Хамтрагчтай. Боломж: 7 хоногт 1-2 удаа. Хүсэж буй хамтрагчийн түвшин: Дунд.
SS0167,15,Зурах,Физик,Суурь,C++,Ахисан,Суурь,Ахисан,Дунд,Шинжлэх ухаан,Тэмцээнд бэлдэх,Багштай,7 хоногт 1-2 удаа,Google Meet,"Заах чадвар: Зурах (Суурь), Хоёрдогч чадвар: Физик. Сурах чадвар: C++ (Зорилтот түвшин: Ахисан). Сонирхол: Шинжлэх ухаан. Зорилго: Тэмцээнд бэлдэх. Сурах арга: Багштай. Боломж: 7 хоногт 1-2 удаа. Хүсэж буй хамтрагчийн түвшин: Дунд."
SS0168,17,UI/UX дизайн,Байхгүй,Суурь,Контент бүтээлт,Дунд,Суурь,Анхан,Анхан,Бүтээлч ажил,Төсөл хийх,Практик хийж сурах,7 хоногт 3-4 удаа,Discord,Заах чадвар: UI/UX дизайн (Суурь). Сурах чадвар: Контент бүтээлт (Зорилтот түвшин: Дунд). Сонирхол: Бүтээлч ажил. Зорилго: Төсөл хийх. Сурах арга: Практик хийж сурах. Боломж: 7 хоногт 3-4 удаа. Хүсэж буй хамтрагчийн түвшин: Анхан.
SS0169,14,Япон хэл,C++,Дунд,Спорт,Дунд,Суурь,Дунд,Суурь,Хөгжим,Шинэ чадвар сурах,Практик хийж сурах,7 хоногт 3-4 удаа,Instagram,"Заах чадвар: Япон хэл (Суурь), Хоёрдогч чадвар: C++. Сурах чадвар: Спорт (Зорилтот түвшин: Дунд). Сонирхол: Хөгжим. Зорилго: Шинэ чадвар сурах. Сурах арга: Практик хийж сурах. Боломж: 7 хоногт 3-4 удаа. Хүсэж буй хамтрагчийн түвшин: Суурь."
SS0170,13,Физик,Байхгүй,Суурь,Вэб хөгжүүлэлт,Дунд,Суурь,Дунд,Суурь,Бизнес,Хичээлдээ ашиглах,Багштай,Өдөр бүр,Messenger,Заах чадвар: Физик (Суурь). Сурах чадвар: Вэб хөгжүүлэлт (Зорилтот түвшин: Дунд). Сонирхол: Бизнес. Зорилго: Хичээлдээ ашиглах. Сурах арга: Багштай. Боломж: Өдөр бүр. Хүсэж буй хамтрагчийн түвшин: Суурь.
SS0171,16,Python,Байхгүй,Анхан,3D моделчлол,Суурь,Анхан,Анхан,Анхан,Медиа,Төсөл хийх,Практик хийж сурах,7 хоногт 1-2 удаа,Facebook,Заах чадвар: Python (Анхан). Сурах чадвар: 3D моделчлол (Зорилтот түвшин: Суурь). Сонирхол: Медиа. Зорилго: Төсөл хийх. Сурах арга: Практик хийж сурах. Боломж: 7 хоногт 1-2 удаа. Хүсэж буй хамтрагчийн түвшин: Анхан.
SS0172,14,Судалгаа,3D моделчлол,Анхан,Шатар,Суурь,Анхан,Суурь,Дунд,Технологи,Одоогийн чадвараа сайжруулах,Багштай,Амралтын өдөр,Telegram,"Заах чадвар: Судалгаа (Анхан), Хоёрдогч чадвар: 3D моделчлол. Сурах чадвар: Шатар (Зорилтот түвшин: Суурь). Сонирхол: Технологи. Зорилго: Одоогийн чадвараа сайжруулах. Сурах арга: Багштай. Боломж: Амралтын өдөр. Хүсэж буй хамтрагчийн түвшин: Дунд."
SS0173,15,Багаар ажиллах,Зурах,Дунд,Вэб хөгжүүлэлт,Ахисан,Дунд,Ахисан,Ахисан,Хөгжим,Одоогийн чадвараа сайжруулах,Хамтрагчтай,Амралтын өдөр,Zoom,"Заах чадвар: Багаар ажиллах (Дунд), Хоёрдогч чадвар: Зурах. Сурах чадвар: Вэб хөгжүүлэлт (Зорилтот түвшин: Ахисан). Сонирхол: Хөгжим. Зорилго: Одоогийн чадвараа сайжруулах. Сурах арга: Хамтрагчтай. Боломж: Амралтын өдөр. Хүсэж буй хамтрагчийн түвшин: Ахисан."
SS0174,18,Солонгос хэл,Байхгүй,Суурь,Математик,Суурь,Суурь,Дунд,Суурь,Боловсрол,Ирээдүйн мэргэжилдээ ашиглах,Практик хийж сурах,7 хоногт 1-2 удаа,Google Meet,Заах чадвар: Солонгос хэл (Суурь). Сурах чадвар: Математик (Зорилтот түвшин: Суурь). Сонирхол: Боловсрол. Зорилго: Ирээдүйн мэргэжилдээ ашиглах. Сурах арга: Практик хийж сурах. Боломж: 7 хоногт 1-2 удаа. Хүсэж буй хамтрагчийн түвшин: Суурь.
SS0175,13,Англи хэл,Байхгүй,Дунд,Хөгжим,Ахисан,Дунд,Дунд,Дунд,Урлаг,Тэмцээнд бэлдэх,Уншиж сурах,7 хоногт 3-4 удаа,Discord,Заах чадвар: Англи хэл (Дунд). Сурах чадвар: Хөгжим (Зорилтот түвшин: Ахисан). Сонирхол: Урлаг. Зорилго: Тэмцээнд бэлдэх. Сурах арга: Уншиж сурах. Боломж: 7 хоногт 3-4 удаа. Хүсэж буй хамтрагчийн түвшин: Дунд.
SS0176,15,Судалгаа,Figma,Анхан,Физик,Ахисан,Анхан,Дунд,Дунд,Математик,Хичээлдээ ашиглах,Видео,7 хоногт 1-2 удаа,Instagram,"Заах чадвар: Судалгаа (Анхан), Хоёрдогч чадвар: Figma. Сурах чадвар: Физик (Зорилтот түвшин: Ахисан). Сонирхол: Математик. Зорилго: Хичээлдээ ашиглах. Сурах арга: Видео. Боломж: 7 хоногт 1-2 удаа. Хүсэж буй хамтрагчийн түвшин: Дунд."
SS0177,18,Төгөлдөр хуур,Видео эвлүүлэг,Суурь,Физик,Ахисан,Суурь,Суурь,Дунд,Медиа,Хичээлдээ ашиглах,Практик хийж сурах,Өдөр бүр,Messenger,"Заах чадвар: Төгөлдөр хуур (Суурь), Хоёрдогч чадвар: Видео эвлүүлэг. Сурах чадвар: Физик (Зорилтот түвшин: Ахисан). Сонирхол: Медиа. Зорилго: Хичээлдээ ашиглах. Сурах арга: Практик хийж сурах. Боломж: Өдөр бүр. Хүсэж буй хамтрагчийн түвшин: Дунд."
SS0178,16,Бичих чадвар,Байхгүй,Ахисан,Хөгжим,Ахисан,Ахисан,Дунд,Суурь,Бизнес,Хоббигоо хөгжүүлэх,Багштай,Амралтын өдөр,Facebook,Заах чадвар: Бичих чадвар (Ахисан). Сурах чадвар: Хөгжим (Зорилтот түвшин: Ахисан). Сонирхол: Бизнес. Зорилго: Хоббигоо хөгжүүлэх. Сурах арга: Багштай. Боломж: Амралтын өдөр. Хүсэж буй хамтрагчийн түвшин: Суурь.
SS0179,17,Шатар,Байхгүй,Суурь,Физик,Дунд,Суурь,Ахисан,Суурь,Урлаг,Шинэ чадвар сурах,Хамтрагчтай,Өдөр бүр,Telegram,Заах чадвар: Шатар (Суурь). Сурах чадвар: Физик (Зорилтот түвшин: Дунд). Сонирхол: Урлаг. Зорилго: Шинэ чадвар сурах. Сурах арга: Хамтрагчтай. Боломж: Өдөр бүр. Хүсэж буй хамтрагчийн түвшин: Суурь.
SS0180,18,3D моделчлол,Илтгэх урлаг,Дунд,UI/UX дизайн,Ахисан,Дунд,Суурь,Ахисан,Математик,Ирээдүйн мэргэжилдээ ашиглах,Багштай,Өдөр бүр,Zoom,"Заах чадвар: 3D моделчлол (Дунд), Хоёрдогч чадвар: Илтгэх урлаг. Сурах чадвар: UI/UX дизайн (Зорилтот түвшин: Ахисан). Сонирхол: Математик. Зорилго: Ирээдүйн мэргэжилдээ ашиглах. Сурах арга: Багштай. Боломж: Өдөр бүр. Хүсэж буй хамтрагчийн түвшин: Ахисан."
SS0181,13,Сошиал медиа,Байхгүй,Суурь,Вэб хөгжүүлэлт,Дунд,Суурь,Суурь,Дунд,Програмчлал,Тэмцээнд бэлдэх,Практик хийж сурах,Өдөр бүр,Google Meet,Заах чадвар: Сошиал медиа (Суурь). Сурах чадвар: Вэб хөгжүүлэлт (Зорилтот түвшин: Дунд). Сонирхол: Програмчлал. Зорилго: Тэмцээнд бэлдэх. Сурах арга: Практик хийж сурах. Боломж: Өдөр бүр. Хүсэж буй хамтрагчийн түвшин: Дунд.
SS0182,15,Контент бүтээлт,Байхгүй,Суурь,Python,Суурь,Суурь,Дунд,Анхан,Хөгжим,Тэмцээнд бэлдэх,Видео,Өдөр бүр,Discord,Заах чадвар: Контент бүтээлт (Суурь). Сурах чадвар: Python (Зорилтот түвшин: Суурь). Сонирхол: Хөгжим. Зорилго: Тэмцээнд бэлдэх. Сурах арга: Видео. Боломж: Өдөр бүр. Хүсэж буй хамтрагчийн түвшин: Анхан.
SS0183,15,Япон хэл,Зураг авах,Дунд,Excel,Дунд,Дунд,Суурь,Суурь,Бүтээлч ажил,Шинэ чадвар сурах,Багштай,Амралтын өдөр,Instagram,"Заах чадвар: Япон хэл (Дунд), Хоёрдогч чадвар: Зураг авах. Сурах чадвар: Excel (Зорилтот түвшин: Дунд). Сонирхол: Бүтээлч ажил. Зорилго: Шинэ чадвар сурах. Сурах арга: Багштай. Боломж: Амралтын өдөр. Хүсэж буй хамтрагчийн түвшин: Суурь."
SS0184,17,Хөгжим,Байхгүй,Анхан,Багаар ажиллах,Ахисан,Анхан,Суурь,Ахисан,Шинжлэх ухаан,Төсөл хийх,Видео,Өдөр бүр,Messenger,Заах чадвар: Хөгжим (Анхан). Сурах чадвар: Багаар ажиллах (Зорилтот түвшин: Ахисан). Сонирхол: Шинжлэх ухаан. Зорилго: Төсөл хийх. Сурах арга: Видео. Боломж: Өдөр бүр. Хүсэж буй хамтрагчийн түвшин: Ахисан.
SS0185,16,Гитар,Байхгүй,Суурь,Шатар,Суурь,Суурь,Суурь,Ахисан,Спорт,Шинэ чадвар сурах,Уншиж сурах,Өдөр бүр,Facebook,Заах чадвар: Гитар (Суурь). Сурах чадвар: Шатар (Зорилтот түвшин: Суурь). Сонирхол: Спорт. Зорилго: Шинэ чадвар сурах. Сурах арга: Уншиж сурах. Боломж: Өдөр бүр. Хүсэж буй хамтрагчийн түвшин: Ахисан.
SS0186,13,Зурах,Байхгүй,Дунд,Сошиал медиа,Ахисан,Дунд,Суурь,Анхан,Технологи,Одоогийн чадвараа сайжруулах,Багштай,Өдөр бүр,Telegram,Заах чадвар: Зурах (Дунд). Сурах чадвар: Сошиал медиа (Зорилтот түвшин: Ахисан). Сонирхол: Технологи. Зорилго: Одоогийн чадвараа сайжруулах. Сурах арга: Багштай. Боломж: Өдөр бүр. Хүсэж буй хамтрагчийн түвшин: Анхан.
SS0187,14,Canva,Байхгүй,Анхан,C++,Дунд,Анхан,Суурь,Дунд,Шинжлэх ухаан,Ирээдүйн мэргэжилдээ ашиглах,Хамтрагчтай,7 хоногт 1-2 удаа,Zoom,Заах чадвар: Canva (Анхан). Сурах чадвар: C++ (Зорилтот түвшин: Дунд). Сонирхол: Шинжлэх ухаан. Зорилго: Ирээдүйн мэргэжилдээ ашиглах. Сурах арга: Хамтрагчтай. Боломж: 7 хоногт 1-2 удаа. Хүсэж буй хамтрагчийн түвшин: Дунд.
SS0188,16,Физик,Байхгүй,Ахисан,Илтгэх урлаг,Дунд,Ахисан,Дунд,Ахисан,Технологи,Хичээлдээ ашиглах,Хамтрагчтай,7 хоногт 3-4 удаа,Google Meet,Заах чадвар: Физик (Ахисан). Сурах чадвар: Илтгэх урлаг (Зорилтот түвшин: Дунд). Сонирхол: Технологи. Зорилго: Хичээлдээ ашиглах. Сурах арга: Хамтрагчтай. Боломж: 7 хоногт 3-4 удаа. Хүсэж буй хамтрагчийн түвшин: Ахисан.
SS0189,18,UI/UX дизайн,Бичих чадвар,Ахисан,C++,Дунд,Дунд,Ахисан,Ахисан,Хэл,Одоогийн чадвараа сайжруулах,Практик хийж сурах,Амралтын өдөр,Discord,"Заах чадвар: UI/UX дизайн (Дунд), Хоёрдогч чадвар: Бичих чадвар. Сурах чадвар: C++ (Зорилтот түвшин: Дунд). Сонирхол: Хэл. Зорилго: Одоогийн чадвараа сайжруулах. Сурах арга: Практик хийж сурах. Боломж: Амралтын өдөр. Хүсэж буй хамтрагчийн түвшин: Ахисан."
SS0190,16,Физик,Байхгүй,Дунд,Багаар ажиллах,Ахисан,Дунд,Дунд,Суурь,Контент,Тэмцээнд бэлдэх,Багштай,7 хоногт 3-4 удаа,Instagram,Заах чадвар: Физик (Дунд). Сурах чадвар: Багаар ажиллах (Зорилтот түвшин: Ахисан). Сонирхол: Контент. Зорилго: Тэмцээнд бэлдэх. Сурах арга: Багштай. Боломж: 7 хоногт 3-4 удаа. Хүсэж буй хамтрагчийн түвшин: Суурь.
SS0191,15,Солонгос хэл,Байхгүй,Анхан,Математик,Ахисан,Анхан,Дунд,Ахисан,Боловсрол,Төсөл хийх,Уншиж сурах,Өдөр бүр,Messenger,Заах чадвар: Солонгос хэл (Анхан). Сурах чадвар: Математик (Зорилтот түвшин: Ахисан). Сонирхол: Боловсрол. Зорилго: Төсөл хийх. Сурах арга: Уншиж сурах. Боломж: Өдөр бүр. Хүсэж буй хамтрагчийн түвшин: Ахисан.
SS0192,17,Гитар,Байхгүй,Дунд,Зурах,Ахисан,Дунд,Суурь,Дунд,Хөгжим,Одоогийн чадвараа сайжруулах,Уншиж сурах,Амралтын өдөр,Facebook,Заах чадвар: Гитар (Дунд). Сурах чадвар: Зурах (Зорилтот түвшин: Ахисан). Сонирхол: Хөгжим. Зорилго: Одоогийн чадвараа сайжруулах. Сурах арга: Уншиж сурах. Боломж: Амралтын өдөр. Хүсэж буй хамтрагчийн түвшин: Дунд.
SS0193,14,Япон хэл,Байхгүй,Анхан,Python,Ахисан,Анхан,Суурь,Дунд,Боловсрол,Одоогийн чадвараа сайжруулах,Уншиж сурах,Амралтын өдөр,Telegram,Заах чадвар: Япон хэл (Анхан). Сурах чадвар: Python (Зорилтот түвшин: Ахисан). Сонирхол: Боловсрол. Зорилго: Одоогийн чадвараа сайжруулах. Сурах арга: Уншиж сурах. Боломж: Амралтын өдөр. Хүсэж буй хамтрагчийн түвшин: Дунд.
SS0194,15,Шатар,Байхгүй,Суурь,Япон хэл,Ахисан,Суурь,Дунд,Ахисан,Дизайн,Хоббигоо хөгжүүлэх,Багштай,Өдөр бүр,Zoom,Заах чадвар: Шатар (Суурь). Сурах чадвар: Япон хэл (Зорилтот түвшин: Ахисан). Сонирхол: Дизайн. Зорилго: Хоббигоо хөгжүүлэх. Сурах арга: Багштай. Боломж: Өдөр бүр. Хүсэж буй хамтрагчийн түвшин: Ахисан.
SS0195,13,Шатар,Байхгүй,Анхан,Манлайлал,Суурь,Анхан,Анхан,Ахисан,Боловсрол,Төсөл хийх,Уншиж сурах,Өдөр бүр,Google Meet,Заах чадвар: Шатар (Анхан). Сурах чадвар: Манлайлал (Зорилтот түвшин: Суурь). Сонирхол: Боловсрол. Зорилго: Төсөл хийх. Сурах арга: Уншиж сурах. Боломж: Өдөр бүр. Хүсэж буй хамтрагчийн түвшин: Ахисан.
SS0196,17,Япон хэл,Солонгос хэл,Суурь,Зураг авах,Ахисан,Суурь,Анхан,Ахисан,Бизнес,Хичээлдээ ашиглах,Практик хийж сурах,Амралтын өдөр,Discord,"Заах чадвар: Япон хэл (Суурь), Хоёрдогч чадвар: Солонгос хэл. Сурах чадвар: Зураг авах (Зорилтот түвшин: Ахисан). Сонирхол: Бизнес. Зорилго: Хичээлдээ ашиглах. Сурах арга: Практик хийж сурах. Боломж: Амралтын өдөр. Хүсэж буй хамтрагчийн түвшин: Ахисан."
SS0197,17,Excel,Байхгүй,Суурь,Англи хэл,Суурь,Суурь,Суурь,Анхан,Хөгжим,Хоббигоо хөгжүүлэх,Видео,Өдөр бүр,Instagram,Заах чадвар: Excel (Суурь). Сурах чадвар: Англи хэл (Зорилтот түвшин: Суурь). Сонирхол: Хөгжим. Зорилго: Хоббигоо хөгжүүлэх. Сурах арга: Видео. Боломж: Өдөр бүр. Хүсэж буй хамтрагчийн түвшин: Анхан.
SS0198,13,Контент бүтээлт,Python,Суурь,Гитар,Суурь,Суурь,Дунд,Анхан,Технологи,Төсөл хийх,Уншиж сурах,Амралтын өдөр,Messenger,"Заах чадвар: Контент бүтээлт (Суурь), Хоёрдогч чадвар: Python. Сурах чадвар: Гитар (Зорилтот түвшин: Суурь). Сонирхол: Технологи. Зорилго: Төсөл хийх. Сурах арга: Уншиж сурах. Боломж: Амралтын өдөр. Хүсэж буй хамтрагчийн түвшин: Анхан."
SS0199,16,Зурах,Байхгүй,Дунд,Гитар,Суурь,Дунд,Дунд,Анхан,Хөгжим,Шинэ чадвар сурах,Хамтрагчтай,Амралтын өдөр,Facebook,Заах чадвар: Зурах (Дунд). Сурах чадвар: Гитар (Зорилтот түвшин: Суурь). Сонирхол: Хөгжим. Зорилго: Шинэ чадвар сурах. Сурах арга: Хамтрагчтай. Боломж: Амралтын өдөр. Хүсэж буй хамтрагчийн түвшин: Анхан.
SS0200,18,JavaScript,Байхгүй,Ахисан,Шатар,Дунд,Ахисан,Дунд,Суурь,Медиа,Шинэ чадвар сурах,Уншиж сурах,Өдөр бүр,Telegram,Заах чадвар: JavaScript (Ахисан). Сурах чадвар: Шатар (Зорилтот түвшин: Дунд). Сонирхол: Медиа. Зорилго: Шинэ чадвар сурах. Сурах арга: Уншиж сурах. Боломж: Өдөр бүр. Хүсэж буй хамтрагчийн түвшин: Суурь.
SS0201,16,Физик,Байхгүй,Суурь,Математик,Дунд,Суурь,Суурь,Суурь,Контент,Хичээлдээ ашиглах,Багштай,7 хоногт 3-4 удаа,Zoom,Заах чадвар: Физик (Суурь). Сурах чадвар: Математик (Зорилтот түвшин: Дунд). Сонирхол: Контент. Зорилго: Хичээлдээ ашиглах. Сурах арга: Багштай. Боломж: 7 хоногт 3-4 удаа. Хүсэж буй хамтрагчийн түвшин: Суурь.
SS0202,13,Япон хэл,Байхгүй,Анхан,Төгөлдөр хуур,Дунд,Анхан,Суурь,Анхан,Контент,Шинэ чадвар сурах,Хамтрагчтай,Амралтын өдөр,Google Meet,Заах чадвар: Япон хэл (Анхан). Сурах чадвар: Төгөлдөр хуур (Зорилтот түвшин: Дунд). Сонирхол: Контент. Зорилго: Шинэ чадвар сурах. Сурах арга: Хамтрагчтай. Боломж: Амралтын өдөр. Хүсэж буй хамтрагчийн түвшин: Анхан.
SS0203,17,Төгөлдөр хуур,Судалгаа,Суурь,Англи хэл,Суурь,Суурь,Ахисан,Анхан,Шинжлэх ухаан,Төсөл хийх,Хамтрагчтай,Амралтын өдөр,Discord,"Заах чадвар: Төгөлдөр хуур (Суурь), Хоёрдогч чадвар: Судалгаа. Сурах чадвар: Англи хэл (Зорилтот түвшин: Суурь). Сонирхол: Шинжлэх ухаан. Зорилго: Төсөл хийх. Сурах арга: Хамтрагчтай. Боломж: Амралтын өдөр. Хүсэж буй хамтрагчийн түвшин: Анхан."
SS0204,18,Судалгаа,Байхгүй,Суурь,График дизайн,Суурь,Суурь,Анхан,Суурь,Бүтээлч ажил,Одоогийн чадвараа сайжруулах,Практик хийж сурах,Өдөр бүр,Instagram,Заах чадвар: Судалгаа (Суурь). Сурах чадвар: График дизайн (Зорилтот түвшин: Суурь). Сонирхол: Бүтээлч ажил. Зорилго: Одоогийн чадвараа сайжруулах. Сурах арга: Практик хийж сурах. Боломж: Өдөр бүр. Хүсэж буй хамтрагчийн түвшин: Суурь.
SS0205,14,Шатар,Байхгүй,Суурь,Манлайлал,Суурь,Суурь,Суурь,Суурь,Математик,Тэмцээнд бэлдэх,Багштай,7 хоногт 1-2 удаа,Messenger,Заах чадвар: Шатар (Суурь). Сурах чадвар: Манлайлал (Зорилтот түвшин: Суурь). Сонирхол: Математик. Зорилго: Тэмцээнд бэлдэх. Сурах арга: Багштай. Боломж: 7 хоногт 1-2 удаа. Хүсэж буй хамтрагчийн түвшин: Суурь.
SS0206,13,Сошиал медиа,Байхгүй,Суурь,Төгөлдөр хуур,Суурь,Суурь,Дунд,Ахисан,Бүтээлч ажил,Ирээдүйн мэргэжилдээ ашиглах,Видео,7 хоногт 1-2 удаа,Facebook,Заах чадвар: Сошиал медиа (Суурь). Сурах чадвар: Төгөлдөр хуур (Зорилтот түвшин: Суурь). Сонирхол: Бүтээлч ажил. Зорилго: Ирээдүйн мэргэжилдээ ашиглах. Сурах арга: Видео. Боломж: 7 хоногт 1-2 удаа. Хүсэж буй хамтрагчийн түвшин: Ахисан.
SS0207,14,Шатар,Солонгос хэл,Дунд,Илтгэх урлаг,Ахисан,Дунд,Суурь,Ахисан,Контент,Хичээлдээ ашиглах,Багштай,7 хоногт 3-4 удаа,Telegram,"Заах чадвар: Шатар (Дунд), Хоёрдогч чадвар: Солонгос хэл. Сурах чадвар: Илтгэх урлаг (Зорилтот түвшин: Ахисан). Сонирхол: Контент. Зорилго: Хичээлдээ ашиглах. Сурах арга: Багштай. Боломж: 7 хоногт 3-4 удаа. Хүсэж буй хамтрагчийн түвшин: Ахисан."
SS0208,15,График дизайн,Байхгүй,Дунд,Сошиал медиа,Дунд,Анхан,Дунд,Дунд,Боловсрол,Төсөл хийх,Уншиж сурах,Амралтын өдөр,Zoom,Заах чадвар: График дизайн (Анхан). Сурах чадвар: Сошиал медиа (Зорилтот түвшин: Дунд). Сонирхол: Боловсрол. Зорилго: Төсөл хийх. Сурах арга: Уншиж сурах. Боломж: Амралтын өдөр. Хүсэж буй хамтрагчийн түвшин: Дунд.
SS0209,14,Видео эвлүүлэг,Бичих чадвар,Суурь,График дизайн,Суурь,Суурь,Суурь,Анхан,Контент,Шинэ чадвар сурах,Багштай,Амралтын өдөр,Google Meet,"Заах чадвар: Видео эвлүүлэг (Суурь), Хоёрдогч чадвар: Бичих чадвар. Сурах чадвар: График дизайн (Зорилтот түвшин: Суурь). Сонирхол: Контент. Зорилго: Шинэ чадвар сурах. Сурах арга: Багштай. Боломж: Амралтын өдөр. Хүсэж буй хамтрагчийн түвшин: Анхан."
SS0210,13,График дизайн,Байхгүй,Суурь,Canva,Дунд,Суурь,Дунд,Суурь,Контент,Ирээдүйн мэргэжилдээ ашиглах,Видео,7 хоногт 3-4 удаа,Discord,Заах чадвар: График дизайн (Суурь). Сурах чадвар: Canva (Зорилтот түвшин: Дунд). Сонирхол: Контент. Зорилго: Ирээдүйн мэргэжилдээ ашиглах. Сурах арга: Видео. Боломж: 7 хоногт 3-4 удаа. Хүсэж буй хамтрагчийн түвшин: Суурь.
SS0211,13,Гитар,Солонгос хэл,Суурь,Canva,Дунд,Суурь,Ахисан,Анхан,Спорт,Тэмцээнд бэлдэх,Багштай,7 хоногт 1-2 удаа,Instagram,"Заах чадвар: Гитар (Суурь), Хоёрдогч чадвар: Солонгос хэл. Сурах чадвар: Canva (Зорилтот түвшин: Дунд). Сонирхол: Спорт. Зорилго: Тэмцээнд бэлдэх. Сурах арга: Багштай. Боломж: 7 хоногт 1-2 удаа. Хүсэж буй хамтрагчийн түвшин: Анхан."
SS0212,17,Бичих чадвар,Байхгүй,Дунд,Солонгос хэл,Дунд,Дунд,Ахисан,Ахисан,Урлаг,Шинэ чадвар сурах,Уншиж сурах,7 хоногт 1-2 удаа,Messenger,Заах чадвар: Бичих чадвар (Дунд). Сурах чадвар: Солонгос хэл (Зорилтот түвшин: Дунд). Сонирхол: Урлаг. Зорилго: Шинэ чадвар сурах. Сурах арга: Уншиж сурах. Боломж: 7 хоногт 1-2 удаа. Хүсэж буй хамтрагчийн түвшин: Ахисан.
SS0213,15,Илтгэх урлаг,Байхгүй,Дунд,Манлайлал,Ахисан,Дунд,Суурь,Суурь,Математик,Төсөл хийх,Уншиж сурах,7 хоногт 1-2 удаа,Facebook,Заах чадвар: Илтгэх урлаг (Дунд). Сурах чадвар: Манлайлал (Зорилтот түвшин: Ахисан). Сонирхол: Математик. Зорилго: Төсөл хийх. Сурах арга: Уншиж сурах. Боломж: 7 хоногт 1-2 удаа. Хүсэж буй хамтрагчийн түвшин: Суурь.
SS0214,18,C++,Figma,Ахисан,Илтгэх урлаг,Дунд,Ахисан,Дунд,Дунд,Математик,Тэмцээнд бэлдэх,Уншиж сурах,7 хоногт 1-2 удаа,Telegram,"Заах чадвар: C++ (Ахисан), Хоёрдогч чадвар: Figma. Сурах чадвар: Илтгэх урлаг (Зорилтот түвшин: Дунд). Сонирхол: Математик. Зорилго: Тэмцээнд бэлдэх. Сурах арга: Уншиж сурах. Боломж: 7 хоногт 1-2 удаа. Хүсэж буй хамтрагчийн түвшин: Дунд."
SS0215,17,Контент бүтээлт,Байхгүй,Анхан,Сошиал медиа,Суурь,Анхан,Дунд,Ахисан,Програмчлал,Хичээлдээ ашиглах,Хамтрагчтай,Өдөр бүр,Zoom,Заах чадвар: Контент бүтээлт (Анхан). Сурах чадвар: Сошиал медиа (Зорилтот түвшин: Суурь). Сонирхол: Програмчлал. Зорилго: Хичээлдээ ашиглах. Сурах арга: Хамтрагчтай. Боломж: Өдөр бүр. Хүсэж буй хамтрагчийн түвшин: Ахисан.
SS0216,18,Төгөлдөр хуур,Байхгүй,Суурь,Математик,Суурь,Суурь,Анхан,Суурь,Програмчлал,Төсөл хийх,Практик хийж сурах,7 хоногт 3-4 удаа,Google Meet,Заах чадвар: Төгөлдөр хуур (Суурь). Сурах чадвар: Математик (Зорилтот түвшин: Суурь). Сонирхол: Програмчлал. Зорилго: Төсөл хийх. Сурах арга: Практик хийж сурах. Боломж: 7 хоногт 3-4 удаа. Хүсэж буй хамтрагчийн түвшин: Суурь.
SS0217,17,Төгөлдөр хуур,Байхгүй,Анхан,Figma,Ахисан,Анхан,Суурь,Дунд,Хөгжим,Хоббигоо хөгжүүлэх,Багштай,Өдөр бүр,Discord,Заах чадвар: Төгөлдөр хуур (Анхан). Сурах чадвар: Figma (Зорилтот түвшин: Ахисан). Сонирхол: Хөгжим. Зорилго: Хоббигоо хөгжүүлэх. Сурах арга: Багштай. Боломж: Өдөр бүр. Хүсэж буй хамтрагчийн түвшин: Дунд.
SS0218,14,Төгөлдөр хуур,Байхгүй,Суурь,Судалгаа,Ахисан,Суурь,Дунд,Ахисан,Бизнес,Ирээдүйн мэргэжилдээ ашиглах,Уншиж сурах,Өдөр бүр,Instagram,Заах чадвар: Төгөлдөр хуур (Суурь). Сурах чадвар: Судалгаа (Зорилтот түвшин: Ахисан). Сонирхол: Бизнес. Зорилго: Ирээдүйн мэргэжилдээ ашиглах. Сурах арга: Уншиж сурах. Боломж: Өдөр бүр. Хүсэж буй хамтрагчийн түвшин: Ахисан.
SS0219,15,Шатар,Байхгүй,Суурь,Илтгэх урлаг,Ахисан,Суурь,Ахисан,Дунд,Боловсрол,Тэмцээнд бэлдэх,Хамтрагчтай,7 хоногт 3-4 удаа,Messenger,Заах чадвар: Шатар (Суурь). Сурах чадвар: Илтгэх урлаг (Зорилтот түвшин: Ахисан). Сонирхол: Боловсрол. Зорилго: Тэмцээнд бэлдэх. Сурах арга: Хамтрагчтай. Боломж: 7 хоногт 3-4 удаа. Хүсэж буй хамтрагчийн түвшин: Дунд.
SS0220,15,Canva,Байхгүй,Суурь,C++,Дунд,Суурь,Анхан,Анхан,Урлаг,Шинэ чадвар сурах,Практик хийж сурах,Амралтын өдөр,Facebook,Заах чадвар: Canva (Суурь). Сурах чадвар: C++ (Зорилтот түвшин: Дунд). Сонирхол: Урлаг. Зорилго: Шинэ чадвар сурах. Сурах арга: Практик хийж сурах. Боломж: Амралтын өдөр. Хүсэж буй хамтрагчийн түвшин: Анхан.
SS0221,15,Контент бүтээлт,Япон хэл,Суурь,Спорт,Суурь,Суурь,Суурь,Дунд,Дизайн,Шинэ чадвар сурах,Багштай,7 хоногт 1-2 удаа,Telegram,"Заах чадвар: Контент бүтээлт (Суурь), Хоёрдогч чадвар: Япон хэл. Сурах чадвар: Спорт (Зорилтот түвшин: Суурь). Сонирхол: Дизайн. Зорилго: Шинэ чадвар сурах. Сурах арга: Багштай. Боломж: 7 хоногт 1-2 удаа. Хүсэж буй хамтрагчийн түвшин: Дунд."
SS0222,13,Вэб хөгжүүлэлт,Байхгүй,Анхан,Контент бүтээлт,Суурь,Анхан,Анхан,Суурь,Боловсрол,Ирээдүйн мэргэжилдээ ашиглах,Уншиж сурах,7 хоногт 3-4 удаа,Zoom,Заах чадвар: Вэб хөгжүүлэлт (Анхан). Сурах чадвар: Контент бүтээлт (Зорилтот түвшин: Суурь). Сонирхол: Боловсрол. Зорилго: Ирээдүйн мэргэжилдээ ашиглах. Сурах арга: Уншиж сурах. Боломж: 7 хоногт 3-4 удаа. Хүсэж буй хамтрагчийн түвшин: Суурь.
SS0223,14,Илтгэх урлаг,Байхгүй,Суурь,3D моделчлол,Ахисан,Суурь,Ахисан,Суурь,Контент,Хичээлдээ ашиглах,Багштай,Өдөр бүр,Google Meet,Заах чадвар: Илтгэх урлаг (Суурь). Сурах чадвар: 3D моделчлол (Зорилтот түвшин: Ахисан). Сонирхол: Контент. Зорилго: Хичээлдээ ашиглах. Сурах арга: Багштай. Боломж: Өдөр бүр. Хүсэж буй хамтрагчийн түвшин: Суурь.
SS0224,15,Excel,Байхгүй,Анхан,Зурах,Суурь,Анхан,Дунд,Дунд,Математик,Төсөл хийх,Видео,7 хоногт 3-4 удаа,Discord,Заах чадвар: Excel (Анхан). Сурах чадвар: Зурах (Зорилтот түвшин: Суурь). Сонирхол: Математик. Зорилго: Төсөл хийх. Сурах арга: Видео. Боломж: 7 хоногт 3-4 удаа. Хүсэж буй хамтрагчийн түвшин: Дунд.
SS0225,18,Математик,Спорт,Дунд,C++,Ахисан,Дунд,Суурь,Анхан,Контент,Ирээдүйн мэргэжилдээ ашиглах,Хамтрагчтай,Амралтын өдөр,Instagram,"Заах чадвар: Математик (Дунд), Хоёрдогч чадвар: Спорт. Сурах чадвар: C++ (Зорилтот түвшин: Ахисан). Сонирхол: Контент. Зорилго: Ирээдүйн мэргэжилдээ ашиглах. Сурах арга: Хамтрагчтай. Боломж: Амралтын өдөр. Хүсэж буй хамтрагчийн түвшин: Анхан."
SS0226,17,Бичих чадвар,Байхгүй,Дунд,Canva,Суурь,Дунд,Дунд,Суурь,Програмчлал,Шинэ чадвар сурах,Уншиж сурах,7 хоногт 1-2 удаа,Messenger,Заах чадвар: Бичих чадвар (Дунд). Сурах чадвар: Canva (Зорилтот түвшин: Суурь). Сонирхол: Програмчлал. Зорилго: Шинэ чадвар сурах. Сурах арга: Уншиж сурах. Боломж: 7 хоногт 1-2 удаа. Хүсэж буй хамтрагчийн түвшин: Суурь.
SS0227,17,Япон хэл,Шатар,Анхан,Видео эвлүүлэг,Ахисан,Анхан,Дунд,Суурь,Контент,Тэмцээнд бэлдэх,Багштай,7 хоногт 3-4 удаа,Facebook,"Заах чадвар: Япон хэл (Анхан), Хоёрдогч чадвар: Шатар. Сурах чадвар: Видео эвлүүлэг (Зорилтот түвшин: Ахисан). Сонирхол: Контент. Зорилго: Тэмцээнд бэлдэх. Сурах арга: Багштай. Боломж: 7 хоногт 3-4 удаа. Хүсэж буй хамтрагчийн түвшин: Суурь."
SS0228,16,UI/UX дизайн,Байхгүй,Анхан,Англи хэл,Суурь,Анхан,Анхан,Суурь,Бүтээлч ажил,Тэмцээнд бэлдэх,Практик хийж сурах,Өдөр бүр,Telegram,Заах чадвар: UI/UX дизайн (Анхан). Сурах чадвар: Англи хэл (Зорилтот түвшин: Суурь). Сонирхол: Бүтээлч ажил. Зорилго: Тэмцээнд бэлдэх. Сурах арга: Практик хийж сурах. Боломж: Өдөр бүр. Хүсэж буй хамтрагчийн түвшин: Суурь.
SS0229,18,Математик,Байхгүй,Суурь,Манлайлал,Дунд,Суурь,Суурь,Анхан,Боловсрол,Одоогийн чадвараа сайжруулах,Багштай,Амралтын өдөр,Zoom,Заах чадвар: Математик (Суурь). Сурах чадвар: Манлайлал (Зорилтот түвшин: Дунд). Сонирхол: Боловсрол. Зорилго: Одоогийн чадвараа сайжруулах. Сурах арга: Багштай. Боломж: Амралтын өдөр. Хүсэж буй хамтрагчийн түвшин: Анхан.
SS0230,14,3D моделчлол,Байхгүй,Анхан,Python,Дунд,Анхан,Дунд,Анхан,Хэл,Ирээдүйн мэргэжилдээ ашиглах,Багштай,Амралтын өдөр,Google Meet,Заах чадвар: 3D моделчлол (Анхан). Сурах чадвар: Python (Зорилтот түвшин: Дунд). Сонирхол: Хэл. Зорилго: Ирээдүйн мэргэжилдээ ашиглах. Сурах арга: Багштай. Боломж: Амралтын өдөр. Хүсэж буй хамтрагчийн түвшин: Анхан.
SS0231,18,3D моделчлол,Байхгүй,Суурь,Видео эвлүүлэг,Ахисан,Суурь,Ахисан,Суурь,Шинжлэх ухаан,Хичээлдээ ашиглах,Багштай,Өдөр бүр,Discord,Заах чадвар: 3D моделчлол (Суурь). Сурах чадвар: Видео эвлүүлэг (Зорилтот түвшин: Ахисан). Сонирхол: Шинжлэх ухаан. Зорилго: Хичээлдээ ашиглах. Сурах арга: Багштай. Боломж: Өдөр бүр. Хүсэж буй хамтрагчийн түвшин: Суурь.
SS0232,13,Япон хэл,Байхгүй,Суурь,Багаар ажиллах,Суурь,Суурь,Анхан,Дунд,Медиа,Хоббигоо хөгжүүлэх,Уншиж сурах,7 хоногт 3-4 удаа,Instagram,Заах чадвар: Япон хэл (Суурь). Сурах чадвар: Багаар ажиллах (Зорилтот түвшин: Суурь). Сонирхол: Медиа. Зорилго: Хоббигоо хөгжүүлэх. Сурах арга: Уншиж сурах. Боломж: 7 хоногт 3-4 удаа. Хүсэж буй хамтрагчийн түвшин: Дунд.
SS0233,14,Манлайлал,Байхгүй,Суурь,Төгөлдөр хуур,Суурь,Суурь,Суурь,Суурь,Математик,Ирээдүйн мэргэжилдээ ашиглах,Практик хийж сурах,7 хоногт 1-2 удаа,Messenger,Заах чадвар: Манлайлал (Суурь). Сурах чадвар: Төгөлдөр хуур (Зорилтот түвшин: Суурь). Сонирхол: Математик. Зорилго: Ирээдүйн мэргэжилдээ ашиглах. Сурах арга: Практик хийж сурах. Боломж: 7 хоногт 1-2 удаа. Хүсэж буй хамтрагчийн түвшин: Суурь.
SS0234,14,Илтгэх урлаг,Байхгүй,Суурь,Спорт,Суурь,Суурь,Дунд,Суурь,Спорт,Одоогийн чадвараа сайжруулах,Уншиж сурах,7 хоногт 3-4 удаа,Facebook,Заах чадвар: Илтгэх урлаг (Суурь). Сурах чадвар: Спорт (Зорилтот түвшин: Суурь). Сонирхол: Спорт. Зорилго: Одоогийн чадвараа сайжруулах. Сурах арга: Уншиж сурах. Боломж: 7 хоногт 3-4 удаа. Хүсэж буй хамтрагчийн түвшин: Суурь.
SS0235,14,Төгөлдөр хуур,Байхгүй,Дунд,Илтгэх урлаг,Ахисан,Дунд,Дунд,Анхан,Спорт,Тэмцээнд бэлдэх,Багштай,Амралтын өдөр,Telegram,Заах чадвар: Төгөлдөр хуур (Дунд). Сурах чадвар: Илтгэх урлаг (Зорилтот түвшин: Ахисан). Сонирхол: Спорт. Зорилго: Тэмцээнд бэлдэх. Сурах арга: Багштай. Боломж: Амралтын өдөр. Хүсэж буй хамтрагчийн түвшин: Анхан.
SS0236,15,Хөгжим,Байхгүй,Анхан,Контент бүтээлт,Дунд,Анхан,Дунд,Анхан,Дизайн,Ирээдүйн мэргэжилдээ ашиглах,Багштай,7 хоногт 1-2 удаа,Zoom,Заах чадвар: Хөгжим (Анхан). Сурах чадвар: Контент бүтээлт (Зорилтот түвшин: Дунд). Сонирхол: Дизайн. Зорилго: Ирээдүйн мэргэжилдээ ашиглах. Сурах арга: Багштай. Боломж: 7 хоногт 1-2 удаа. Хүсэж буй хамтрагчийн түвшин: Анхан.
SS0237,13,Манлайлал,Байхгүй,Анхан,Шатар,Дунд,Анхан,Анхан,Дунд,Шинжлэх ухаан,Тэмцээнд бэлдэх,Багштай,7 хоногт 3-4 удаа,Google Meet,Заах чадвар: Манлайлал (Анхан). Сурах чадвар: Шатар (Зорилтот түвшин: Дунд). Сонирхол: Шинжлэх ухаан. Зорилго: Тэмцээнд бэлдэх. Сурах арга: Багштай. Боломж: 7 хоногт 3-4 удаа. Хүсэж буй хамтрагчийн түвшин: Дунд.
SS0238,16,Илтгэх урлаг,Байхгүй,Суурь,Манлайлал,Ахисан,Суурь,Дунд,Ахисан,Медиа,Шинэ чадвар сурах,Видео,Өдөр бүр,Discord,Заах чадвар: Илтгэх урлаг (Суурь). Сурах чадвар: Манлайлал (Зорилтот түвшин: Ахисан). Сонирхол: Медиа. Зорилго: Шинэ чадвар сурах. Сурах арга: Видео. Боломж: Өдөр бүр. Хүсэж буй хамтрагчийн түвшин: Ахисан.
SS0239,16,Python,Байхгүй,Анхан,Зураг авах,Ахисан,Анхан,Дунд,Дунд,Хэл,Хоббигоо хөгжүүлэх,Практик хийж сурах,7 хоногт 3-4 удаа,Instagram,Заах чадвар: Python (Анхан). Сурах чадвар: Зураг авах (Зорилтот түвшин: Ахисан). Сонирхол: Хэл. Зорилго: Хоббигоо хөгжүүлэх. Сурах арга: Практик хийж сурах. Боломж: 7 хоногт 3-4 удаа. Хүсэж буй хамтрагчийн түвшин: Дунд.
SS0240,13,График дизайн,Байхгүй,Анхан,Гитар,Ахисан,Суурь,Анхан,Анхан,Спорт,Хичээлдээ ашиглах,Уншиж сурах,Амралтын өдөр,Messenger,Заах чадвар: График дизайн (Суурь). Сурах чадвар: Гитар (Зорилтот түвшин: Ахисан). Сонирхол: Спорт. Зорилго: Хичээлдээ ашиглах. Сурах арга: Уншиж сурах. Боломж: Амралтын өдөр. Хүсэж буй хамтрагчийн түвшин: Анхан.
SS0241,17,Төгөлдөр хуур,JavaScript,Анхан,Видео эвлүүлэг,Дунд,Анхан,Суурь,Анхан,Технологи,Хоббигоо хөгжүүлэх,Видео,7 хоногт 1-2 удаа,Facebook,"Заах чадвар: Төгөлдөр хуур (Анхан), Хоёрдогч чадвар: JavaScript. Сурах чадвар: Видео эвлүүлэг (Зорилтот түвшин: Дунд). Сонирхол: Технологи. Зорилго: Хоббигоо хөгжүүлэх. Сурах арга: Видео. Боломж: 7 хоногт 1-2 удаа. Хүсэж буй хамтрагчийн түвшин: Анхан."
SS0242,13,Манлайлал,Байхгүй,Суурь,Figma,Суурь,Суурь,Дунд,Суурь,Урлаг,Төсөл хийх,Практик хийж сурах,7 хоногт 1-2 удаа,Telegram,Заах чадвар: Манлайлал (Суурь). Сурах чадвар: Figma (Зорилтот түвшин: Суурь). Сонирхол: Урлаг. Зорилго: Төсөл хийх. Сурах арга: Практик хийж сурах. Боломж: 7 хоногт 1-2 удаа. Хүсэж буй хамтрагчийн түвшин: Суурь.
SS0243,18,Canva,Байхгүй,Дунд,Сошиал медиа,Суурь,Дунд,Суурь,Суурь,Хөгжим,Ирээдүйн мэргэжилдээ ашиглах,Хамтрагчтай,Өдөр бүр,Zoom,Заах чадвар: Canva (Дунд). Сурах чадвар: Сошиал медиа (Зорилтот түвшин: Суурь). Сонирхол: Хөгжим. Зорилго: Ирээдүйн мэргэжилдээ ашиглах. Сурах арга: Хамтрагчтай. Боломж: Өдөр бүр. Хүсэж буй хамтрагчийн түвшин: Суурь.
SS0244,16,Excel,Байхгүй,Дунд,Бичих чадвар,Ахисан,Дунд,Дунд,Суурь,Дизайн,Шинэ чадвар сурах,Уншиж сурах,Өдөр бүр,Google Meet,Заах чадвар: Excel (Дунд). Сурах чадвар: Бичих чадвар (Зорилтот түвшин: Ахисан). Сонирхол: Дизайн. Зорилго: Шинэ чадвар сурах. Сурах арга: Уншиж сурах. Боломж: Өдөр бүр. Хүсэж буй хамтрагчийн түвшин: Суурь.
SS0245,14,Шатар,Байхгүй,Суурь,Видео эвлүүлэг,Дунд,Суурь,Суурь,Дунд,Програмчлал,Ирээдүйн мэргэжилдээ ашиглах,Видео,7 хоногт 3-4 удаа,Discord,Заах чадвар: Шатар (Суурь). Сурах чадвар: Видео эвлүүлэг (Зорилтот түвшин: Дунд). Сонирхол: Програмчлал. Зорилго: Ирээдүйн мэргэжилдээ ашиглах. Сурах арга: Видео. Боломж: 7 хоногт 3-4 удаа. Хүсэж буй хамтрагчийн түвшин: Дунд.
SS0246,17,Шатар,Судалгаа,Дунд,Төгөлдөр хуур,Ахисан,Дунд,Суурь,Анхан,Шинжлэх ухаан,Хичээлдээ ашиглах,Багштай,7 хоногт 1-2 удаа,Instagram,"Заах чадвар: Шатар (Дунд), Хоёрдогч чадвар: Судалгаа. Сурах чадвар: Төгөлдөр хуур (Зорилтот түвшин: Ахисан). Сонирхол: Шинжлэх ухаан. Зорилго: Хичээлдээ ашиглах. Сурах арга: Багштай. Боломж: 7 хоногт 1-2 удаа. Хүсэж буй хамтрагчийн түвшин: Анхан."
SS0247,14,Сошиал медиа,Байхгүй,Анхан,Судалгаа,Ахисан,Анхан,Суурь,Дунд,Математик,Төсөл хийх,Видео,Өдөр бүр,Messenger,Заах чадвар: Сошиал медиа (Анхан). Сурах чадвар: Судалгаа (Зорилтот түвшин: Ахисан). Сонирхол: Математик. Зорилго: Төсөл хийх. Сурах арга: Видео. Боломж: Өдөр бүр. Хүсэж буй хамтрагчийн түвшин: Дунд.
SS0248,18,Зураг авах,Байхгүй,Суурь,Figma,Дунд,Суурь,Анхан,Анхан,Медиа,Ирээдүйн мэргэжилдээ ашиглах,Видео,Өдөр бүр,Facebook,Заах чадвар: Зураг авах (Суурь). Сурах чадвар: Figma (Зорилтот түвшин: Дунд). Сонирхол: Медиа. Зорилго: Ирээдүйн мэргэжилдээ ашиглах. Сурах арга: Видео. Боломж: Өдөр бүр. Хүсэж буй хамтрагчийн түвшин: Анхан.
SS0249,17,Python,Байхгүй,Ахисан,Япон хэл,Ахисан,Ахисан,Ахисан,Ахисан,Боловсрол,Тэмцээнд бэлдэх,Хамтрагчтай,Амралтын өдөр,Telegram,Заах чадвар: Python (Ахисан). Сурах чадвар: Япон хэл (Зорилтот түвшин: Ахисан). Сонирхол: Боловсрол. Зорилго: Тэмцээнд бэлдэх. Сурах арга: Хамтрагчтай. Боломж: Амралтын өдөр. Хүсэж буй хамтрагчийн түвшин: Ахисан.
SS0250,15,График дизайн,Байхгүй,Дунд,Гитар,Ахисан,Дунд,Дунд,Анхан,Шинжлэх ухаан,Тэмцээнд бэлдэх,Уншиж сурах,7 хоногт 1-2 удаа,Zoom,Заах чадвар: График дизайн (Дунд). Сурах чадвар: Гитар (Зорилтот түвшин: Ахисан). Сонирхол: Шинжлэх ухаан. Зорилго: Тэмцээнд бэлдэх. Сурах арга: Уншиж сурах. Боломж: 7 хоногт 1-2 удаа. Хүсэж буй хамтрагчийн түвшин: Анхан.
SS0251,14,Япон хэл,Байхгүй,Ахисан,Спорт,Дунд,Ахисан,Ахисан,Суурь,Урлаг,Төсөл хийх,Багштай,Өдөр бүр,Google Meet,Заах чадвар: Япон хэл (Ахисан). Сурах чадвар: Спорт (Зорилтот түвшин: Дунд). Сонирхол: Урлаг. Зорилго: Төсөл хийх. Сурах арга: Багштай. Боломж: Өдөр бүр. Хүсэж буй хамтрагчийн түвшин: Суурь.
SS0252,15,Видео эвлүүлэг,Байхгүй,Дунд,Python,Ахисан,Дунд,Суурь,Суурь,Медиа,Төсөл хийх,Практик хийж сурах,7 хоногт 3-4 удаа,Discord,Заах чадвар: Видео эвлүүлэг (Дунд). Сурах чадвар: Python (Зорилтот түвшин: Ахисан). Сонирхол: Медиа. Зорилго: Төсөл хийх. Сурах арга: Практик хийж сурах. Боломж: 7 хоногт 3-4 удаа. Хүсэж буй хамтрагчийн түвшин: Суурь.
SS0253,13,Спорт,Байхгүй,Дунд,Сошиал медиа,Дунд,Дунд,Дунд,Анхан,Спорт,Төсөл хийх,Хамтрагчтай,Өдөр бүр,Instagram,Заах чадвар: Спорт (Дунд). Сурах чадвар: Сошиал медиа (Зорилтот түвшин: Дунд). Сонирхол: Спорт. Зорилго: Төсөл хийх. Сурах арга: Хамтрагчтай. Боломж: Өдөр бүр. Хүсэж буй хамтрагчийн түвшин: Анхан.
SS0254,15,C++,Байхгүй,Анхан,Excel,Дунд,Суурь,Дунд,Анхан,Медиа,Одоогийн чадвараа сайжруулах,Видео,Өдөр бүр,Messenger,Заах чадвар: C++ (Суурь). Сурах чадвар: Excel (Зорилтот түвшин: Дунд). Сонирхол: Медиа. Зорилго: Одоогийн чадвараа сайжруулах. Сурах арга: Видео. Боломж: Өдөр бүр. Хүсэж буй хамтрагчийн түвшин: Анхан.
SS0255,16,Вэб хөгжүүлэлт,Байхгүй,Анхан,Багаар ажиллах,Суурь,Анхан,Анхан,Дунд,Бүтээлч ажил,Одоогийн чадвараа сайжруулах,Видео,Амралтын өдөр,Facebook,Заах чадвар: Вэб хөгжүүлэлт (Анхан). Сурах чадвар: Багаар ажиллах (Зорилтот түвшин: Суурь). Сонирхол: Бүтээлч ажил. Зорилго: Одоогийн чадвараа сайжруулах. Сурах арга: Видео. Боломж: Амралтын өдөр. Хүсэж буй хамтрагчийн түвшин: Дунд.
SS0256,13,Физик,Байхгүй,Суурь,Excel,Ахисан,Суурь,Анхан,Анхан,Технологи,Хоббигоо хөгжүүлэх,Уншиж сурах,7 хоногт 3-4 удаа,Telegram,Заах чадвар: Физик (Суурь). Сурах чадвар: Excel (Зорилтот түвшин: Ахисан). Сонирхол: Технологи. Зорилго: Хоббигоо хөгжүүлэх. Сурах арга: Уншиж сурах. Боломж: 7 хоногт 3-4 удаа. Хүсэж буй хамтрагчийн түвшин: Анхан.
SS0257,15,Canva,Байхгүй,Дунд,График дизайн,Ахисан,Дунд,Ахисан,Дунд,Дизайн,Одоогийн чадвараа сайжруулах,Видео,7 хоногт 1-2 удаа,Zoom,Заах чадвар: Canva (Дунд). Сурах чадвар: График дизайн (Зорилтот түвшин: Ахисан). Сонирхол: Дизайн. Зорилго: Одоогийн чадвараа сайжруулах. Сурах арга: Видео. Боломж: 7 хоногт 1-2 удаа. Хүсэж буй хамтрагчийн түвшин: Дунд.
SS0258,17,3D моделчлол,Байхгүй,Дунд,Контент бүтээлт,Суурь,Дунд,Суурь,Анхан,Боловсрол,Одоогийн чадвараа сайжруулах,Хамтрагчтай,7 хоногт 3-4 удаа,Google Meet,Заах чадвар: 3D моделчлол (Дунд). Сурах чадвар: Контент бүтээлт (Зорилтот түвшин: Суурь). Сонирхол: Боловсрол. Зорилго: Одоогийн чадвараа сайжруулах. Сурах арга: Хамтрагчтай. Боломж: 7 хоногт 3-4 удаа. Хүсэж буй хамтрагчийн түвшин: Анхан.
SS0259,15,Судалгаа,3D моделчлол,Суурь,Figma,Ахисан,Суурь,Ахисан,Суурь,Контент,Одоогийн чадвараа сайжруулах,Практик хийж сурах,Өдөр бүр,Discord,"Заах чадвар: Судалгаа (Суурь), Хоёрдогч чадвар: 3D моделчлол. Сурах чадвар: Figma (Зорилтот түвшин: Ахисан). Сонирхол: Контент. Зорилго: Одоогийн чадвараа сайжруулах. Сурах арга: Практик хийж сурах. Боломж: Өдөр бүр. Хүсэж буй хамтрагчийн түвшин: Суурь."
SS0260,15,Figma,Байхгүй,Ахисан,JavaScript,Суурь,Ахисан,Дунд,Дунд,Шинжлэх ухаан,Хичээлдээ ашиглах,Хамтрагчтай,Амралтын өдөр,Instagram,Заах чадвар: Figma (Ахисан). Сурах чадвар: JavaScript (Зорилтот түвшин: Суурь). Сонирхол: Шинжлэх ухаан. Зорилго: Хичээлдээ ашиглах. Сурах арга: Хамтрагчтай. Боломж: Амралтын өдөр. Хүсэж буй хамтрагчийн түвшин: Дунд.
SS0261,16,Excel,Видео эвлүүлэг,Суурь,Шатар,Ахисан,Суурь,Суурь,Суурь,Математик,Хичээлдээ ашиглах,Видео,Амралтын өдөр,Messenger,"Заах чадвар: Excel (Суурь), Хоёрдогч чадвар: Видео эвлүүлэг. Сурах чадвар: Шатар (Зорилтот түвшин: Ахисан). Сонирхол: Математик. Зорилго: Хичээлдээ ашиглах. Сурах арга: Видео. Боломж: Амралтын өдөр. Хүсэж буй хамтрагчийн түвшин: Суурь."
SS0262,15,Физик,Байхгүй,Суурь,Илтгэх урлаг,Дунд,Суурь,Дунд,Анхан,Шинжлэх ухаан,Одоогийн чадвараа сайжруулах,Видео,7 хоногт 3-4 удаа,Facebook,Заах чадвар: Физик (Суурь). Сурах чадвар: Илтгэх урлаг (Зорилтот түвшин: Дунд). Сонирхол: Шинжлэх ухаан. Зорилго: Одоогийн чадвараа сайжруулах. Сурах арга: Видео. Боломж: 7 хоногт 3-4 удаа. Хүсэж буй хамтрагчийн түвшин: Анхан.
SS0263,15,Зураг авах,JavaScript,Суурь,Видео эвлүүлэг,Дунд,Суурь,Ахисан,Анхан,Спорт,Хоббигоо хөгжүүлэх,Багштай,7 хоногт 1-2 удаа,Telegram,"Заах чадвар: Зураг авах (Суурь), Хоёрдогч чадвар: JavaScript. Сурах чадвар: Видео эвлүүлэг (Зорилтот түвшин: Дунд). Сонирхол: Спорт. Зорилго: Хоббигоо хөгжүүлэх. Сурах арга: Багштай. Боломж: 7 хоногт 1-2 удаа. Хүсэж буй хамтрагчийн түвшин: Анхан."
SS0264,14,График дизайн,Байхгүй,Суурь,Математик,Суурь,Суурь,Анхан,Анхан,Урлаг,Тэмцээнд бэлдэх,Уншиж сурах,7 хоногт 1-2 удаа,Zoom,Заах чадвар: График дизайн (Суурь). Сурах чадвар: Математик (Зорилтот түвшин: Суурь). Сонирхол: Урлаг. Зорилго: Тэмцээнд бэлдэх. Сурах арга: Уншиж сурах. Боломж: 7 хоногт 1-2 удаа. Хүсэж буй хамтрагчийн түвшин: Анхан.
SS0265,16,Гитар,Байхгүй,Ахисан,Япон хэл,Ахисан,Ахисан,Ахисан,Ахисан,Боловсрол,Шинэ чадвар сурах,Хамтрагчтай,7 хоногт 3-4 удаа,Google Meet,Заах чадвар: Гитар (Ахисан). Сурах чадвар: Япон хэл (Зорилтот түвшин: Ахисан). Сонирхол: Боловсрол. Зорилго: Шинэ чадвар сурах. Сурах арга: Хамтрагчтай. Боломж: 7 хоногт 3-4 удаа. Хүсэж буй хамтрагчийн түвшин: Ахисан.
SS0266,14,Видео эвлүүлэг,Байхгүй,Анхан,Контент бүтээлт,Суурь,Анхан,Дунд,Анхан,Бүтээлч ажил,Хичээлдээ ашиглах,Багштай,7 хоногт 1-2 удаа,Discord,Заах чадвар: Видео эвлүүлэг (Анхан). Сурах чадвар: Контент бүтээлт (Зорилтот түвшин: Суурь). Сонирхол: Бүтээлч ажил. Зорилго: Хичээлдээ ашиглах. Сурах арга: Багштай. Боломж: 7 хоногт 1-2 удаа. Хүсэж буй хамтрагчийн түвшин: Анхан.
SS0267,13,3D моделчлол,Байхгүй,Дунд,Зурах,Ахисан,Дунд,Суурь,Дунд,Дизайн,Хоббигоо хөгжүүлэх,Уншиж сурах,Өдөр бүр,Instagram,Заах чадвар: 3D моделчлол (Дунд). Сурах чадвар: Зурах (Зорилтот түвшин: Ахисан). Сонирхол: Дизайн. Зорилго: Хоббигоо хөгжүүлэх. Сурах арга: Уншиж сурах. Боломж: Өдөр бүр. Хүсэж буй хамтрагчийн түвшин: Дунд.
SS0268,18,Видео эвлүүлэг,Байхгүй,Анхан,Вэб хөгжүүлэлт,Дунд,Анхан,Суурь,Дунд,Технологи,Одоогийн чадвараа сайжруулах,Багштай,Амралтын өдөр,Messenger,Заах чадвар: Видео эвлүүлэг (Анхан). Сурах чадвар: Вэб хөгжүүлэлт (Зорилтот түвшин: Дунд). Сонирхол: Технологи. Зорилго: Одоогийн чадвараа сайжруулах. Сурах арга: Багштай. Боломж: Амралтын өдөр. Хүсэж буй хамтрагчийн түвшин: Дунд.
SS0269,17,Математик,Байхгүй,Суурь,Англи хэл,Ахисан,Суурь,Суурь,Ахисан,Шинжлэх ухаан,Тэмцээнд бэлдэх,Практик хийж сурах,Амралтын өдөр,Facebook,Заах чадвар: Математик (Суурь). Сурах чадвар: Англи хэл (Зорилтот түвшин: Ахисан). Сонирхол: Шинжлэх ухаан. Зорилго: Тэмцээнд бэлдэх. Сурах арга: Практик хийж сурах. Боломж: Амралтын өдөр. Хүсэж буй хамтрагчийн түвшин: Ахисан.
SS0270,17,Вэб хөгжүүлэлт,Байхгүй,Анхан,Видео эвлүүлэг,Ахисан,Анхан,Анхан,Дунд,Медиа,Тэмцээнд бэлдэх,Хамтрагчтай,Өдөр бүр,Telegram,Заах чадвар: Вэб хөгжүүлэлт (Анхан). Сурах чадвар: Видео эвлүүлэг (Зорилтот түвшин: Ахисан). Сонирхол: Медиа. Зорилго: Тэмцээнд бэлдэх. Сурах арга: Хамтрагчтай. Боломж: Өдөр бүр. Хүсэж буй хамтрагчийн түвшин: Дунд.
SS0271,15,C++,Байхгүй,Суурь,3D моделчлол,Дунд,Суурь,Ахисан,Суурь,Хэл,Ирээдүйн мэргэжилдээ ашиглах,Видео,7 хоногт 1-2 удаа,Zoom,Заах чадвар: C++ (Суурь). Сурах чадвар: 3D моделчлол (Зорилтот түвшин: Дунд). Сонирхол: Хэл. Зорилго: Ирээдүйн мэргэжилдээ ашиглах. Сурах арга: Видео. Боломж: 7 хоногт 1-2 удаа. Хүсэж буй хамтрагчийн түвшин: Суурь.
SS0272,17,Python,Байхгүй,Суурь,Судалгаа,Ахисан,Суурь,Анхан,Суурь,Шинжлэх ухаан,Одоогийн чадвараа сайжруулах,Уншиж сурах,Өдөр бүр,Google Meet,Заах чадвар: Python (Суурь). Сурах чадвар: Судалгаа (Зорилтот түвшин: Ахисан). Сонирхол: Шинжлэх ухаан. Зорилго: Одоогийн чадвараа сайжруулах. Сурах арга: Уншиж сурах. Боломж: Өдөр бүр. Хүсэж буй хамтрагчийн түвшин: Суурь.
SS0273,14,Солонгос хэл,Байхгүй,Ахисан,3D моделчлол,Дунд,Ахисан,Ахисан,Дунд,Бизнес,Одоогийн чадвараа сайжруулах,Уншиж сурах,7 хоногт 3-4 удаа,Discord,Заах чадвар: Солонгос хэл (Ахисан). Сурах чадвар: 3D моделчлол (Зорилтот түвшин: Дунд). Сонирхол: Бизнес. Зорилго: Одоогийн чадвараа сайжруулах. Сурах арга: Уншиж сурах. Боломж: 7 хоногт 3-4 удаа. Хүсэж буй хамтрагчийн түвшин: Дунд.
SS0274,18,Сошиал медиа,Байхгүй,Ахисан,Спорт,Ахисан,Ахисан,Дунд,Ахисан,Математик,Хоббигоо хөгжүүлэх,Уншиж сурах,7 хоногт 3-4 удаа,Instagram,Заах чадвар: Сошиал медиа (Ахисан). Сурах чадвар: Спорт (Зорилтот түвшин: Ахисан). Сонирхол: Математик. Зорилго: Хоббигоо хөгжүүлэх. Сурах арга: Уншиж сурах. Боломж: 7 хоногт 3-4 удаа. Хүсэж буй хамтрагчийн түвшин: Ахисан.
SS0275,14,UI/UX дизайн,Вэб хөгжүүлэлт,Анхан,Япон хэл,Ахисан,Анхан,Дунд,Суурь,Дизайн,Ирээдүйн мэргэжилдээ ашиглах,Видео,7 хоногт 1-2 удаа,Messenger,"Заах чадвар: UI/UX дизайн (Анхан), Хоёрдогч чадвар: Вэб хөгжүүлэлт. Сурах чадвар: Япон хэл (Зорилтот түвшин: Ахисан). Сонирхол: Дизайн. Зорилго: Ирээдүйн мэргэжилдээ ашиглах. Сурах арга: Видео. Боломж: 7 хоногт 1-2 удаа. Хүсэж буй хамтрагчийн түвшин: Суурь."
SS0276,13,Сошиал медиа,Байхгүй,Анхан,Зураг авах,Суурь,Анхан,Анхан,Дунд,Математик,Хоббигоо хөгжүүлэх,Уншиж сурах,Өдөр бүр,Facebook,Заах чадвар: Сошиал медиа (Анхан). Сурах чадвар: Зураг авах (Зорилтот түвшин: Суурь). Сонирхол: Математик. Зорилго: Хоббигоо хөгжүүлэх. Сурах арга: Уншиж сурах. Боломж: Өдөр бүр. Хүсэж буй хамтрагчийн түвшин: Дунд.
SS0277,15,График дизайн,Байхгүй,Дунд,Canva,Дунд,Дунд,Дунд,Ахисан,Хэл,Хоббигоо хөгжүүлэх,Уншиж сурах,Амралтын өдөр,Telegram,Заах чадвар: График дизайн (Дунд). Сурах чадвар: Canva (Зорилтот түвшин: Дунд). Сонирхол: Хэл. Зорилго: Хоббигоо хөгжүүлэх. Сурах арга: Уншиж сурах. Боломж: Амралтын өдөр. Хүсэж буй хамтрагчийн түвшин: Ахисан.
SS0278,14,Хөгжим,3D моделчлол,Дунд,Илтгэх урлаг,Ахисан,Дунд,Ахисан,Дунд,Бүтээлч ажил,Төсөл хийх,Уншиж сурах,Амралтын өдөр,Zoom,"Заах чадвар: Хөгжим (Дунд), Хоёрдогч чадвар: 3D моделчлол. Сурах чадвар: Илтгэх урлаг (Зорилтот түвшин: Ахисан). Сонирхол: Бүтээлч ажил. Зорилго: Төсөл хийх. Сурах арга: Уншиж сурах. Боломж: Амралтын өдөр. Хүсэж буй хамтрагчийн түвшин: Дунд."
SS0279,17,Зураг авах,Байхгүй,Ахисан,Математик,Суурь,Ахисан,Ахисан,Анхан,Математик,Хичээлдээ ашиглах,Практик хийж сурах,7 хоногт 3-4 удаа,Google Meet,Заах чадвар: Зураг авах (Ахисан). Сурах чадвар: Математик (Зорилтот түвшин: Суурь). Сонирхол: Математик. Зорилго: Хичээлдээ ашиглах. Сурах арга: Практик хийж сурах. Боломж: 7 хоногт 3-4 удаа. Хүсэж буй хамтрагчийн түвшин: Анхан.
SS0280,15,Судалгаа,Шатар,Анхан,C++,Ахисан,Анхан,Суурь,Дунд,Урлаг,Шинэ чадвар сурах,Практик хийж сурах,Амралтын өдөр,Discord,"Заах чадвар: Судалгаа (Анхан), Хоёрдогч чадвар: Шатар. Сурах чадвар: C++ (Зорилтот түвшин: Ахисан). Сонирхол: Урлаг. Зорилго: Шинэ чадвар сурах. Сурах арга: Практик хийж сурах. Боломж: Амралтын өдөр. Хүсэж буй хамтрагчийн түвшин: Дунд."
SS0281,13,Математик,Байхгүй,Суурь,Солонгос хэл,Дунд,Суурь,Суурь,Ахисан,Боловсрол,Тэмцээнд бэлдэх,Багштай,7 хоногт 3-4 удаа,Instagram,Заах чадвар: Математик (Суурь). Сурах чадвар: Солонгос хэл (Зорилтот түвшин: Дунд). Сонирхол: Боловсрол. Зорилго: Тэмцээнд бэлдэх. Сурах арга: Багштай. Боломж: 7 хоногт 3-4 удаа. Хүсэж буй хамтрагчийн түвшин: Ахисан.
SS0282,14,Багаар ажиллах,Байхгүй,Суурь,Canva,Суурь,Суурь,Дунд,Дунд,Медиа,Шинэ чадвар сурах,Видео,7 хоногт 1-2 удаа,Messenger,Заах чадвар: Багаар ажиллах (Суурь). Сурах чадвар: Canva (Зорилтот түвшин: Суурь). Сонирхол: Медиа. Зорилго: Шинэ чадвар сурах. Сурах арга: Видео. Боломж: 7 хоногт 1-2 удаа. Хүсэж буй хамтрагчийн түвшин: Дунд.
SS0283,13,Солонгос хэл,Математик,Дунд,Видео эвлүүлэг,Суурь,Дунд,Дунд,Анхан,Бизнес,Хичээлдээ ашиглах,Хамтрагчтай,Амралтын өдөр,Facebook,"Заах чадвар: Солонгос хэл (Дунд), Хоёрдогч чадвар: Математик. Сурах чадвар: Видео эвлүүлэг (Зорилтот түвшин: Суурь). Сонирхол: Бизнес. Зорилго: Хичээлдээ ашиглах. Сурах арга: Хамтрагчтай. Боломж: Амралтын өдөр. Хүсэж буй хамтрагчийн түвшин: Анхан."
SS0284,14,Figma,Excel,Анхан,Гитар,Дунд,Анхан,Дунд,Дунд,Боловсрол,Хичээлдээ ашиглах,Хамтрагчтай,7 хоногт 1-2 удаа,Telegram,"Заах чадвар: Figma (Анхан), Хоёрдогч чадвар: Excel. Сурах чадвар: Гитар (Зорилтот түвшин: Дунд). Сонирхол: Боловсрол. Зорилго: Хичээлдээ ашиглах. Сурах арга: Хамтрагчтай. Боломж: 7 хоногт 1-2 удаа. Хүсэж буй хамтрагчийн түвшин: Дунд."
SS0285,13,Япон хэл,Excel,Суурь,Физик,Суурь,Суурь,Суурь,Ахисан,Контент,Хоббигоо хөгжүүлэх,Видео,7 хоногт 1-2 удаа,Zoom,"Заах чадвар: Япон хэл (Суурь), Хоёрдогч чадвар: Excel. Сурах чадвар: Физик (Зорилтот түвшин: Суурь). Сонирхол: Контент. Зорилго: Хоббигоо хөгжүүлэх. Сурах арга: Видео. Боломж: 7 хоногт 1-2 удаа. Хүсэж буй хамтрагчийн түвшин: Ахисан."
SS0286,13,Математик,Физик,Дунд,Видео эвлүүлэг,Дунд,Дунд,Дунд,Ахисан,Дизайн,Шинэ чадвар сурах,Багштай,7 хоногт 1-2 удаа,Google Meet,"Заах чадвар: Математик (Дунд), Хоёрдогч чадвар: Физик. Сурах чадвар: Видео эвлүүлэг (Зорилтот түвшин: Дунд). Сонирхол: Дизайн. Зорилго: Шинэ чадвар сурах. Сурах арга: Багштай. Боломж: 7 хоногт 1-2 удаа. Хүсэж буй хамтрагчийн түвшин: Ахисан."
SS0287,15,Англи хэл,Байхгүй,Суурь,Canva,Дунд,Суурь,Ахисан,Анхан,Спорт,Ирээдүйн мэргэжилдээ ашиглах,Уншиж сурах,7 хоногт 1-2 удаа,Discord,Заах чадвар: Англи хэл (Суурь). Сурах чадвар: Canva (Зорилтот түвшин: Дунд). Сонирхол: Спорт. Зорилго: Ирээдүйн мэргэжилдээ ашиглах. Сурах арга: Уншиж сурах. Боломж: 7 хоногт 1-2 удаа. Хүсэж буй хамтрагчийн түвшин: Анхан.
SS0288,17,Зураг авах,Байхгүй,Анхан,Сошиал медиа,Ахисан,Анхан,Анхан,Ахисан,Технологи,Ирээдүйн мэргэжилдээ ашиглах,Багштай,Амралтын өдөр,Instagram,Заах чадвар: Зураг авах (Анхан). Сурах чадвар: Сошиал медиа (Зорилтот түвшин: Ахисан). Сонирхол: Технологи. Зорилго: Ирээдүйн мэргэжилдээ ашиглах. Сурах арга: Багштай. Боломж: Амралтын өдөр. Хүсэж буй хамтрагчийн түвшин: Ахисан.
SS0289,18,3D моделчлол,Байхгүй,Суурь,Судалгаа,Ахисан,Суурь,Суурь,Ахисан,Математик,Шинэ чадвар сурах,Хамтрагчтай,7 хоногт 3-4 удаа,Messenger,Заах чадвар: 3D моделчлол (Суурь). Сурах чадвар: Судалгаа (Зорилтот түвшин: Ахисан). Сонирхол: Математик. Зорилго: Шинэ чадвар сурах. Сурах арга: Хамтрагчтай. Боломж: 7 хоногт 3-4 удаа. Хүсэж буй хамтрагчийн түвшин: Ахисан.
SS0290,16,Англи хэл,Байхгүй,Дунд,Математик,Ахисан,Дунд,Ахисан,Дунд,Контент,Хоббигоо хөгжүүлэх,Уншиж сурах,7 хоногт 3-4 удаа,Facebook,Заах чадвар: Англи хэл (Дунд). Сурах чадвар: Математик (Зорилтот түвшин: Ахисан). Сонирхол: Контент. Зорилго: Хоббигоо хөгжүүлэх. Сурах арга: Уншиж сурах. Боломж: 7 хоногт 3-4 удаа. Хүсэж буй хамтрагчийн түвшин: Дунд.
SS0291,16,Илтгэх урлаг,Байхгүй,Анхан,Шатар,Дунд,Анхан,Анхан,Анхан,Бүтээлч ажил,Хоббигоо хөгжүүлэх,Практик хийж сурах,Амралтын өдөр,Telegram,Заах чадвар: Илтгэх урлаг (Анхан). Сурах чадвар: Шатар (Зорилтот түвшин: Дунд). Сонирхол: Бүтээлч ажил. Зорилго: Хоббигоо хөгжүүлэх. Сурах арга: Практик хийж сурах. Боломж: Амралтын өдөр. Хүсэж буй хамтрагчийн түвшин: Анхан.
SS0292,16,Сошиал медиа,Байхгүй,Суурь,Төгөлдөр хуур,Суурь,Суурь,Анхан,Анхан,Математик,Шинэ чадвар сурах,Хамтрагчтай,Өдөр бүр,Zoom,Заах чадвар: Сошиал медиа (Суурь). Сурах чадвар: Төгөлдөр хуур (Зорилтот түвшин: Суурь). Сонирхол: Математик. Зорилго: Шинэ чадвар сурах. Сурах арга: Хамтрагчтай. Боломж: Өдөр бүр. Хүсэж буй хамтрагчийн түвшин: Анхан.
SS0293,16,Сошиал медиа,Байхгүй,Дунд,Япон хэл,Дунд,Дунд,Ахисан,Суурь,Математик,Шинэ чадвар сурах,Хамтрагчтай,Амралтын өдөр,Google Meet,Заах чадвар: Сошиал медиа (Дунд). Сурах чадвар: Япон хэл (Зорилтот түвшин: Дунд). Сонирхол: Математик. Зорилго: Шинэ чадвар сурах. Сурах арга: Хамтрагчтай. Боломж: Амралтын өдөр. Хүсэж буй хамтрагчийн түвшин: Суурь.
SS0294,16,Солонгос хэл,Гитар,Дунд,Figma,Ахисан,Дунд,Суурь,Дунд,Шинжлэх ухаан,Төсөл хийх,Видео,Амралтын өдөр,Discord,"Заах чадвар: Солонгос хэл (Дунд), Хоёрдогч чадвар: Гитар. Сурах чадвар: Figma (Зорилтот түвшин: Ахисан). Сонирхол: Шинжлэх ухаан. Зорилго: Төсөл хийх. Сурах арга: Видео. Боломж: Амралтын өдөр. Хүсэж буй хамтрагчийн түвшин: Дунд."
SS0295,16,Python,Байхгүй,Суурь,Бичих чадвар,Ахисан,Суурь,Ахисан,Ахисан,Урлаг,Төсөл хийх,Уншиж сурах,7 хоногт 3-4 удаа,Instagram,Заах чадвар: Python (Суурь). Сурах чадвар: Бичих чадвар (Зорилтот түвшин: Ахисан). Сонирхол: Урлаг. Зорилго: Төсөл хийх. Сурах арга: Уншиж сурах. Боломж: 7 хоногт 3-4 удаа. Хүсэж буй хамтрагчийн түвшин: Ахисан.
SS0296,13,Шатар,Байхгүй,Дунд,Манлайлал,Дунд,Дунд,Ахисан,Дунд,Шинжлэх ухаан,Хоббигоо хөгжүүлэх,Багштай,Амралтын өдөр,Messenger,Заах чадвар: Шатар (Дунд). Сурах чадвар: Манлайлал (Зорилтот түвшин: Дунд). Сонирхол: Шинжлэх ухаан. Зорилго: Хоббигоо хөгжүүлэх. Сурах арга: Багштай. Боломж: Амралтын өдөр. Хүсэж буй хамтрагчийн түвшин: Дунд.
SS0297,17,Контент бүтээлт,Байхгүй,Анхан,Вэб хөгжүүлэлт,Суурь,Анхан,Анхан,Суурь,Медиа,Одоогийн чадвараа сайжруулах,Хамтрагчтай,Өдөр бүр,Facebook,Заах чадвар: Контент бүтээлт (Анхан). Сурах чадвар: Вэб хөгжүүлэлт (Зорилтот түвшин: Суурь). Сонирхол: Медиа. Зорилго: Одоогийн чадвараа сайжруулах. Сурах арга: Хамтрагчтай. Боломж: Өдөр бүр. Хүсэж буй хамтрагчийн түвшин: Суурь.
SS0298,13,Багаар ажиллах,Байхгүй,Анхан,Контент бүтээлт,Ахисан,Анхан,Суурь,Ахисан,Шинжлэх ухаан,Хоббигоо хөгжүүлэх,Практик хийж сурах,7 хоногт 1-2 удаа,Telegram,Заах чадвар: Багаар ажиллах (Анхан). Сурах чадвар: Контент бүтээлт (Зорилтот түвшин: Ахисан). Сонирхол: Шинжлэх ухаан. Зорилго: Хоббигоо хөгжүүлэх. Сурах арга: Практик хийж сурах. Боломж: 7 хоногт 1-2 удаа. Хүсэж буй хамтрагчийн түвшин: Ахисан.
SS0299,15,JavaScript,Байхгүй,Анхан,Canva,Ахисан,Анхан,Дунд,Дунд,Дизайн,Ирээдүйн мэргэжилдээ ашиглах,Уншиж сурах,Амралтын өдөр,Zoom,Заах чадвар: JavaScript (Анхан). Сурах чадвар: Canva (Зорилтот түвшин: Ахисан). Сонирхол: Дизайн. Зорилго: Ирээдүйн мэргэжилдээ ашиглах. Сурах арга: Уншиж сурах. Боломж: Амралтын өдөр. Хүсэж буй хамтрагчийн түвшин: Дунд.
SS0300,15,Бичих чадвар,Байхгүй,Суурь,Англи хэл,Дунд,Суурь,Анхан,Суурь,Технологи,Хоббигоо хөгжүүлэх,Уншиж сурах,7 хоногт 3-4 удаа,Google Meet,Заах чадвар: Бичих чадвар (Суурь). Сурах чадвар: Англи хэл (Зорилтот түвшин: Дунд). Сонирхол: Технологи. Зорилго: Хоббигоо хөгжүүлэх. Сурах арга: Уншиж сурах. Боломж: 7 хоногт 3-4 удаа. Хүсэж буй хамтрагчийн түвшин: Суурь.
SS0301,13,Хөгжим,Байхгүй,Суурь,Физик,Суурь,Суурь,Суурь,Анхан,Дизайн,Ирээдүйн мэргэжилдээ ашиглах,Уншиж сурах,7 хоногт 3-4 удаа,Discord,Заах чадвар: Хөгжим (Суурь). Сурах чадвар: Физик (Зорилтот түвшин: Суурь). Сонирхол: Дизайн. Зорилго: Ирээдүйн мэргэжилдээ ашиглах. Сурах арга: Уншиж сурах. Боломж: 7 хоногт 3-4 удаа. Хүсэж буй хамтрагчийн түвшин: Анхан.
SS0302,16,Физик,Байхгүй,Ахисан,Япон хэл,Дунд,Дунд,Дунд,Дунд,Дизайн,Тэмцээнд бэлдэх,Практик хийж сурах,7 хоногт 3-4 удаа,Instagram,Заах чадвар: Физик (Дунд). Сурах чадвар: Япон хэл (Зорилтот түвшин: Дунд). Сонирхол: Дизайн. Зорилго: Тэмцээнд бэлдэх. Сурах арга: Практик хийж сурах. Боломж: 7 хоногт 3-4 удаа. Хүсэж буй хамтрагчийн түвшин: Дунд.
SS0303,17,Гитар,Байхгүй,Суурь,JavaScript,Дунд,Суурь,Ахисан,Анхан,Хөгжим,Төсөл хийх,Хамтрагчтай,7 хоногт 1-2 удаа,Messenger,Заах чадвар: Гитар (Суурь). Сурах чадвар: JavaScript (Зорилтот түвшин: Дунд). Сонирхол: Хөгжим. Зорилго: Төсөл хийх. Сурах арга: Хамтрагчтай. Боломж: 7 хоногт 1-2 удаа. Хүсэж буй хамтрагчийн түвшин: Анхан.
SS0304,15,C++,Байхгүй,Суурь,График дизайн,Ахисан,Суурь,Анхан,Суурь,Боловсрол,Одоогийн чадвараа сайжруулах,Практик хийж сурах,7 хоногт 3-4 удаа,Facebook,Заах чадвар: C++ (Суурь). Сурах чадвар: График дизайн (Зорилтот түвшин: Ахисан). Сонирхол: Боловсрол. Зорилго: Одоогийн чадвараа сайжруулах. Сурах арга: Практик хийж сурах. Боломж: 7 хоногт 3-4 удаа. Хүсэж буй хамтрагчийн түвшин: Суурь.
SS0305,18,Багаар ажиллах,Байхгүй,Дунд,Вэб хөгжүүлэлт,Ахисан,Дунд,Ахисан,Дунд,Хэл,Төсөл хийх,Видео,Амралтын өдөр,Telegram,Заах чадвар: Багаар ажиллах (Дунд). Сурах чадвар: Вэб хөгжүүлэлт (Зорилтот түвшин: Ахисан). Сонирхол: Хэл. Зорилго: Төсөл хийх. Сурах арга: Видео. Боломж: Амралтын өдөр. Хүсэж буй хамтрагчийн түвшин: Дунд.
SS0306,17,Судалгаа,Байхгүй,Дунд,Figma,Дунд,Дунд,Суурь,Дунд,Боловсрол,Хичээлдээ ашиглах,Уншиж сурах,Амралтын өдөр,Zoom,Заах чадвар: Судалгаа (Дунд). Сурах чадвар: Figma (Зорилтот түвшин: Дунд). Сонирхол: Боловсрол. Зорилго: Хичээлдээ ашиглах. Сурах арга: Уншиж сурах. Боломж: Амралтын өдөр. Хүсэж буй хамтрагчийн түвшин: Дунд.
SS0307,15,JavaScript,Байхгүй,Дунд,Япон хэл,Дунд,Суурь,Дунд,Дунд,Хэл,Хичээлдээ ашиглах,Практик хийж сурах,7 хоногт 3-4 удаа,Google Meet,Заах чадвар: JavaScript (Суурь). Сурах чадвар: Япон хэл (Зорилтот түвшин: Дунд). Сонирхол: Хэл. Зорилго: Хичээлдээ ашиглах. Сурах арга: Практик хийж сурах. Боломж: 7 хоногт 3-4 удаа. Хүсэж буй хамтрагчийн түвшин: Дунд.
SS0308,15,Хөгжим,Байхгүй,Анхан,График дизайн,Дунд,Анхан,Дунд,Анхан,Математик,Хоббигоо хөгжүүлэх,Практик хийж сурах,Амралтын өдөр,Discord,Заах чадвар: Хөгжим (Анхан). Сурах чадвар: График дизайн (Зорилтот түвшин: Дунд). Сонирхол: Математик. Зорилго: Хоббигоо хөгжүүлэх. Сурах арга: Практик хийж сурах. Боломж: Амралтын өдөр. Хүсэж буй хамтрагчийн түвшин: Анхан.
SS0309,16,C++,Байхгүй,Суурь,Вэб хөгжүүлэлт,Ахисан,Суурь,Суурь,Анхан,Урлаг,Тэмцээнд бэлдэх,Багштай,7 хоногт 1-2 удаа,Instagram,Заах чадвар: C++ (Суурь). Сурах чадвар: Вэб хөгжүүлэлт (Зорилтот түвшин: Ахисан). Сонирхол: Урлаг. Зорилго: Тэмцээнд бэлдэх. Сурах арга: Багштай. Боломж: 7 хоногт 1-2 удаа. Хүсэж буй хамтрагчийн түвшин: Анхан.
SS0310,14,Манлайлал,Математик,Суурь,Багаар ажиллах,Ахисан,Суурь,Дунд,Суурь,Хэл,Төсөл хийх,Видео,Амралтын өдөр,Messenger,"Заах чадвар: Манлайлал (Суурь), Хоёрдогч чадвар: Математик. Сурах чадвар: Багаар ажиллах (Зорилтот түвшин: Ахисан). Сонирхол: Хэл. Зорилго: Төсөл хийх. Сурах арга: Видео. Боломж: Амралтын өдөр. Хүсэж буй хамтрагчийн түвшин: Суурь."
SS0311,17,Илтгэх урлаг,C++,Суурь,Гитар,Дунд,Суурь,Ахисан,Ахисан,Медиа,Ирээдүйн мэргэжилдээ ашиглах,Видео,7 хоногт 3-4 удаа,Facebook,"Заах чадвар: Илтгэх урлаг (Суурь), Хоёрдогч чадвар: C++. Сурах чадвар: Гитар (Зорилтот түвшин: Дунд). Сонирхол: Медиа. Зорилго: Ирээдүйн мэргэжилдээ ашиглах. Сурах арга: Видео. Боломж: 7 хоногт 3-4 удаа. Хүсэж буй хамтрагчийн түвшин: Ахисан."
SS0312,13,Хөгжим,Байхгүй,Ахисан,Figma,Суурь,Ахисан,Дунд,Суурь,Боловсрол,Төсөл хийх,Практик хийж сурах,Өдөр бүр,Telegram,Заах чадвар: Хөгжим (Ахисан). Сурах чадвар: Figma (Зорилтот түвшин: Суурь). Сонирхол: Боловсрол. Зорилго: Төсөл хийх. Сурах арга: Практик хийж сурах. Боломж: Өдөр бүр. Хүсэж буй хамтрагчийн түвшин: Суурь.
SS0313,15,Python,Сошиал медиа,Анхан,Төгөлдөр хуур,Суурь,Анхан,Суурь,Анхан,Контент,Одоогийн чадвараа сайжруулах,Хамтрагчтай,7 хоногт 1-2 удаа,Zoom,"Заах чадвар: Python (Анхан), Хоёрдогч чадвар: Сошиал медиа. Сурах чадвар: Төгөлдөр хуур (Зорилтот түвшин: Суурь). Сонирхол: Контент. Зорилго: Одоогийн чадвараа сайжруулах. Сурах арга: Хамтрагчтай. Боломж: 7 хоногт 1-2 удаа. Хүсэж буй хамтрагчийн түвшин: Анхан."
SS0314,16,Контент бүтээлт,Байхгүй,Суурь,Вэб хөгжүүлэлт,Суурь,Суурь,Дунд,Суурь,Бизнес,Хоббигоо хөгжүүлэх,Багштай,7 хоногт 1-2 удаа,Google Meet,Заах чадвар: Контент бүтээлт (Суурь). Сурах чадвар: Вэб хөгжүүлэлт (Зорилтот түвшин: Суурь). Сонирхол: Бизнес. Зорилго: Хоббигоо хөгжүүлэх. Сурах арга: Багштай. Боломж: 7 хоногт 1-2 удаа. Хүсэж буй хамтрагчийн түвшин: Суурь.
SS0315,14,Англи хэл,Байхгүй,Анхан,Контент бүтээлт,Суурь,Суурь,Анхан,Дунд,Математик,Шинэ чадвар сурах,Хамтрагчтай,7 хоногт 3-4 удаа,Discord,Заах чадвар: Англи хэл (Суурь). Сурах чадвар: Контент бүтээлт (Зорилтот түвшин: Суурь). Сонирхол: Математик. Зорилго: Шинэ чадвар сурах. Сурах арга: Хамтрагчтай. Боломж: 7 хоногт 3-4 удаа. Хүсэж буй хамтрагчийн түвшин: Дунд.
SS0316,17,Төгөлдөр хуур,Байхгүй,Суурь,Хөгжим,Суурь,Суурь,Анхан,Анхан,Математик,Хичээлдээ ашиглах,Видео,Өдөр бүр,Instagram,Заах чадвар: Төгөлдөр хуур (Суурь). Сурах чадвар: Хөгжим (Зорилтот түвшин: Суурь). Сонирхол: Математик. Зорилго: Хичээлдээ ашиглах. Сурах арга: Видео. Боломж: Өдөр бүр. Хүсэж буй хамтрагчийн түвшин: Анхан.
SS0317,16,Вэб хөгжүүлэлт,C++,Суурь,Спорт,Суурь,Суурь,Суурь,Анхан,Шинжлэх ухаан,Тэмцээнд бэлдэх,Видео,7 хоногт 1-2 удаа,Messenger,"Заах чадвар: Вэб хөгжүүлэлт (Суурь), Хоёрдогч чадвар: C++. Сурах чадвар: Спорт (Зорилтот түвшин: Суурь). Сонирхол: Шинжлэх ухаан. Зорилго: Тэмцээнд бэлдэх. Сурах арга: Видео. Боломж: 7 хоногт 1-2 удаа. Хүсэж буй хамтрагчийн түвшин: Анхан."
SS0318,13,Гитар,Байхгүй,Дунд,JavaScript,Ахисан,Дунд,Суурь,Анхан,Математик,Шинэ чадвар сурах,Видео,7 хоногт 1-2 удаа,Facebook,Заах чадвар: Гитар (Дунд). Сурах чадвар: JavaScript (Зорилтот түвшин: Ахисан). Сонирхол: Математик. Зорилго: Шинэ чадвар сурах. Сурах арга: Видео. Боломж: 7 хоногт 1-2 удаа. Хүсэж буй хамтрагчийн түвшин: Анхан.
SS0319,15,C++,Байхгүй,Дунд,Математик,Дунд,Суурь,Дунд,Ахисан,Спорт,Ирээдүйн мэргэжилдээ ашиглах,Уншиж сурах,Өдөр бүр,Telegram,Заах чадвар: C++ (Суурь). Сурах чадвар: Математик (Зорилтот түвшин: Дунд). Сонирхол: Спорт. Зорилго: Ирээдүйн мэргэжилдээ ашиглах. Сурах арга: Уншиж сурах. Боломж: Өдөр бүр. Хүсэж буй хамтрагчийн түвшин: Ахисан.
SS0320,13,Судалгаа,Байхгүй,Суурь,Математик,Суурь,Суурь,Анхан,Анхан,Урлаг,Одоогийн чадвараа сайжруулах,Хамтрагчтай,Амралтын өдөр,Zoom,Заах чадвар: Судалгаа (Суурь). Сурах чадвар: Математик (Зорилтот түвшин: Суурь). Сонирхол: Урлаг. Зорилго: Одоогийн чадвараа сайжруулах. Сурах арга: Хамтрагчтай. Боломж: Амралтын өдөр. Хүсэж буй хамтрагчийн түвшин: Анхан.
SS0321,14,Шатар,Сошиал медиа,Анхан,JavaScript,Дунд,Анхан,Анхан,Суурь,Спорт,Шинэ чадвар сурах,Багштай,Өдөр бүр,Google Meet,"Заах чадвар: Шатар (Анхан), Хоёрдогч чадвар: Сошиал медиа. Сурах чадвар: JavaScript (Зорилтот түвшин: Дунд). Сонирхол: Спорт. Зорилго: Шинэ чадвар сурах. Сурах арга: Багштай. Боломж: Өдөр бүр. Хүсэж буй хамтрагчийн түвшин: Суурь."
SS0322,18,Манлайлал,Байхгүй,Суурь,Вэб хөгжүүлэлт,Суурь,Суурь,Дунд,Суурь,Бүтээлч ажил,Хоббигоо хөгжүүлэх,Видео,Өдөр бүр,Discord,Заах чадвар: Манлайлал (Суурь). Сурах чадвар: Вэб хөгжүүлэлт (Зорилтот түвшин: Суурь). Сонирхол: Бүтээлч ажил. Зорилго: Хоббигоо хөгжүүлэх. Сурах арга: Видео. Боломж: Өдөр бүр. Хүсэж буй хамтрагчийн түвшин: Суурь.
SS0323,18,Гитар,Бичих чадвар,Дунд,Хөгжим,Дунд,Дунд,Ахисан,Ахисан,Бүтээлч ажил,Шинэ чадвар сурах,Практик хийж сурах,7 хоногт 3-4 удаа,Instagram,"Заах чадвар: Гитар (Дунд), Хоёрдогч чадвар: Бичих чадвар. Сурах чадвар: Хөгжим (Зорилтот түвшин: Дунд). Сонирхол: Бүтээлч ажил. Зорилго: Шинэ чадвар сурах. Сурах арга: Практик хийж сурах. Боломж: 7 хоногт 3-4 удаа. Хүсэж буй хамтрагчийн түвшин: Ахисан."
SS0324,18,Canva,Байхгүй,Суурь,C++,Суурь,Суурь,Анхан,Ахисан,Хэл,Шинэ чадвар сурах,Видео,7 хоногт 3-4 удаа,Messenger,Заах чадвар: Canva (Суурь). Сурах чадвар: C++ (Зорилтот түвшин: Суурь). Сонирхол: Хэл. Зорилго: Шинэ чадвар сурах. Сурах арга: Видео. Боломж: 7 хоногт 3-4 удаа. Хүсэж буй хамтрагчийн түвшин: Ахисан.
SS0325,17,Судалгаа,Байхгүй,Суурь,3D моделчлол,Дунд,Суурь,Суурь,Ахисан,Математик,Тэмцээнд бэлдэх,Видео,7 хоногт 3-4 удаа,Facebook,Заах чадвар: Судалгаа (Суурь). Сурах чадвар: 3D моделчлол (Зорилтот түвшин: Дунд). Сонирхол: Математик. Зорилго: Тэмцээнд бэлдэх. Сурах арга: Видео. Боломж: 7 хоногт 3-4 удаа. Хүсэж буй хамтрагчийн түвшин: Ахисан.
SS0326,15,Видео эвлүүлэг,Байхгүй,Анхан,Судалгаа,Ахисан,Анхан,Дунд,Дунд,Бүтээлч ажил,Хичээлдээ ашиглах,Хамтрагчтай,7 хоногт 3-4 удаа,Telegram,Заах чадвар: Видео эвлүүлэг (Анхан). Сурах чадвар: Судалгаа (Зорилтот түвшин: Ахисан). Сонирхол: Бүтээлч ажил. Зорилго: Хичээлдээ ашиглах. Сурах арга: Хамтрагчтай. Боломж: 7 хоногт 3-4 удаа. Хүсэж буй хамтрагчийн түвшин: Дунд.
SS0327,18,JavaScript,Байхгүй,Дунд,UI/UX дизайн,Дунд,Дунд,Суурь,Анхан,Бизнес,Хоббигоо хөгжүүлэх,Багштай,7 хоногт 3-4 удаа,Zoom,Заах чадвар: JavaScript (Дунд). Сурах чадвар: UI/UX дизайн (Зорилтот түвшин: Дунд). Сонирхол: Бизнес. Зорилго: Хоббигоо хөгжүүлэх. Сурах арга: Багштай. Боломж: 7 хоногт 3-4 удаа. Хүсэж буй хамтрагчийн түвшин: Анхан.
SS0328,16,Python,Байхгүй,Суурь,Гитар,Суурь,Суурь,Анхан,Дунд,Медиа,Одоогийн чадвараа сайжруулах,Багштай,7 хоногт 1-2 удаа,Google Meet,Заах чадвар: Python (Суурь). Сурах чадвар: Гитар (Зорилтот түвшин: Суурь). Сонирхол: Медиа. Зорилго: Одоогийн чадвараа сайжруулах. Сурах арга: Багштай. Боломж: 7 хоногт 1-2 удаа. Хүсэж буй хамтрагчийн түвшин: Дунд.
SS0329,14,Солонгос хэл,Байхгүй,Суурь,Вэб хөгжүүлэлт,Дунд,Суурь,Суурь,Ахисан,Дизайн,Шинэ чадвар сурах,Хамтрагчтай,Амралтын өдөр,Discord,Заах чадвар: Солонгос хэл (Суурь). Сурах чадвар: Вэб хөгжүүлэлт (Зорилтот түвшин: Дунд). Сонирхол: Дизайн. Зорилго: Шинэ чадвар сурах. Сурах арга: Хамтрагчтай. Боломж: Амралтын өдөр. Хүсэж буй хамтрагчийн түвшин: Ахисан.
SS0330,16,Excel,UI/UX дизайн,Дунд,Илтгэх урлаг,Суурь,Дунд,Суурь,Анхан,Хөгжим,Хоббигоо хөгжүүлэх,Хамтрагчтай,Өдөр бүр,Instagram,"Заах чадвар: Excel (Дунд), Хоёрдогч чадвар: UI/UX дизайн. Сурах чадвар: Илтгэх урлаг (Зорилтот түвшин: Суурь). Сонирхол: Хөгжим. Зорилго: Хоббигоо хөгжүүлэх. Сурах арга: Хамтрагчтай. Боломж: Өдөр бүр. Хүсэж буй хамтрагчийн түвшин: Анхан."
SS0331,18,Сошиал медиа,Байхгүй,Дунд,Зурах,Дунд,Суурь,Дунд,Суурь,Бизнес,Хоббигоо хөгжүүлэх,Практик хийж сурах,Өдөр бүр,Messenger,Заах чадвар: Сошиал медиа (Суурь). Сурах чадвар: Зурах (Зорилтот түвшин: Дунд). Сонирхол: Бизнес. Зорилго: Хоббигоо хөгжүүлэх. Сурах арга: Практик хийж сурах. Боломж: Өдөр бүр. Хүсэж буй хамтрагчийн түвшин: Суурь.
SS0332,18,Манлайлал,Байхгүй,Дунд,Excel,Дунд,Дунд,Ахисан,Суурь,Боловсрол,Шинэ чадвар сурах,Багштай,Өдөр бүр,Facebook,Заах чадвар: Манлайлал (Дунд). Сурах чадвар: Excel (Зорилтот түвшин: Дунд). Сонирхол: Боловсрол. Зорилго: Шинэ чадвар сурах. Сурах арга: Багштай. Боломж: Өдөр бүр. Хүсэж буй хамтрагчийн түвшин: Суурь.
SS0333,18,Python,Байхгүй,Дунд,Бичих чадвар,Суурь,Дунд,Суурь,Ахисан,Хэл,Хоббигоо хөгжүүлэх,Багштай,7 хоногт 3-4 удаа,Telegram,Заах чадвар: Python (Дунд). Сурах чадвар: Бичих чадвар (Зорилтот түвшин: Суурь). Сонирхол: Хэл. Зорилго: Хоббигоо хөгжүүлэх. Сурах арга: Багштай. Боломж: 7 хоногт 3-4 удаа. Хүсэж буй хамтрагчийн түвшин: Ахисан.
SS0334,14,Видео эвлүүлэг,Байхгүй,Анхан,Япон хэл,Суурь,Анхан,Суурь,Ахисан,Боловсрол,Хоббигоо хөгжүүлэх,Практик хийж сурах,Өдөр бүр,Zoom,Заах чадвар: Видео эвлүүлэг (Анхан). Сурах чадвар: Япон хэл (Зорилтот түвшин: Суурь). Сонирхол: Боловсрол. Зорилго: Хоббигоо хөгжүүлэх. Сурах арга: Практик хийж сурах. Боломж: Өдөр бүр. Хүсэж буй хамтрагчийн түвшин: Ахисан.
SS0335,16,Вэб хөгжүүлэлт,Байхгүй,Суурь,Гитар,Ахисан,Суурь,Ахисан,Анхан,Хөгжим,Шинэ чадвар сурах,Уншиж сурах,Амралтын өдөр,Google Meet,Заах чадвар: Вэб хөгжүүлэлт (Суурь). Сурах чадвар: Гитар (Зорилтот түвшин: Ахисан). Сонирхол: Хөгжим. Зорилго: Шинэ чадвар сурах. Сурах арга: Уншиж сурах. Боломж: Амралтын өдөр. Хүсэж буй хамтрагчийн түвшин: Анхан.
SS0336,14,UI/UX дизайн,Байхгүй,Суурь,Figma,Ахисан,Суурь,Анхан,Дунд,Хэл,Тэмцээнд бэлдэх,Уншиж сурах,Өдөр бүр,Discord,Заах чадвар: UI/UX дизайн (Суурь). Сурах чадвар: Figma (Зорилтот түвшин: Ахисан). Сонирхол: Хэл. Зорилго: Тэмцээнд бэлдэх. Сурах арга: Уншиж сурах. Боломж: Өдөр бүр. Хүсэж буй хамтрагчийн түвшин: Дунд.
SS0337,15,JavaScript,Байхгүй,Ахисан,Судалгаа,Дунд,Суурь,Ахисан,Ахисан,Спорт,Одоогийн чадвараа сайжруулах,Багштай,7 хоногт 3-4 удаа,Instagram,Заах чадвар: JavaScript (Суурь). Сурах чадвар: Судалгаа (Зорилтот түвшин: Дунд). Сонирхол: Спорт. Зорилго: Одоогийн чадвараа сайжруулах. Сурах арга: Багштай. Боломж: 7 хоногт 3-4 удаа. Хүсэж буй хамтрагчийн түвшин: Ахисан.
SS0338,18,Зурах,Байхгүй,Суурь,Спорт,Ахисан,Суурь,Дунд,Дунд,Програмчлал,Одоогийн чадвараа сайжруулах,Уншиж сурах,7 хоногт 3-4 удаа,Messenger,Заах чадвар: Зурах (Суурь). Сурах чадвар: Спорт (Зорилтот түвшин: Ахисан). Сонирхол: Програмчлал. Зорилго: Одоогийн чадвараа сайжруулах. Сурах арга: Уншиж сурах. Боломж: 7 хоногт 3-4 удаа. Хүсэж буй хамтрагчийн түвшин: Дунд.
SS0339,17,Гитар,Байхгүй,Анхан,Бичих чадвар,Ахисан,Суурь,Анхан,Дунд,Програмчлал,Хоббигоо хөгжүүлэх,Практик хийж сурах,Өдөр бүр,Facebook,Заах чадвар: Гитар (Суурь). Сурах чадвар: Бичих чадвар (Зорилтот түвшин: Ахисан). Сонирхол: Програмчлал. Зорилго: Хоббигоо хөгжүүлэх. Сурах арга: Практик хийж сурах. Боломж: Өдөр бүр. Хүсэж буй хамтрагчийн түвшин: Дунд.
SS0340,16,UI/UX дизайн,Байхгүй,Ахисан,C++,Ахисан,Дунд,Дунд,Анхан,Урлаг,Одоогийн чадвараа сайжруулах,Видео,Амралтын өдөр,Telegram,Заах чадвар: UI/UX дизайн (Дунд). Сурах чадвар: C++ (Зорилтот түвшин: Ахисан). Сонирхол: Урлаг. Зорилго: Одоогийн чадвараа сайжруулах. Сурах арга: Видео. Боломж: Амралтын өдөр. Хүсэж буй хамтрагчийн түвшин: Анхан.
SS0341,14,Гитар,Контент бүтээлт,Дунд,Вэб хөгжүүлэлт,Ахисан,Дунд,Ахисан,Анхан,Медиа,Хоббигоо хөгжүүлэх,Практик хийж сурах,7 хоногт 3-4 удаа,Zoom,"Заах чадвар: Гитар (Дунд), Хоёрдогч чадвар: Контент бүтээлт. Сурах чадвар: Вэб хөгжүүлэлт (Зорилтот түвшин: Ахисан). Сонирхол: Медиа. Зорилго: Хоббигоо хөгжүүлэх. Сурах арга: Практик хийж сурах. Боломж: 7 хоногт 3-4 удаа. Хүсэж буй хамтрагчийн түвшин: Анхан."
SS0342,18,Бичих чадвар,Байхгүй,Дунд,Манлайлал,Ахисан,Суурь,Суурь,Анхан,Контент,Хичээлдээ ашиглах,Уншиж сурах,7 хоногт 1-2 удаа,Google Meet,Заах чадвар: Бичих чадвар (Суурь). Сурах чадвар: Манлайлал (Зорилтот түвшин: Ахисан). Сонирхол: Контент. Зорилго: Хичээлдээ ашиглах. Сурах арга: Уншиж сурах. Боломж: 7 хоногт 1-2 удаа. Хүсэж буй хамтрагчийн түвшин: Анхан.
SS0343,17,Судалгаа,Байхгүй,Ахисан,Canva,Суурь,Дунд,Ахисан,Ахисан,Боловсрол,Ирээдүйн мэргэжилдээ ашиглах,Практик хийж сурах,7 хоногт 3-4 удаа,Discord,Заах чадвар: Судалгаа (Дунд). Сурах чадвар: Canva (Зорилтот түвшин: Суурь). Сонирхол: Боловсрол. Зорилго: Ирээдүйн мэргэжилдээ ашиглах. Сурах арга: Практик хийж сурах. Боломж: 7 хоногт 3-4 удаа. Хүсэж буй хамтрагчийн түвшин: Ахисан.
SS0344,17,Контент бүтээлт,Байхгүй,Дунд,Физик,Ахисан,Дунд,Ахисан,Ахисан,Математик,Төсөл хийх,Уншиж сурах,7 хоногт 3-4 удаа,Instagram,Заах чадвар: Контент бүтээлт (Дунд). Сурах чадвар: Физик (Зорилтот түвшин: Ахисан). Сонирхол: Математик. Зорилго: Төсөл хийх. Сурах арга: Уншиж сурах. Боломж: 7 хоногт 3-4 удаа. Хүсэж буй хамтрагчийн түвшин: Ахисан.
SS0345,13,Англи хэл,Математик,Дунд,Төгөлдөр хуур,Дунд,Дунд,Суурь,Дунд,Хөгжим,Одоогийн чадвараа сайжруулах,Практик хийж сурах,7 хоногт 3-4 удаа,Messenger,"Заах чадвар: Англи хэл (Дунд), Хоёрдогч чадвар: Математик. Сурах чадвар: Төгөлдөр хуур (Зорилтот түвшин: Дунд). Сонирхол: Хөгжим. Зорилго: Одоогийн чадвараа сайжруулах. Сурах арга: Практик хийж сурах. Боломж: 7 хоногт 3-4 удаа. Хүсэж буй хамтрагчийн түвшин: Дунд."
SS0346,15,Python,Байхгүй,Ахисан,Бичих чадвар,Суурь,Ахисан,Дунд,Дунд,Медиа,Тэмцээнд бэлдэх,Хамтрагчтай,7 хоногт 1-2 удаа,Facebook,Заах чадвар: Python (Ахисан). Сурах чадвар: Бичих чадвар (Зорилтот түвшин: Суурь). Сонирхол: Медиа. Зорилго: Тэмцээнд бэлдэх. Сурах арга: Хамтрагчтай. Боломж: 7 хоногт 1-2 удаа. Хүсэж буй хамтрагчийн түвшин: Дунд.
SS0347,17,График дизайн,Байхгүй,Суурь,Контент бүтээлт,Дунд,Суурь,Ахисан,Дунд,Хөгжим,Шинэ чадвар сурах,Хамтрагчтай,Амралтын өдөр,Telegram,Заах чадвар: График дизайн (Суурь). Сурах чадвар: Контент бүтээлт (Зорилтот түвшин: Дунд). Сонирхол: Хөгжим. Зорилго: Шинэ чадвар сурах. Сурах арга: Хамтрагчтай. Боломж: Амралтын өдөр. Хүсэж буй хамтрагчийн түвшин: Дунд.
SS0348,14,Физик,Байхгүй,Суурь,Судалгаа,Ахисан,Суурь,Анхан,Дунд,Дизайн,Шинэ чадвар сурах,Хамтрагчтай,Өдөр бүр,Zoom,Заах чадвар: Физик (Суурь). Сурах чадвар: Судалгаа (Зорилтот түвшин: Ахисан). Сонирхол: Дизайн. Зорилго: Шинэ чадвар сурах. Сурах арга: Хамтрагчтай. Боломж: Өдөр бүр. Хүсэж буй хамтрагчийн түвшин: Дунд.
SS0349,13,Excel,Байхгүй,Дунд,Физик,Дунд,Дунд,Дунд,Дунд,Контент,Төсөл хийх,Видео,Амралтын өдөр,Google Meet,Заах чадвар: Excel (Дунд). Сурах чадвар: Физик (Зорилтот түвшин: Дунд). Сонирхол: Контент. Зорилго: Төсөл хийх. Сурах арга: Видео. Боломж: Амралтын өдөр. Хүсэж буй хамтрагчийн түвшин: Дунд.
SS0350,16,Python,Байхгүй,Суурь,UI/UX дизайн,Дунд,Суурь,Дунд,Анхан,Програмчлал,Ирээдүйн мэргэжилдээ ашиглах,Уншиж сурах,7 хоногт 1-2 удаа,Discord,Заах чадвар: Python (Суурь). Сурах чадвар: UI/UX дизайн (Зорилтот түвшин: Дунд). Сонирхол: Програмчлал. Зорилго: Ирээдүйн мэргэжилдээ ашиглах. Сурах арга: Уншиж сурах. Боломж: 7 хоногт 1-2 удаа. Хүсэж буй хамтрагчийн түвшин: Анхан.
SS0351,18,Видео эвлүүлэг,Байхгүй,Дунд,Математик,Суурь,Дунд,Суурь,Анхан,Програмчлал,Хоббигоо хөгжүүлэх,Уншиж сурах,Амралтын өдөр,Instagram,Заах чадвар: Видео эвлүүлэг (Дунд). Сурах чадвар: Математик (Зорилтот түвшин: Суурь). Сонирхол: Програмчлал. Зорилго: Хоббигоо хөгжүүлэх. Сурах арга: Уншиж сурах. Боломж: Амралтын өдөр. Хүсэж буй хамтрагчийн түвшин: Анхан.
SS0352,18,Математик,Байхгүй,Дунд,3D моделчлол,Ахисан,Дунд,Дунд,Дунд,Програмчлал,Тэмцээнд бэлдэх,Уншиж сурах,Өдөр бүр,Messenger,Заах чадвар: Математик (Дунд). Сурах чадвар: 3D моделчлол (Зорилтот түвшин: Ахисан). Сонирхол: Програмчлал. Зорилго: Тэмцээнд бэлдэх. Сурах арга: Уншиж сурах. Боломж: Өдөр бүр. Хүсэж буй хамтрагчийн түвшин: Дунд.
SS0353,17,Вэб хөгжүүлэлт,Физик,Дунд,Видео эвлүүлэг,Дунд,Дунд,Ахисан,Ахисан,Контент,Хичээлдээ ашиглах,Багштай,Амралтын өдөр,Facebook,"Заах чадвар: Вэб хөгжүүлэлт (Дунд), Хоёрдогч чадвар: Физик. Сурах чадвар: Видео эвлүүлэг (Зорилтот түвшин: Дунд). Сонирхол: Контент. Зорилго: Хичээлдээ ашиглах. Сурах арга: Багштай. Боломж: Амралтын өдөр. Хүсэж буй хамтрагчийн түвшин: Ахисан."
SS0354,18,Figma,Спорт,Анхан,Илтгэх урлаг,Суурь,Анхан,Анхан,Анхан,Медиа,Хичээлдээ ашиглах,Хамтрагчтай,Өдөр бүр,Telegram,"Заах чадвар: Figma (Анхан), Хоёрдогч чадвар: Спорт. Сурах чадвар: Илтгэх урлаг (Зорилтот түвшин: Суурь). Сонирхол: Медиа. Зорилго: Хичээлдээ ашиглах. Сурах арга: Хамтрагчтай. Боломж: Өдөр бүр. Хүсэж буй хамтрагчийн түвшин: Анхан."
SS0355,15,Бичих чадвар,Манлайлал,Дунд,UI/UX дизайн,Дунд,Дунд,Дунд,Суурь,Контент,Одоогийн чадвараа сайжруулах,Видео,Амралтын өдөр,Zoom,"Заах чадвар: Бичих чадвар (Дунд), Хоёрдогч чадвар: Манлайлал. Сурах чадвар: UI/UX дизайн (Зорилтот түвшин: Дунд). Сонирхол: Контент. Зорилго: Одоогийн чадвараа сайжруулах. Сурах арга: Видео. Боломж: Амралтын өдөр. Хүсэж буй хамтрагчийн түвшин: Суурь."
SS0356,18,Зураг авах,Байхгүй,Дунд,Шатар,Дунд,Дунд,Ахисан,Суурь,Програмчлал,Ирээдүйн мэргэжилдээ ашиглах,Практик хийж сурах,Өдөр бүр,Google Meet,Заах чадвар: Зураг авах (Дунд). Сурах чадвар: Шатар (Зорилтот түвшин: Дунд). Сонирхол: Програмчлал. Зорилго: Ирээдүйн мэргэжилдээ ашиглах. Сурах арга: Практик хийж сурах. Боломж: Өдөр бүр. Хүсэж буй хамтрагчийн түвшин: Суурь.
SS0357,13,Видео эвлүүлэг,Гитар,Суурь,Вэб хөгжүүлэлт,Суурь,Суурь,Суурь,Суурь,Боловсрол,Тэмцээнд бэлдэх,Практик хийж сурах,7 хоногт 3-4 удаа,Discord,"Заах чадвар: Видео эвлүүлэг (Суурь), Хоёрдогч чадвар: Гитар. Сурах чадвар: Вэб хөгжүүлэлт (Зорилтот түвшин: Суурь). Сонирхол: Боловсрол. Зорилго: Тэмцээнд бэлдэх. Сурах арга: Практик хийж сурах. Боломж: 7 хоногт 3-4 удаа. Хүсэж буй хамтрагчийн түвшин: Суурь."
SS0358,14,Англи хэл,Байхгүй,Дунд,Математик,Ахисан,Дунд,Дунд,Анхан,Бүтээлч ажил,Хичээлдээ ашиглах,Видео,Амралтын өдөр,Instagram,Заах чадвар: Англи хэл (Дунд). Сурах чадвар: Математик (Зорилтот түвшин: Ахисан). Сонирхол: Бүтээлч ажил. Зорилго: Хичээлдээ ашиглах. Сурах арга: Видео. Боломж: Амралтын өдөр. Хүсэж буй хамтрагчийн түвшин: Анхан.
SS0359,15,Япон хэл,Видео эвлүүлэг,Анхан,Төгөлдөр хуур,Суурь,Анхан,Дунд,Анхан,Програмчлал,Төсөл хийх,Уншиж сурах,Өдөр бүр,Messenger,"Заах чадвар: Япон хэл (Анхан), Хоёрдогч чадвар: Видео эвлүүлэг. Сурах чадвар: Төгөлдөр хуур (Зорилтот түвшин: Суурь). Сонирхол: Програмчлал. Зорилго: Төсөл хийх. Сурах арга: Уншиж сурах. Боломж: Өдөр бүр. Хүсэж буй хамтрагчийн түвшин: Анхан."
SS0360,15,Багаар ажиллах,Байхгүй,Суурь,Математик,Ахисан,Суурь,Анхан,Дунд,Хэл,Хоббигоо хөгжүүлэх,Хамтрагчтай,7 хоногт 1-2 удаа,Facebook,Заах чадвар: Багаар ажиллах (Суурь). Сурах чадвар: Математик (Зорилтот түвшин: Ахисан). Сонирхол: Хэл. Зорилго: Хоббигоо хөгжүүлэх. Сурах арга: Хамтрагчтай. Боломж: 7 хоногт 1-2 удаа. Хүсэж буй хамтрагчийн түвшин: Дунд.
SS0361,15,Figma,Солонгос хэл,Дунд,Англи хэл,Суурь,Дунд,Дунд,Ахисан,Програмчлал,Тэмцээнд бэлдэх,Практик хийж сурах,Амралтын өдөр,Telegram,"Заах чадвар: Figma (Дунд), Хоёрдогч чадвар: Солонгос хэл. Сурах чадвар: Англи хэл (Зорилтот түвшин: Суурь). Сонирхол: Програмчлал. Зорилго: Тэмцээнд бэлдэх. Сурах арга: Практик хийж сурах. Боломж: Амралтын өдөр. Хүсэж буй хамтрагчийн түвшин: Ахисан."
SS0362,17,Бичих чадвар,Байхгүй,Суурь,Сошиал медиа,Дунд,Суурь,Дунд,Анхан,Бүтээлч ажил,Төсөл хийх,Уншиж сурах,7 хоногт 3-4 удаа,Zoom,Заах чадвар: Бичих чадвар (Суурь). Сурах чадвар: Сошиал медиа (Зорилтот түвшин: Дунд). Сонирхол: Бүтээлч ажил. Зорилго: Төсөл хийх. Сурах арга: Уншиж сурах. Боломж: 7 хоногт 3-4 удаа. Хүсэж буй хамтрагчийн түвшин: Анхан.
SS0363,17,Спорт,Байхгүй,Дунд,График дизайн,Дунд,Дунд,Суурь,Дунд,Медиа,Шинэ чадвар сурах,Хамтрагчтай,7 хоногт 3-4 удаа,Google Meet,Заах чадвар: Спорт (Дунд). Сурах чадвар: График дизайн (Зорилтот түвшин: Дунд). Сонирхол: Медиа. Зорилго: Шинэ чадвар сурах. Сурах арга: Хамтрагчтай. Боломж: 7 хоногт 3-4 удаа. Хүсэж буй хамтрагчийн түвшин: Дунд.
SS0364,16,UI/UX дизайн,Байхгүй,Суурь,Судалгаа,Ахисан,Суурь,Анхан,Анхан,Боловсрол,Тэмцээнд бэлдэх,Практик хийж сурах,7 хоногт 3-4 удаа,Discord,Заах чадвар: UI/UX дизайн (Суурь). Сурах чадвар: Судалгаа (Зорилтот түвшин: Ахисан). Сонирхол: Боловсрол. Зорилго: Тэмцээнд бэлдэх. Сурах арга: Практик хийж сурах. Боломж: 7 хоногт 3-4 удаа. Хүсэж буй хамтрагчийн түвшин: Анхан.
SS0365,17,Canva,Байхгүй,Дунд,Бичих чадвар,Дунд,Суурь,Ахисан,Ахисан,Хэл,Хичээлдээ ашиглах,Уншиж сурах,7 хоногт 3-4 удаа,Instagram,Заах чадвар: Canva (Суурь). Сурах чадвар: Бичих чадвар (Зорилтот түвшин: Дунд). Сонирхол: Хэл. Зорилго: Хичээлдээ ашиглах. Сурах арга: Уншиж сурах. Боломж: 7 хоногт 3-4 удаа. Хүсэж буй хамтрагчийн түвшин: Ахисан.
SS0366,15,Бичих чадвар,Байхгүй,Суурь,Вэб хөгжүүлэлт,Суурь,Суурь,Дунд,Ахисан,Програмчлал,Тэмцээнд бэлдэх,Уншиж сурах,7 хоногт 1-2 удаа,Messenger,Заах чадвар: Бичих чадвар (Суурь). Сурах чадвар: Вэб хөгжүүлэлт (Зорилтот түвшин: Суурь). Сонирхол: Програмчлал. Зорилго: Тэмцээнд бэлдэх. Сурах арга: Уншиж сурах. Боломж: 7 хоногт 1-2 удаа. Хүсэж буй хамтрагчийн түвшин: Ахисан.
SS0367,13,Судалгаа,Байхгүй,Анхан,Excel,Ахисан,Анхан,Суурь,Суурь,Програмчлал,Ирээдүйн мэргэжилдээ ашиглах,Практик хийж сурах,7 хоногт 1-2 удаа,Facebook,Заах чадвар: Судалгаа (Анхан). Сурах чадвар: Excel (Зорилтот түвшин: Ахисан). Сонирхол: Програмчлал. Зорилго: Ирээдүйн мэргэжилдээ ашиглах. Сурах арга: Практик хийж сурах. Боломж: 7 хоногт 1-2 удаа. Хүсэж буй хамтрагчийн түвшин: Суурь.
SS0368,17,Canva,Байхгүй,Суурь,Гитар,Дунд,Суурь,Анхан,Дунд,Шинжлэх ухаан,Төсөл хийх,Хамтрагчтай,Амралтын өдөр,Telegram,Заах чадвар: Canva (Суурь). Сурах чадвар: Гитар (Зорилтот түвшин: Дунд). Сонирхол: Шинжлэх ухаан. Зорилго: Төсөл хийх. Сурах арга: Хамтрагчтай. Боломж: Амралтын өдөр. Хүсэж буй хамтрагчийн түвшин: Дунд.
SS0369,14,C++,Байхгүй,Дунд,Контент бүтээлт,Суурь,Дунд,Суурь,Суурь,Шинжлэх ухаан,Одоогийн чадвараа сайжруулах,Видео,7 хоногт 1-2 удаа,Zoom,Заах чадвар: C++ (Дунд). Сурах чадвар: Контент бүтээлт (Зорилтот түвшин: Суурь). Сонирхол: Шинжлэх ухаан. Зорилго: Одоогийн чадвараа сайжруулах. Сурах арга: Видео. Боломж: 7 хоногт 1-2 удаа. Хүсэж буй хамтрагчийн түвшин: Суурь.
SS0370,14,Англи хэл,Байхгүй,Дунд,Математик,Дунд,Дунд,Дунд,Ахисан,Боловсрол,Хичээлдээ ашиглах,Видео,Амралтын өдөр,Google Meet,Заах чадвар: Англи хэл (Дунд). Сурах чадвар: Математик (Зорилтот түвшин: Дунд). Сонирхол: Боловсрол. Зорилго: Хичээлдээ ашиглах. Сурах арга: Видео. Боломж: Амралтын өдөр. Хүсэж буй хамтрагчийн түвшин: Ахисан.
SS0371,14,C++,Байхгүй,Дунд,Математик,Суурь,Дунд,Ахисан,Анхан,Математик,Одоогийн чадвараа сайжруулах,Хамтрагчтай,7 хоногт 3-4 удаа,Discord,Заах чадвар: C++ (Дунд). Сурах чадвар: Математик (Зорилтот түвшин: Суурь). Сонирхол: Математик. Зорилго: Одоогийн чадвараа сайжруулах. Сурах арга: Хамтрагчтай. Боломж: 7 хоногт 3-4 удаа. Хүсэж буй хамтрагчийн түвшин: Анхан.
SS0372,16,Багаар ажиллах,Англи хэл,Суурь,3D моделчлол,Ахисан,Суурь,Анхан,Суурь,Програмчлал,Шинэ чадвар сурах,Видео,7 хоногт 1-2 удаа,Instagram,"Заах чадвар: Багаар ажиллах (Суурь), Хоёрдогч чадвар: Англи хэл. Сурах чадвар: 3D моделчлол (Зорилтот түвшин: Ахисан). Сонирхол: Програмчлал. Зорилго: Шинэ чадвар сурах. Сурах арга: Видео. Боломж: 7 хоногт 1-2 удаа. Хүсэж буй хамтрагчийн түвшин: Суурь."
SS0373,16,Excel,Байхгүй,Дунд,Хөгжим,Суурь,Дунд,Дунд,Дунд,Медиа,Ирээдүйн мэргэжилдээ ашиглах,Хамтрагчтай,7 хоногт 3-4 удаа,Messenger,Заах чадвар: Excel (Дунд). Сурах чадвар: Хөгжим (Зорилтот түвшин: Суурь). Сонирхол: Медиа. Зорилго: Ирээдүйн мэргэжилдээ ашиглах. Сурах арга: Хамтрагчтай. Боломж: 7 хоногт 3-4 удаа. Хүсэж буй хамтрагчийн түвшин: Дунд.
SS0374,13,Англи хэл,Байхгүй,Ахисан,Шатар,Дунд,Ахисан,Дунд,Суурь,Контент,Шинэ чадвар сурах,Уншиж сурах,Өдөр бүр,Facebook,Заах чадвар: Англи хэл (Ахисан). Сурах чадвар: Шатар (Зорилтот түвшин: Дунд). Сонирхол: Контент. Зорилго: Шинэ чадвар сурах. Сурах арга: Уншиж сурах. Боломж: Өдөр бүр. Хүсэж буй хамтрагчийн түвшин: Суурь.
SS0375,14,JavaScript,Байхгүй,Дунд,Багаар ажиллах,Ахисан,Анхан,Суурь,Ахисан,Математик,Шинэ чадвар сурах,Видео,Өдөр бүр,Telegram,Заах чадвар: JavaScript (Анхан). Сурах чадвар: Багаар ажиллах (Зорилтот түвшин: Ахисан). Сонирхол: Математик. Зорилго: Шинэ чадвар сурах. Сурах арга: Видео. Боломж: Өдөр бүр. Хүсэж буй хамтрагчийн түвшин: Ахисан.
SS0376,18,Гитар,Байхгүй,Суурь,Зураг авах,Дунд,Суурь,Анхан,Анхан,Хөгжим,Хоббигоо хөгжүүлэх,Багштай,7 хоногт 1-2 удаа,Zoom,Заах чадвар: Гитар (Суурь). Сурах чадвар: Зураг авах (Зорилтот түвшин: Дунд). Сонирхол: Хөгжим. Зорилго: Хоббигоо хөгжүүлэх. Сурах арга: Багштай. Боломж: 7 хоногт 1-2 удаа. Хүсэж буй хамтрагчийн түвшин: Анхан.
SS0377,16,Төгөлдөр хуур,Байхгүй,Ахисан,JavaScript,Ахисан,Ахисан,Ахисан,Суурь,Медиа,Тэмцээнд бэлдэх,Хамтрагчтай,Өдөр бүр,Google Meet,Заах чадвар: Төгөлдөр хуур (Ахисан). Сурах чадвар: JavaScript (Зорилтот түвшин: Ахисан). Сонирхол: Медиа. Зорилго: Тэмцээнд бэлдэх. Сурах арга: Хамтрагчтай. Боломж: Өдөр бүр. Хүсэж буй хамтрагчийн түвшин: Суурь.
SS0378,17,Солонгос хэл,Байхгүй,Ахисан,JavaScript,Дунд,Ахисан,Дунд,Анхан,Спорт,Хичээлдээ ашиглах,Уншиж сурах,Өдөр бүр,Discord,Заах чадвар: Солонгос хэл (Ахисан). Сурах чадвар: JavaScript (Зорилтот түвшин: Дунд). Сонирхол: Спорт. Зорилго: Хичээлдээ ашиглах. Сурах арга: Уншиж сурах. Боломж: Өдөр бүр. Хүсэж буй хамтрагчийн түвшин: Анхан.
SS0379,15,3D моделчлол,Python,Суурь,JavaScript,Дунд,Суурь,Ахисан,Дунд,Урлаг,Хичээлдээ ашиглах,Уншиж сурах,Амралтын өдөр,Instagram,"Заах чадвар: 3D моделчлол (Суурь), Хоёрдогч чадвар: Python. Сурах чадвар: JavaScript (Зорилтот түвшин: Дунд). Сонирхол: Урлаг. Зорилго: Хичээлдээ ашиглах. Сурах арга: Уншиж сурах. Боломж: Амралтын өдөр. Хүсэж буй хамтрагчийн түвшин: Дунд."
SS0380,18,Солонгос хэл,Байхгүй,Суурь,Багаар ажиллах,Суурь,Суурь,Анхан,Дунд,Контент,Одоогийн чадвараа сайжруулах,Хамтрагчтай,Амралтын өдөр,Messenger,Заах чадвар: Солонгос хэл (Суурь). Сурах чадвар: Багаар ажиллах (Зорилтот түвшин: Суурь). Сонирхол: Контент. Зорилго: Одоогийн чадвараа сайжруулах. Сурах арга: Хамтрагчтай. Боломж: Амралтын өдөр. Хүсэж буй хамтрагчийн түвшин: Дунд.
SS0381,18,UI/UX дизайн,Байхгүй,Ахисан,3D моделчлол,Ахисан,Ахисан,Ахисан,Суурь,Хэл,Тэмцээнд бэлдэх,Видео,7 хоногт 3-4 удаа,Facebook,Заах чадвар: UI/UX дизайн (Ахисан). Сурах чадвар: 3D моделчлол (Зорилтот түвшин: Ахисан). Сонирхол: Хэл. Зорилго: Тэмцээнд бэлдэх. Сурах арга: Видео. Боломж: 7 хоногт 3-4 удаа. Хүсэж буй хамтрагчийн түвшин: Суурь.
SS0382,14,Видео эвлүүлэг,Байхгүй,Дунд,Физик,Ахисан,Анхан,Дунд,Ахисан,Технологи,Тэмцээнд бэлдэх,Видео,7 хоногт 3-4 удаа,Telegram,Заах чадвар: Видео эвлүүлэг (Анхан). Сурах чадвар: Физик (Зорилтот түвшин: Ахисан). Сонирхол: Технологи. Зорилго: Тэмцээнд бэлдэх. Сурах арга: Видео. Боломж: 7 хоногт 3-4 удаа. Хүсэж буй хамтрагчийн түвшин: Ахисан.
SS0383,18,График дизайн,Байхгүй,Суурь,Видео эвлүүлэг,Дунд,Суурь,Ахисан,Анхан,Математик,Хичээлдээ ашиглах,Хамтрагчтай,7 хоногт 1-2 удаа,Zoom,Заах чадвар: График дизайн (Суурь). Сурах чадвар: Видео эвлүүлэг (Зорилтот түвшин: Дунд). Сонирхол: Математик. Зорилго: Хичээлдээ ашиглах. Сурах арга: Хамтрагчтай. Боломж: 7 хоногт 1-2 удаа. Хүсэж буй хамтрагчийн түвшин: Анхан.
SS0384,18,Шатар,C++,Суурь,Манлайлал,Дунд,Суурь,Анхан,Суурь,Шинжлэх ухаан,Ирээдүйн мэргэжилдээ ашиглах,Видео,7 хоногт 3-4 удаа,Google Meet,"Заах чадвар: Шатар (Суурь), Хоёрдогч чадвар: C++. Сурах чадвар: Манлайлал (Зорилтот түвшин: Дунд). Сонирхол: Шинжлэх ухаан. Зорилго: Ирээдүйн мэргэжилдээ ашиглах. Сурах арга: Видео. Боломж: 7 хоногт 3-4 удаа. Хүсэж буй хамтрагчийн түвшин: Суурь."
SS0385,15,Гитар,Байхгүй,Дунд,Вэб хөгжүүлэлт,Дунд,Анхан,Дунд,Суурь,Програмчлал,Ирээдүйн мэргэжилдээ ашиглах,Багштай,Амралтын өдөр,Discord,Заах чадвар: Гитар (Анхан). Сурах чадвар: Вэб хөгжүүлэлт (Зорилтот түвшин: Дунд). Сонирхол: Програмчлал. Зорилго: Ирээдүйн мэргэжилдээ ашиглах. Сурах арга: Багштай. Боломж: Амралтын өдөр. Хүсэж буй хамтрагчийн түвшин: Суурь.
SS0386,15,JavaScript,Байхгүй,Анхан,Python,Ахисан,Анхан,Дунд,Дунд,Математик,Хоббигоо хөгжүүлэх,Практик хийж сурах,7 хоногт 1-2 удаа,Instagram,Заах чадвар: JavaScript (Анхан). Сурах чадвар: Python (Зорилтот түвшин: Ахисан). Сонирхол: Математик. Зорилго: Хоббигоо хөгжүүлэх. Сурах арга: Практик хийж сурах. Боломж: 7 хоногт 1-2 удаа. Хүсэж буй хамтрагчийн түвшин: Дунд.
SS0387,13,Физик,Байхгүй,Суурь,Хөгжим,Суурь,Суурь,Ахисан,Анхан,Контент,Ирээдүйн мэргэжилдээ ашиглах,Хамтрагчтай,Өдөр бүр,Messenger,Заах чадвар: Физик (Суурь). Сурах чадвар: Хөгжим (Зорилтот түвшин: Суурь). Сонирхол: Контент. Зорилго: Ирээдүйн мэргэжилдээ ашиглах. Сурах арга: Хамтрагчтай. Боломж: Өдөр бүр. Хүсэж буй хамтрагчийн түвшин: Анхан.
SS0388,15,JavaScript,Байхгүй,Анхан,Япон хэл,Ахисан,Анхан,Суурь,Ахисан,Спорт,Ирээдүйн мэргэжилдээ ашиглах,Багштай,Амралтын өдөр,Facebook,Заах чадвар: JavaScript (Анхан). Сурах чадвар: Япон хэл (Зорилтот түвшин: Ахисан). Сонирхол: Спорт. Зорилго: Ирээдүйн мэргэжилдээ ашиглах. Сурах арга: Багштай. Боломж: Амралтын өдөр. Хүсэж буй хамтрагчийн түвшин: Ахисан.
SS0389,16,Шатар,Байхгүй,Ахисан,Физик,Суурь,Ахисан,Ахисан,Ахисан,Дизайн,Шинэ чадвар сурах,Видео,7 хоногт 1-2 удаа,Telegram,Заах чадвар: Шатар (Ахисан). Сурах чадвар: Физик (Зорилтот түвшин: Суурь). Сонирхол: Дизайн. Зорилго: Шинэ чадвар сурах. Сурах арга: Видео. Боломж: 7 хоногт 1-2 удаа. Хүсэж буй хамтрагчийн түвшин: Ахисан.
SS0390,15,Хөгжим,Байхгүй,Дунд,Контент бүтээлт,Дунд,Дунд,Суурь,Дунд,Хөгжим,Хичээлдээ ашиглах,Хамтрагчтай,Өдөр бүр,Zoom,Заах чадвар: Хөгжим (Дунд). Сурах чадвар: Контент бүтээлт (Зорилтот түвшин: Дунд). Сонирхол: Хөгжим. Зорилго: Хичээлдээ ашиглах. Сурах арга: Хамтрагчтай. Боломж: Өдөр бүр. Хүсэж буй хамтрагчийн түвшин: Дунд.
SS0391,17,Физик,Спорт,Дунд,Илтгэх урлаг,Дунд,Дунд,Дунд,Дунд,Бизнес,Ирээдүйн мэргэжилдээ ашиглах,Практик хийж сурах,7 хоногт 3-4 удаа,Google Meet,"Заах чадвар: Физик (Дунд), Хоёрдогч чадвар: Спорт. Сурах чадвар: Илтгэх урлаг (Зорилтот түвшин: Дунд). Сонирхол: Бизнес. Зорилго: Ирээдүйн мэргэжилдээ ашиглах. Сурах арга: Практик хийж сурах. Боломж: 7 хоногт 3-4 удаа. Хүсэж буй хамтрагчийн түвшин: Дунд."
SS0392,14,Англи хэл,Байхгүй,Ахисан,Шатар,Ахисан,Ахисан,Дунд,Суурь,Шинжлэх ухаан,Одоогийн чадвараа сайжруулах,Практик хийж сурах,7 хоногт 3-4 удаа,Discord,Заах чадвар: Англи хэл (Ахисан). Сурах чадвар: Шатар (Зорилтот түвшин: Ахисан). Сонирхол: Шинжлэх ухаан. Зорилго: Одоогийн чадвараа сайжруулах. Сурах арга: Практик хийж сурах. Боломж: 7 хоногт 3-4 удаа. Хүсэж буй хамтрагчийн түвшин: Суурь.
SS0393,13,Контент бүтээлт,Байхгүй,Суурь,Физик,Ахисан,Суурь,Суурь,Анхан,Дизайн,Хоббигоо хөгжүүлэх,Хамтрагчтай,Өдөр бүр,Instagram,Заах чадвар: Контент бүтээлт (Суурь). Сурах чадвар: Физик (Зорилтот түвшин: Ахисан). Сонирхол: Дизайн. Зорилго: Хоббигоо хөгжүүлэх. Сурах арга: Хамтрагчтай. Боломж: Өдөр бүр. Хүсэж буй хамтрагчийн түвшин: Анхан.
SS0394,16,Манлайлал,Байхгүй,Суурь,C++,Ахисан,Суурь,Дунд,Суурь,Спорт,Хоббигоо хөгжүүлэх,Багштай,7 хоногт 3-4 удаа,Messenger,Заах чадвар: Манлайлал (Суурь). Сурах чадвар: C++ (Зорилтот түвшин: Ахисан). Сонирхол: Спорт. Зорилго: Хоббигоо хөгжүүлэх. Сурах арга: Багштай. Боломж: 7 хоногт 3-4 удаа. Хүсэж буй хамтрагчийн түвшин: Суурь.
SS0395,17,Вэб хөгжүүлэлт,Байхгүй,Суурь,UI/UX дизайн,Дунд,Суурь,Ахисан,Ахисан,Бүтээлч ажил,Шинэ чадвар сурах,Уншиж сурах,Амралтын өдөр,Facebook,Заах чадвар: Вэб хөгжүүлэлт (Суурь). Сурах чадвар: UI/UX дизайн (Зорилтот түвшин: Дунд). Сонирхол: Бүтээлч ажил. Зорилго: Шинэ чадвар сурах. Сурах арга: Уншиж сурах. Боломж: Амралтын өдөр. Хүсэж буй хамтрагчийн түвшин: Ахисан.
SS0396,15,Илтгэх урлаг,Төгөлдөр хуур,Анхан,Спорт,Ахисан,Анхан,Анхан,Дунд,Бүтээлч ажил,Ирээдүйн мэргэжилдээ ашиглах,Практик хийж сурах,7 хоногт 3-4 удаа,Telegram,"Заах чадвар: Илтгэх урлаг (Анхан), Хоёрдогч чадвар: Төгөлдөр хуур. Сурах чадвар: Спорт (Зорилтот түвшин: Ахисан). Сонирхол: Бүтээлч ажил. Зорилго: Ирээдүйн мэргэжилдээ ашиглах. Сурах арга: Практик хийж сурах. Боломж: 7 хоногт 3-4 удаа. Хүсэж буй хамтрагчийн түвшин: Дунд."
SS0397,16,Физик,Байхгүй,Дунд,Япон хэл,Суурь,Дунд,Дунд,Ахисан,Контент,Хоббигоо хөгжүүлэх,Практик хийж сурах,7 хоногт 1-2 удаа,Zoom,Заах чадвар: Физик (Дунд). Сурах чадвар: Япон хэл (Зорилтот түвшин: Суурь). Сонирхол: Контент. Зорилго: Хоббигоо хөгжүүлэх. Сурах арга: Практик хийж сурах. Боломж: 7 хоногт 1-2 удаа. Хүсэж буй хамтрагчийн түвшин: Ахисан.
SS0398,18,Солонгос хэл,Зураг авах,Ахисан,C++,Суурь,Анхан,Дунд,Суурь,Хөгжим,Одоогийн чадвараа сайжруулах,Багштай,Амралтын өдөр,Google Meet,"Заах чадвар: Солонгос хэл (Анхан), Хоёрдогч чадвар: Зураг авах. Сурах чадвар: C++ (Зорилтот түвшин: Суурь). Сонирхол: Хөгжим. Зорилго: Одоогийн чадвараа сайжруулах. Сурах арга: Багштай. Боломж: Амралтын өдөр. Хүсэж буй хамтрагчийн түвшин: Суурь."
SS0399,14,Сошиал медиа,Манлайлал,Анхан,Спорт,Ахисан,Анхан,Анхан,Дунд,Хөгжим,Төсөл хийх,Практик хийж сурах,Амралтын өдөр,Discord,"Заах чадвар: Сошиал медиа (Анхан), Хоёрдогч чадвар: Манлайлал. Сурах чадвар: Спорт (Зорилтот түвшин: Ахисан). Сонирхол: Хөгжим. Зорилго: Төсөл хийх. Сурах арга: Практик хийж сурах. Боломж: Амралтын өдөр. Хүсэж буй хамтрагчийн түвшин: Дунд."
SS0400,14,UI/UX дизайн,Байхгүй,Суурь,Багаар ажиллах,Дунд,Суурь,Анхан,Дунд,Бүтээлч ажил,Хичээлдээ ашиглах,Видео,Амралтын өдөр,Instagram,Заах чадвар: UI/UX дизайн (Суурь). Сурах чадвар: Багаар ажиллах (Зорилтот түвшин: Дунд). Сонирхол: Бүтээлч ажил. Зорилго: Хичээлдээ ашиглах. Сурах арга: Видео. Боломж: Амралтын өдөр. Хүсэж буй хамтрагчийн түвшин: Дунд.
SS0401,13,Солонгос хэл,Байхгүй,Суурь,Canva,Суурь,Суурь,Суурь,Суурь,Бизнес,Ирээдүйн мэргэжилдээ ашиглах,Хамтрагчтай,7 хоногт 3-4 удаа,Messenger,Заах чадвар: Солонгос хэл (Суурь). Сурах чадвар: Canva (Зорилтот түвшин: Суурь). Сонирхол: Бизнес. Зорилго: Ирээдүйн мэргэжилдээ ашиглах. Сурах арга: Хамтрагчтай. Боломж: 7 хоногт 3-4 удаа. Хүсэж буй хамтрагчийн түвшин: Суурь.
SS0402,18,Шатар,Байхгүй,Дунд,Япон хэл,Суурь,Дунд,Суурь,Суурь,Контент,Тэмцээнд бэлдэх,Хамтрагчтай,7 хоногт 1-2 удаа,Facebook,Заах чадвар: Шатар (Дунд). Сурах чадвар: Япон хэл (Зорилтот түвшин: Суурь). Сонирхол: Контент. Зорилго: Тэмцээнд бэлдэх. Сурах арга: Хамтрагчтай. Боломж: 7 хоногт 1-2 удаа. Хүсэж буй хамтрагчийн түвшин: Суурь.
SS0403,17,Манлайлал,Байхгүй,Ахисан,Англи хэл,Дунд,Ахисан,Ахисан,Дунд,Бүтээлч ажил,Одоогийн чадвараа сайжруулах,Видео,Өдөр бүр,Telegram,Заах чадвар: Манлайлал (Ахисан). Сурах чадвар: Англи хэл (Зорилтот түвшин: Дунд). Сонирхол: Бүтээлч ажил. Зорилго: Одоогийн чадвараа сайжруулах. Сурах арга: Видео. Боломж: Өдөр бүр. Хүсэж буй хамтрагчийн түвшин: Дунд.
SS0404,18,Физик,Байхгүй,Суурь,Бичих чадвар,Дунд,Суурь,Анхан,Суурь,Дизайн,Тэмцээнд бэлдэх,Практик хийж сурах,Амралтын өдөр,Zoom,Заах чадвар: Физик (Суурь). Сурах чадвар: Бичих чадвар (Зорилтот түвшин: Дунд). Сонирхол: Дизайн. Зорилго: Тэмцээнд бэлдэх. Сурах арга: Практик хийж сурах. Боломж: Амралтын өдөр. Хүсэж буй хамтрагчийн түвшин: Суурь.
SS0405,18,Англи хэл,Шатар,Анхан,Багаар ажиллах,Ахисан,Анхан,Анхан,Анхан,Урлаг,Тэмцээнд бэлдэх,Уншиж сурах,7 хоногт 3-4 удаа,Google Meet,"Заах чадвар: Англи хэл (Анхан), Хоёрдогч чадвар: Шатар. Сурах чадвар: Багаар ажиллах (Зорилтот түвшин: Ахисан). Сонирхол: Урлаг. Зорилго: Тэмцээнд бэлдэх. Сурах арга: Уншиж сурах. Боломж: 7 хоногт 3-4 удаа. Хүсэж буй хамтрагчийн түвшин: Анхан."
SS0406,16,Видео эвлүүлэг,Байхгүй,Суурь,График дизайн,Суурь,Суурь,Дунд,Ахисан,Урлаг,Шинэ чадвар сурах,Практик хийж сурах,7 хоногт 3-4 удаа,Discord,Заах чадвар: Видео эвлүүлэг (Суурь). Сурах чадвар: График дизайн (Зорилтот түвшин: Суурь). Сонирхол: Урлаг. Зорилго: Шинэ чадвар сурах. Сурах арга: Практик хийж сурах. Боломж: 7 хоногт 3-4 удаа. Хүсэж буй хамтрагчийн түвшин: Ахисан.
SS0407,14,Япон хэл,Байхгүй,Суурь,Физик,Суурь,Суурь,Ахисан,Дунд,Технологи,Хоббигоо хөгжүүлэх,Видео,7 хоногт 1-2 удаа,Instagram,Заах чадвар: Япон хэл (Суурь). Сурах чадвар: Физик (Зорилтот түвшин: Суурь). Сонирхол: Технологи. Зорилго: Хоббигоо хөгжүүлэх. Сурах арга: Видео. Боломж: 7 хоногт 1-2 удаа. Хүсэж буй хамтрагчийн түвшин: Дунд.
SS0408,14,Манлайлал,Байхгүй,Дунд,C++,Ахисан,Дунд,Суурь,Ахисан,Хэл,Хичээлдээ ашиглах,Хамтрагчтай,Амралтын өдөр,Messenger,Заах чадвар: Манлайлал (Дунд). Сурах чадвар: C++ (Зорилтот түвшин: Ахисан). Сонирхол: Хэл. Зорилго: Хичээлдээ ашиглах. Сурах арга: Хамтрагчтай. Боломж: Амралтын өдөр. Хүсэж буй хамтрагчийн түвшин: Ахисан.
SS0409,17,JavaScript,Байхгүй,Суурь,Гитар,Суурь,Суурь,Суурь,Дунд,Дизайн,Тэмцээнд бэлдэх,Практик хийж сурах,7 хоногт 1-2 удаа,Facebook,Заах чадвар: JavaScript (Суурь). Сурах чадвар: Гитар (Зорилтот түвшин: Суурь). Сонирхол: Дизайн. Зорилго: Тэмцээнд бэлдэх. Сурах арга: Практик хийж сурах. Боломж: 7 хоногт 1-2 удаа. Хүсэж буй хамтрагчийн түвшин: Дунд.
SS0410,15,Зураг авах,3D моделчлол,Дунд,Илтгэх урлаг,Ахисан,Дунд,Ахисан,Анхан,Технологи,Төсөл хийх,Багштай,Амралтын өдөр,Telegram,"Заах чадвар: Зураг авах (Дунд), Хоёрдогч чадвар: 3D моделчлол. Сурах чадвар: Илтгэх урлаг (Зорилтот түвшин: Ахисан). Сонирхол: Технологи. Зорилго: Төсөл хийх. Сурах арга: Багштай. Боломж: Амралтын өдөр. Хүсэж буй хамтрагчийн түвшин: Анхан."
SS0411,14,Шатар,Байхгүй,Суурь,Figma,Ахисан,Суурь,Ахисан,Ахисан,Контент,Одоогийн чадвараа сайжруулах,Багштай,7 хоногт 3-4 удаа,Zoom,Заах чадвар: Шатар (Суурь). Сурах чадвар: Figma (Зорилтот түвшин: Ахисан). Сонирхол: Контент. Зорилго: Одоогийн чадвараа сайжруулах. Сурах арга: Багштай. Боломж: 7 хоногт 3-4 удаа. Хүсэж буй хамтрагчийн түвшин: Ахисан.
SS0412,17,Контент бүтээлт,Байхгүй,Анхан,Canva,Ахисан,Анхан,Суурь,Дунд,Програмчлал,Хичээлдээ ашиглах,Практик хийж сурах,7 хоногт 1-2 удаа,Google Meet,Заах чадвар: Контент бүтээлт (Анхан). Сурах чадвар: Canva (Зорилтот түвшин: Ахисан). Сонирхол: Програмчлал. Зорилго: Хичээлдээ ашиглах. Сурах арга: Практик хийж сурах. Боломж: 7 хоногт 1-2 удаа. Хүсэж буй хамтрагчийн түвшин: Дунд.
SS0413,18,Figma,Байхгүй,Анхан,Математик,Ахисан,Анхан,Дунд,Дунд,Дизайн,Одоогийн чадвараа сайжруулах,Практик хийж сурах,Амралтын өдөр,Discord,Заах чадвар: Figma (Анхан). Сурах чадвар: Математик (Зорилтот түвшин: Ахисан). Сонирхол: Дизайн. Зорилго: Одоогийн чадвараа сайжруулах. Сурах арга: Практик хийж сурах. Боломж: Амралтын өдөр. Хүсэж буй хамтрагчийн түвшин: Дунд.
SS0414,15,Python,Зурах,Анхан,Англи хэл,Ахисан,Анхан,Анхан,Суурь,Дизайн,Шинэ чадвар сурах,Видео,7 хоногт 3-4 удаа,Instagram,"Заах чадвар: Python (Анхан), Хоёрдогч чадвар: Зурах. Сурах чадвар: Англи хэл (Зорилтот түвшин: Ахисан). Сонирхол: Дизайн. Зорилго: Шинэ чадвар сурах. Сурах арга: Видео. Боломж: 7 хоногт 3-4 удаа. Хүсэж буй хамтрагчийн түвшин: Суурь."
SS0415,15,Python,Байхгүй,Суурь,JavaScript,Ахисан,Суурь,Ахисан,Суурь,Медиа,Шинэ чадвар сурах,Видео,7 хоногт 1-2 удаа,Messenger,Заах чадвар: Python (Суурь). Сурах чадвар: JavaScript (Зорилтот түвшин: Ахисан). Сонирхол: Медиа. Зорилго: Шинэ чадвар сурах. Сурах арга: Видео. Боломж: 7 хоногт 1-2 удаа. Хүсэж буй хамтрагчийн түвшин: Суурь.
SS0416,14,Вэб хөгжүүлэлт,Байхгүй,Анхан,Япон хэл,Дунд,Анхан,Дунд,Суурь,Бүтээлч ажил,Хоббигоо хөгжүүлэх,Видео,Өдөр бүр,Facebook,Заах чадвар: Вэб хөгжүүлэлт (Анхан). Сурах чадвар: Япон хэл (Зорилтот түвшин: Дунд). Сонирхол: Бүтээлч ажил. Зорилго: Хоббигоо хөгжүүлэх. Сурах арга: Видео. Боломж: Өдөр бүр. Хүсэж буй хамтрагчийн түвшин: Суурь.
SS0417,16,Canva,Байхгүй,Анхан,Сошиал медиа,Суурь,Суурь,Анхан,Дунд,Хөгжим,Тэмцээнд бэлдэх,Уншиж сурах,Амралтын өдөр,Telegram,Заах чадвар: Canva (Суурь). Сурах чадвар: Сошиал медиа (Зорилтот түвшин: Суурь). Сонирхол: Хөгжим. Зорилго: Тэмцээнд бэлдэх. Сурах арга: Уншиж сурах. Боломж: Амралтын өдөр. Хүсэж буй хамтрагчийн түвшин: Дунд.
SS0418,15,Судалгаа,Шатар,Анхан,Илтгэх урлаг,Ахисан,Анхан,Суурь,Суурь,Спорт,Шинэ чадвар сурах,Уншиж сурах,7 хоногт 1-2 удаа,Zoom,"Заах чадвар: Судалгаа (Анхан), Хоёрдогч чадвар: Шатар. Сурах чадвар: Илтгэх урлаг (Зорилтот түвшин: Ахисан). Сонирхол: Спорт. Зорилго: Шинэ чадвар сурах. Сурах арга: Уншиж сурах. Боломж: 7 хоногт 1-2 удаа. Хүсэж буй хамтрагчийн түвшин: Суурь."
SS0419,15,Видео эвлүүлэг,Байхгүй,Суурь,Солонгос хэл,Суурь,Суурь,Ахисан,Ахисан,Контент,Шинэ чадвар сурах,Уншиж сурах,Өдөр бүр,Google Meet,Заах чадвар: Видео эвлүүлэг (Суурь). Сурах чадвар: Солонгос хэл (Зорилтот түвшин: Суурь). Сонирхол: Контент. Зорилго: Шинэ чадвар сурах. Сурах арга: Уншиж сурах. Боломж: Өдөр бүр. Хүсэж буй хамтрагчийн түвшин: Ахисан.
SS0420,13,Төгөлдөр хуур,Контент бүтээлт,Анхан,Зурах,Ахисан,Анхан,Анхан,Суурь,Бизнес,Төсөл хийх,Видео,Өдөр бүр,Discord,"Заах чадвар: Төгөлдөр хуур (Анхан), Хоёрдогч чадвар: Контент бүтээлт. Сурах чадвар: Зурах (Зорилтот түвшин: Ахисан). Сонирхол: Бизнес. Зорилго: Төсөл хийх. Сурах арга: Видео. Боломж: Өдөр бүр. Хүсэж буй хамтрагчийн түвшин: Суурь."
SS0421,17,Төгөлдөр хуур,Байхгүй,Анхан,UI/UX дизайн,Дунд,Анхан,Суурь,Ахисан,Медиа,Шинэ чадвар сурах,Багштай,7 хоногт 3-4 удаа,Instagram,Заах чадвар: Төгөлдөр хуур (Анхан). Сурах чадвар: UI/UX дизайн (Зорилтот түвшин: Дунд). Сонирхол: Медиа. Зорилго: Шинэ чадвар сурах. Сурах арга: Багштай. Боломж: 7 хоногт 3-4 удаа. Хүсэж буй хамтрагчийн түвшин: Ахисан.
SS0422,15,Бичих чадвар,Вэб хөгжүүлэлт,Суурь,Шатар,Ахисан,Суурь,Дунд,Дунд,Дизайн,Ирээдүйн мэргэжилдээ ашиглах,Уншиж сурах,7 хоногт 3-4 удаа,Messenger,"Заах чадвар: Бичих чадвар (Суурь), Хоёрдогч чадвар: Вэб хөгжүүлэлт. Сурах чадвар: Шатар (Зорилтот түвшин: Ахисан). Сонирхол: Дизайн. Зорилго: Ирээдүйн мэргэжилдээ ашиглах. Сурах арга: Уншиж сурах. Боломж: 7 хоногт 3-4 удаа. Хүсэж буй хамтрагчийн түвшин: Дунд."
SS0423,17,Илтгэх урлаг,Байхгүй,Дунд,Шатар,Суурь,Дунд,Суурь,Дунд,Хөгжим,Төсөл хийх,Уншиж сурах,Амралтын өдөр,Facebook,Заах чадвар: Илтгэх урлаг (Дунд). Сурах чадвар: Шатар (Зорилтот түвшин: Суурь). Сонирхол: Хөгжим. Зорилго: Төсөл хийх. Сурах арга: Уншиж сурах. Боломж: Амралтын өдөр. Хүсэж буй хамтрагчийн түвшин: Дунд.
SS0424,18,UI/UX дизайн,Байхгүй,Дунд,Бичих чадвар,Суурь,Дунд,Дунд,Анхан,Математик,Төсөл хийх,Практик хийж сурах,7 хоногт 3-4 удаа,Telegram,Заах чадвар: UI/UX дизайн (Дунд). Сурах чадвар: Бичих чадвар (Зорилтот түвшин: Суурь). Сонирхол: Математик. Зорилго: Төсөл хийх. Сурах арга: Практик хийж сурах. Боломж: 7 хоногт 3-4 удаа. Хүсэж буй хамтрагчийн түвшин: Анхан.
SS0425,17,Гитар,Байхгүй,Анхан,UI/UX дизайн,Дунд,Суурь,Дунд,Анхан,Контент,Шинэ чадвар сурах,Практик хийж сурах,Өдөр бүр,Zoom,Заах чадвар: Гитар (Суурь). Сурах чадвар: UI/UX дизайн (Зорилтот түвшин: Дунд). Сонирхол: Контент. Зорилго: Шинэ чадвар сурах. Сурах арга: Практик хийж сурах. Боломж: Өдөр бүр. Хүсэж буй хамтрагчийн түвшин: Анхан.
SS0426,13,Вэб хөгжүүлэлт,Байхгүй,Анхан,Манлайлал,Суурь,Анхан,Анхан,Ахисан,Урлаг,Хичээлдээ ашиглах,Видео,Амралтын өдөр,Google Meet,Заах чадвар: Вэб хөгжүүлэлт (Анхан). Сурах чадвар: Манлайлал (Зорилтот түвшин: Суурь). Сонирхол: Урлаг. Зорилго: Хичээлдээ ашиглах. Сурах арга: Видео. Боломж: Амралтын өдөр. Хүсэж буй хамтрагчийн түвшин: Ахисан.
SS0427,17,JavaScript,Байхгүй,Суурь,Хөгжим,Суурь,Суурь,Ахисан,Анхан,Технологи,Хоббигоо хөгжүүлэх,Уншиж сурах,Амралтын өдөр,Discord,Заах чадвар: JavaScript (Суурь). Сурах чадвар: Хөгжим (Зорилтот түвшин: Суурь). Сонирхол: Технологи. Зорилго: Хоббигоо хөгжүүлэх. Сурах арга: Уншиж сурах. Боломж: Амралтын өдөр. Хүсэж буй хамтрагчийн түвшин: Анхан.
SS0428,15,Excel,Байхгүй,Суурь,Контент бүтээлт,Суурь,Суурь,Анхан,Анхан,Бүтээлч ажил,Ирээдүйн мэргэжилдээ ашиглах,Хамтрагчтай,7 хоногт 1-2 удаа,Instagram,Заах чадвар: Excel (Суурь). Сурах чадвар: Контент бүтээлт (Зорилтот түвшин: Суурь). Сонирхол: Бүтээлч ажил. Зорилго: Ирээдүйн мэргэжилдээ ашиглах. Сурах арга: Хамтрагчтай. Боломж: 7 хоногт 1-2 удаа. Хүсэж буй хамтрагчийн түвшин: Анхан.
SS0429,17,Спорт,Байхгүй,Анхан,График дизайн,Суурь,Анхан,Анхан,Суурь,Боловсрол,Одоогийн чадвараа сайжруулах,Уншиж сурах,Амралтын өдөр,Messenger,Заах чадвар: Спорт (Анхан). Сурах чадвар: График дизайн (Зорилтот түвшин: Суурь). Сонирхол: Боловсрол. Зорилго: Одоогийн чадвараа сайжруулах. Сурах арга: Уншиж сурах. Боломж: Амралтын өдөр. Хүсэж буй хамтрагчийн түвшин: Суурь.
SS0430,18,JavaScript,Байхгүй,Дунд,Төгөлдөр хуур,Дунд,Дунд,Дунд,Ахисан,Боловсрол,Хичээлдээ ашиглах,Видео,7 хоногт 1-2 удаа,Facebook,Заах чадвар: JavaScript (Дунд). Сурах чадвар: Төгөлдөр хуур (Зорилтот түвшин: Дунд). Сонирхол: Боловсрол. Зорилго: Хичээлдээ ашиглах. Сурах арга: Видео. Боломж: 7 хоногт 1-2 удаа. Хүсэж буй хамтрагчийн түвшин: Ахисан.
SS0431,17,Төгөлдөр хуур,Байхгүй,Анхан,Гитар,Ахисан,Анхан,Дунд,Дунд,Хэл,Төсөл хийх,Хамтрагчтай,Амралтын өдөр,Telegram,Заах чадвар: Төгөлдөр хуур (Анхан). Сурах чадвар: Гитар (Зорилтот түвшин: Ахисан). Сонирхол: Хэл. Зорилго: Төсөл хийх. Сурах арга: Хамтрагчтай. Боломж: Амралтын өдөр. Хүсэж буй хамтрагчийн түвшин: Дунд.
SS0432,18,UI/UX дизайн,Байхгүй,Суурь,Илтгэх урлаг,Ахисан,Суурь,Анхан,Дунд,Шинжлэх ухаан,Тэмцээнд бэлдэх,Хамтрагчтай,7 хоногт 3-4 удаа,Zoom,Заах чадвар: UI/UX дизайн (Суурь). Сурах чадвар: Илтгэх урлаг (Зорилтот түвшин: Ахисан). Сонирхол: Шинжлэх ухаан. Зорилго: Тэмцээнд бэлдэх. Сурах арга: Хамтрагчтай. Боломж: 7 хоногт 3-4 удаа. Хүсэж буй хамтрагчийн түвшин: Дунд.
SS0433,17,Бичих чадвар,Байхгүй,Суурь,C++,Ахисан,Суурь,Суурь,Суурь,Хэл,Төсөл хийх,Практик хийж сурах,Өдөр бүр,Google Meet,Заах чадвар: Бичих чадвар (Суурь). Сурах чадвар: C++ (Зорилтот түвшин: Ахисан). Сонирхол: Хэл. Зорилго: Төсөл хийх. Сурах арга: Практик хийж сурах. Боломж: Өдөр бүр. Хүсэж буй хамтрагчийн түвшин: Суурь.
SS0434,17,Математик,Байхгүй,Дунд,Багаар ажиллах,Ахисан,Дунд,Ахисан,Анхан,Математик,Шинэ чадвар сурах,Хамтрагчтай,7 хоногт 3-4 удаа,Discord,Заах чадвар: Математик (Дунд). Сурах чадвар: Багаар ажиллах (Зорилтот түвшин: Ахисан). Сонирхол: Математик. Зорилго: Шинэ чадвар сурах. Сурах арга: Хамтрагчтай. Боломж: 7 хоногт 3-4 удаа. Хүсэж буй хамтрагчийн түвшин: Анхан.
SS0435,14,Excel,Солонгос хэл,Суурь,Бичих чадвар,Дунд,Суурь,Ахисан,Суурь,Урлаг,Ирээдүйн мэргэжилдээ ашиглах,Хамтрагчтай,Амралтын өдөр,Instagram,"Заах чадвар: Excel (Суурь), Хоёрдогч чадвар: Солонгос хэл. Сурах чадвар: Бичих чадвар (Зорилтот түвшин: Дунд). Сонирхол: Урлаг. Зорилго: Ирээдүйн мэргэжилдээ ашиглах. Сурах арга: Хамтрагчтай. Боломж: Амралтын өдөр. Хүсэж буй хамтрагчийн түвшин: Суурь."
SS0436,18,Спорт,Байхгүй,Дунд,График дизайн,Ахисан,Дунд,Дунд,Ахисан,Бүтээлч ажил,Шинэ чадвар сурах,Видео,7 хоногт 1-2 удаа,Messenger,Заах чадвар: Спорт (Дунд). Сурах чадвар: График дизайн (Зорилтот түвшин: Ахисан). Сонирхол: Бүтээлч ажил. Зорилго: Шинэ чадвар сурах. Сурах арга: Видео. Боломж: 7 хоногт 1-2 удаа. Хүсэж буй хамтрагчийн түвшин: Ахисан.
SS0437,16,График дизайн,Контент бүтээлт,Суурь,Сошиал медиа,Суурь,Суурь,Суурь,Ахисан,Боловсрол,Хичээлдээ ашиглах,Хамтрагчтай,Өдөр бүр,Facebook,"Заах чадвар: График дизайн (Суурь), Хоёрдогч чадвар: Контент бүтээлт. Сурах чадвар: Сошиал медиа (Зорилтот түвшин: Суурь). Сонирхол: Боловсрол. Зорилго: Хичээлдээ ашиглах. Сурах арга: Хамтрагчтай. Боломж: Өдөр бүр. Хүсэж буй хамтрагчийн түвшин: Ахисан."
SS0438,15,Вэб хөгжүүлэлт,Байхгүй,Суурь,Илтгэх урлаг,Ахисан,Суурь,Дунд,Ахисан,Шинжлэх ухаан,Хичээлдээ ашиглах,Уншиж сурах,Өдөр бүр,Telegram,Заах чадвар: Вэб хөгжүүлэлт (Суурь). Сурах чадвар: Илтгэх урлаг (Зорилтот түвшин: Ахисан). Сонирхол: Шинжлэх ухаан. Зорилго: Хичээлдээ ашиглах. Сурах арга: Уншиж сурах. Боломж: Өдөр бүр. Хүсэж буй хамтрагчийн түвшин: Ахисан.
SS0439,15,Excel,Байхгүй,Суурь,Сошиал медиа,Суурь,Суурь,Ахисан,Анхан,Хэл,Тэмцээнд бэлдэх,Практик хийж сурах,Өдөр бүр,Zoom,Заах чадвар: Excel (Суурь). Сурах чадвар: Сошиал медиа (Зорилтот түвшин: Суурь). Сонирхол: Хэл. Зорилго: Тэмцээнд бэлдэх. Сурах арга: Практик хийж сурах. Боломж: Өдөр бүр. Хүсэж буй хамтрагчийн түвшин: Анхан.
SS0440,18,UI/UX дизайн,Байхгүй,Суурь,Canva,Суурь,Суурь,Анхан,Ахисан,Дизайн,Тэмцээнд бэлдэх,Хамтрагчтай,7 хоногт 3-4 удаа,Google Meet,Заах чадвар: UI/UX дизайн (Суурь). Сурах чадвар: Canva (Зорилтот түвшин: Суурь). Сонирхол: Дизайн. Зорилго: Тэмцээнд бэлдэх. Сурах арга: Хамтрагчтай. Боломж: 7 хоногт 3-4 удаа. Хүсэж буй хамтрагчийн түвшин: Ахисан.
SS0441,14,Хөгжим,Гитар,Ахисан,3D моделчлол,Дунд,Ахисан,Ахисан,Анхан,Медиа,Хичээлдээ ашиглах,Багштай,7 хоногт 1-2 удаа,Discord,"Заах чадвар: Хөгжим (Ахисан), Хоёрдогч чадвар: Гитар. Сурах чадвар: 3D моделчлол (Зорилтот түвшин: Дунд). Сонирхол: Медиа. Зорилго: Хичээлдээ ашиглах. Сурах арга: Багштай. Боломж: 7 хоногт 1-2 удаа. Хүсэж буй хамтрагчийн түвшин: Анхан."
SS0442,15,Видео эвлүүлэг,Байхгүй,Суурь,Төгөлдөр хуур,Ахисан,Суурь,Дунд,Ахисан,Технологи,Төсөл хийх,Практик хийж сурах,7 хоногт 3-4 удаа,Instagram,Заах чадвар: Видео эвлүүлэг (Суурь). Сурах чадвар: Төгөлдөр хуур (Зорилтот түвшин: Ахисан). Сонирхол: Технологи. Зорилго: Төсөл хийх. Сурах арга: Практик хийж сурах. Боломж: 7 хоногт 3-4 удаа. Хүсэж буй хамтрагчийн түвшин: Ахисан.
SS0443,18,Зурах,Байхгүй,Ахисан,Зураг авах,Суурь,Ахисан,Ахисан,Анхан,Медиа,Хичээлдээ ашиглах,Видео,Өдөр бүр,Messenger,Заах чадвар: Зурах (Ахисан). Сурах чадвар: Зураг авах (Зорилтот түвшин: Суурь). Сонирхол: Медиа. Зорилго: Хичээлдээ ашиглах. Сурах арга: Видео. Боломж: Өдөр бүр. Хүсэж буй хамтрагчийн түвшин: Анхан.
SS0444,15,Физик,Байхгүй,Дунд,Хөгжим,Суурь,Анхан,Суурь,Дунд,Спорт,Шинэ чадвар сурах,Багштай,Амралтын өдөр,Facebook,Заах чадвар: Физик (Анхан). Сурах чадвар: Хөгжим (Зорилтот түвшин: Суурь). Сонирхол: Спорт. Зорилго: Шинэ чадвар сурах. Сурах арга: Багштай. Боломж: Амралтын өдөр. Хүсэж буй хамтрагчийн түвшин: Дунд.
SS0445,15,Математик,Байхгүй,Анхан,Шатар,Дунд,Анхан,Суурь,Анхан,Математик,Тэмцээнд бэлдэх,Уншиж сурах,Өдөр бүр,Telegram,Заах чадвар: Математик (Анхан). Сурах чадвар: Шатар (Зорилтот түвшин: Дунд). Сонирхол: Математик. Зорилго: Тэмцээнд бэлдэх. Сурах арга: Уншиж сурах. Боломж: Өдөр бүр. Хүсэж буй хамтрагчийн түвшин: Анхан.
SS0446,13,Солонгос хэл,Физик,Дунд,Англи хэл,Ахисан,Дунд,Ахисан,Дунд,Технологи,Хичээлдээ ашиглах,Видео,Амралтын өдөр,Zoom,"Заах чадвар: Солонгос хэл (Дунд), Хоёрдогч чадвар: Физик. Сурах чадвар: Англи хэл (Зорилтот түвшин: Ахисан). Сонирхол: Технологи. Зорилго: Хичээлдээ ашиглах. Сурах арга: Видео. Боломж: Амралтын өдөр. Хүсэж буй хамтрагчийн түвшин: Дунд."
SS0447,15,Гитар,Байхгүй,Суурь,Багаар ажиллах,Дунд,Суурь,Ахисан,Ахисан,Шинжлэх ухаан,Төсөл хийх,Багштай,Өдөр бүр,Google Meet,Заах чадвар: Гитар (Суурь). Сурах чадвар: Багаар ажиллах (Зорилтот түвшин: Дунд). Сонирхол: Шинжлэх ухаан. Зорилго: Төсөл хийх. Сурах арга: Багштай. Боломж: Өдөр бүр. Хүсэж буй хамтрагчийн түвшин: Ахисан.
SS0448,16,Манлайлал,Байхгүй,Анхан,Зурах,Ахисан,Анхан,Суурь,Дунд,Технологи,Ирээдүйн мэргэжилдээ ашиглах,Видео,7 хоногт 3-4 удаа,Discord,Заах чадвар: Манлайлал (Анхан). Сурах чадвар: Зурах (Зорилтот түвшин: Ахисан). Сонирхол: Технологи. Зорилго: Ирээдүйн мэргэжилдээ ашиглах. Сурах арга: Видео. Боломж: 7 хоногт 3-4 удаа. Хүсэж буй хамтрагчийн түвшин: Дунд.
SS0449,15,Илтгэх урлаг,Байхгүй,Анхан,JavaScript,Ахисан,Анхан,Дунд,Анхан,Спорт,Хоббигоо хөгжүүлэх,Уншиж сурах,7 хоногт 1-2 удаа,Instagram,Заах чадвар: Илтгэх урлаг (Анхан). Сурах чадвар: JavaScript (Зорилтот түвшин: Ахисан). Сонирхол: Спорт. Зорилго: Хоббигоо хөгжүүлэх. Сурах арга: Уншиж сурах. Боломж: 7 хоногт 1-2 удаа. Хүсэж буй хамтрагчийн түвшин: Анхан.
SS0450,17,Хөгжим,Байхгүй,Дунд,Солонгос хэл,Суурь,Анхан,Суурь,Суурь,Хэл,Хичээлдээ ашиглах,Практик хийж сурах,Амралтын өдөр,Messenger,Заах чадвар: Хөгжим (Анхан). Сурах чадвар: Солонгос хэл (Зорилтот түвшин: Суурь). Сонирхол: Хэл. Зорилго: Хичээлдээ ашиглах. Сурах арга: Практик хийж сурах. Боломж: Амралтын өдөр. Хүсэж буй хамтрагчийн түвшин: Суурь.
SS0451,18,График дизайн,Байхгүй,Ахисан,Шатар,Суурь,Ахисан,Ахисан,Дунд,Контент,Тэмцээнд бэлдэх,Уншиж сурах,7 хоногт 3-4 удаа,Facebook,Заах чадвар: График дизайн (Ахисан). Сурах чадвар: Шатар (Зорилтот түвшин: Суурь). Сонирхол: Контент. Зорилго: Тэмцээнд бэлдэх. Сурах арга: Уншиж сурах. Боломж: 7 хоногт 3-4 удаа. Хүсэж буй хамтрагчийн түвшин: Дунд.
SS0452,14,Судалгаа,Байхгүй,Суурь,Зурах,Ахисан,Суурь,Анхан,Суурь,Програмчлал,Төсөл хийх,Уншиж сурах,7 хоногт 3-4 удаа,Telegram,Заах чадвар: Судалгаа (Суурь). Сурах чадвар: Зурах (Зорилтот түвшин: Ахисан). Сонирхол: Програмчлал. Зорилго: Төсөл хийх. Сурах арга: Уншиж сурах. Боломж: 7 хоногт 3-4 удаа. Хүсэж буй хамтрагчийн түвшин: Суурь.
SS0453,17,Figma,Зурах,Ахисан,Сошиал медиа,Ахисан,Ахисан,Ахисан,Суурь,Урлаг,Хоббигоо хөгжүүлэх,Уншиж сурах,7 хоногт 1-2 удаа,Zoom,"Заах чадвар: Figma (Ахисан), Хоёрдогч чадвар: Зурах. Сурах чадвар: Сошиал медиа (Зорилтот түвшин: Ахисан). Сонирхол: Урлаг. Зорилго: Хоббигоо хөгжүүлэх. Сурах арга: Уншиж сурах. Боломж: 7 хоногт 1-2 удаа. Хүсэж буй хамтрагчийн түвшин: Суурь."
SS0454,16,Спорт,Байхгүй,Дунд,Python,Дунд,Дунд,Дунд,Суурь,Боловсрол,Хоббигоо хөгжүүлэх,Практик хийж сурах,7 хоногт 3-4 удаа,Google Meet,Заах чадвар: Спорт (Дунд). Сурах чадвар: Python (Зорилтот түвшин: Дунд). Сонирхол: Боловсрол. Зорилго: Хоббигоо хөгжүүлэх. Сурах арга: Практик хийж сурах. Боломж: 7 хоногт 3-4 удаа. Хүсэж буй хамтрагчийн түвшин: Суурь.
SS0455,17,Видео эвлүүлэг,Контент бүтээлт,Ахисан,Англи хэл,Ахисан,Ахисан,Ахисан,Анхан,Шинжлэх ухаан,Одоогийн чадвараа сайжруулах,Хамтрагчтай,7 хоногт 3-4 удаа,Discord,"Заах чадвар: Видео эвлүүлэг (Ахисан), Хоёрдогч чадвар: Контент бүтээлт. Сурах чадвар: Англи хэл (Зорилтот түвшин: Ахисан). Сонирхол: Шинжлэх ухаан. Зорилго: Одоогийн чадвараа сайжруулах. Сурах арга: Хамтрагчтай. Боломж: 7 хоногт 3-4 удаа. Хүсэж буй хамтрагчийн түвшин: Анхан."
SS0456,17,Бичих чадвар,Байхгүй,Суурь,График дизайн,Ахисан,Суурь,Анхан,Ахисан,Програмчлал,Хоббигоо хөгжүүлэх,Практик хийж сурах,7 хоногт 3-4 удаа,Instagram,Заах чадвар: Бичих чадвар (Суурь). Сурах чадвар: График дизайн (Зорилтот түвшин: Ахисан). Сонирхол: Програмчлал. Зорилго: Хоббигоо хөгжүүлэх. Сурах арга: Практик хийж сурах. Боломж: 7 хоногт 3-4 удаа. Хүсэж буй хамтрагчийн түвшин: Ахисан.
SS0457,13,C++,Математик,Анхан,JavaScript,Дунд,Анхан,Суурь,Суурь,Шинжлэх ухаан,Шинэ чадвар сурах,Уншиж сурах,7 хоногт 3-4 удаа,Messenger,"Заах чадвар: C++ (Анхан), Хоёрдогч чадвар: Математик. Сурах чадвар: JavaScript (Зорилтот түвшин: Дунд). Сонирхол: Шинжлэх ухаан. Зорилго: Шинэ чадвар сурах. Сурах арга: Уншиж сурах. Боломж: 7 хоногт 3-4 удаа. Хүсэж буй хамтрагчийн түвшин: Суурь."
SS0458,16,Судалгаа,Байхгүй,Суурь,Excel,Дунд,Суурь,Дунд,Дунд,Контент,Хичээлдээ ашиглах,Видео,Амралтын өдөр,Facebook,Заах чадвар: Судалгаа (Суурь). Сурах чадвар: Excel (Зорилтот түвшин: Дунд). Сонирхол: Контент. Зорилго: Хичээлдээ ашиглах. Сурах арга: Видео. Боломж: Амралтын өдөр. Хүсэж буй хамтрагчийн түвшин: Дунд.
SS0459,18,Canva,Байхгүй,Суурь,Хөгжим,Суурь,Суурь,Ахисан,Анхан,Хөгжим,Тэмцээнд бэлдэх,Видео,Амралтын өдөр,Telegram,Заах чадвар: Canva (Суурь). Сурах чадвар: Хөгжим (Зорилтот түвшин: Суурь). Сонирхол: Хөгжим. Зорилго: Тэмцээнд бэлдэх. Сурах арга: Видео. Боломж: Амралтын өдөр. Хүсэж буй хамтрагчийн түвшин: Анхан.
SS0460,17,Багаар ажиллах,Байхгүй,Суурь,Физик,Суурь,Суурь,Анхан,Дунд,Шинжлэх ухаан,Тэмцээнд бэлдэх,Практик хийж сурах,Амралтын өдөр,Zoom,Заах чадвар: Багаар ажиллах (Суурь). Сурах чадвар: Физик (Зорилтот түвшин: Суурь). Сонирхол: Шинжлэх ухаан. Зорилго: Тэмцээнд бэлдэх. Сурах арга: Практик хийж сурах. Боломж: Амралтын өдөр. Хүсэж буй хамтрагчийн түвшин: Дунд.
SS0461,13,Шатар,Байхгүй,Анхан,Манлайлал,Ахисан,Анхан,Дунд,Анхан,Хэл,Шинэ чадвар сурах,Багштай,Амралтын өдөр,Google Meet,Заах чадвар: Шатар (Анхан). Сурах чадвар: Манлайлал (Зорилтот түвшин: Ахисан). Сонирхол: Хэл. Зорилго: Шинэ чадвар сурах. Сурах арга: Багштай. Боломж: Амралтын өдөр. Хүсэж буй хамтрагчийн түвшин: Анхан.
SS0462,16,Англи хэл,Байхгүй,Дунд,Сошиал медиа,Дунд,Дунд,Суурь,Суурь,Дизайн,Тэмцээнд бэлдэх,Видео,7 хоногт 3-4 удаа,Discord,Заах чадвар: Англи хэл (Дунд). Сурах чадвар: Сошиал медиа (Зорилтот түвшин: Дунд). Сонирхол: Дизайн. Зорилго: Тэмцээнд бэлдэх. Сурах арга: Видео. Боломж: 7 хоногт 3-4 удаа. Хүсэж буй хамтрагчийн түвшин: Суурь.
SS0463,18,Багаар ажиллах,Илтгэх урлаг,Дунд,Excel,Суурь,Суурь,Дунд,Дунд,Урлаг,Хичээлдээ ашиглах,Видео,Амралтын өдөр,Instagram,"Заах чадвар: Багаар ажиллах (Суурь), Хоёрдогч чадвар: Илтгэх урлаг. Сурах чадвар: Excel (Зорилтот түвшин: Суурь). Сонирхол: Урлаг. Зорилго: Хичээлдээ ашиглах. Сурах арга: Видео. Боломж: Амралтын өдөр. Хүсэж буй хамтрагчийн түвшин: Дунд."
SS0464,16,График дизайн,Байхгүй,Дунд,UI/UX дизайн,Дунд,Суурь,Ахисан,Суурь,Технологи,Ирээдүйн мэргэжилдээ ашиглах,Уншиж сурах,7 хоногт 1-2 удаа,Messenger,Заах чадвар: График дизайн (Суурь). Сурах чадвар: UI/UX дизайн (Зорилтот түвшин: Дунд). Сонирхол: Технологи. Зорилго: Ирээдүйн мэргэжилдээ ашиглах. Сурах арга: Уншиж сурах. Боломж: 7 хоногт 1-2 удаа. Хүсэж буй хамтрагчийн түвшин: Суурь.
SS0465,15,Англи хэл,Сошиал медиа,Дунд,Багаар ажиллах,Дунд,Дунд,Суурь,Суурь,Спорт,Одоогийн чадвараа сайжруулах,Уншиж сурах,Өдөр бүр,Facebook,"Заах чадвар: Англи хэл (Дунд), Хоёрдогч чадвар: Сошиал медиа. Сурах чадвар: Багаар ажиллах (Зорилтот түвшин: Дунд). Сонирхол: Спорт. Зорилго: Одоогийн чадвараа сайжруулах. Сурах арга: Уншиж сурах. Боломж: Өдөр бүр. Хүсэж буй хамтрагчийн түвшин: Суурь."
SS0466,16,Python,Байхгүй,Анхан,Хөгжим,Суурь,Анхан,Суурь,Ахисан,Математик,Одоогийн чадвараа сайжруулах,Багштай,7 хоногт 3-4 удаа,Telegram,Заах чадвар: Python (Анхан). Сурах чадвар: Хөгжим (Зорилтот түвшин: Суурь). Сонирхол: Математик. Зорилго: Одоогийн чадвараа сайжруулах. Сурах арга: Багштай. Боломж: 7 хоногт 3-4 удаа. Хүсэж буй хамтрагчийн түвшин: Ахисан.
SS0467,17,Excel,Байхгүй,Дунд,Figma,Ахисан,Дунд,Ахисан,Суурь,Програмчлал,Шинэ чадвар сурах,Хамтрагчтай,7 хоногт 3-4 удаа,Zoom,Заах чадвар: Excel (Дунд). Сурах чадвар: Figma (Зорилтот түвшин: Ахисан). Сонирхол: Програмчлал. Зорилго: Шинэ чадвар сурах. Сурах арга: Хамтрагчтай. Боломж: 7 хоногт 3-4 удаа. Хүсэж буй хамтрагчийн түвшин: Суурь.
SS0468,15,Зураг авах,Байхгүй,Анхан,Вэб хөгжүүлэлт,Суурь,Анхан,Анхан,Дунд,Урлаг,Одоогийн чадвараа сайжруулах,Багштай,7 хоногт 3-4 удаа,Google Meet,Заах чадвар: Зураг авах (Анхан). Сурах чадвар: Вэб хөгжүүлэлт (Зорилтот түвшин: Суурь). Сонирхол: Урлаг. Зорилго: Одоогийн чадвараа сайжруулах. Сурах арга: Багштай. Боломж: 7 хоногт 3-4 удаа. Хүсэж буй хамтрагчийн түвшин: Дунд.
SS0469,16,Зурах,Байхгүй,Суурь,Төгөлдөр хуур,Ахисан,Суурь,Суурь,Дунд,Бизнес,Хоббигоо хөгжүүлэх,Видео,Өдөр бүр,Discord,Заах чадвар: Зурах (Суурь). Сурах чадвар: Төгөлдөр хуур (Зорилтот түвшин: Ахисан). Сонирхол: Бизнес. Зорилго: Хоббигоо хөгжүүлэх. Сурах арга: Видео. Боломж: Өдөр бүр. Хүсэж буй хамтрагчийн түвшин: Дунд.
SS0470,15,Илтгэх урлаг,Байхгүй,Дунд,Canva,Суурь,Анхан,Ахисан,Ахисан,Урлаг,Ирээдүйн мэргэжилдээ ашиглах,Практик хийж сурах,7 хоногт 1-2 удаа,Instagram,Заах чадвар: Илтгэх урлаг (Анхан). Сурах чадвар: Canva (Зорилтот түвшин: Суурь). Сонирхол: Урлаг. Зорилго: Ирээдүйн мэргэжилдээ ашиглах. Сурах арга: Практик хийж сурах. Боломж: 7 хоногт 1-2 удаа. Хүсэж буй хамтрагчийн түвшин: Ахисан.
SS0471,18,JavaScript,Байхгүй,Дунд,Математик,Ахисан,Дунд,Суурь,Дунд,Урлаг,Тэмцээнд бэлдэх,Багштай,7 хоногт 1-2 удаа,Messenger,Заах чадвар: JavaScript (Дунд). Сурах чадвар: Математик (Зорилтот түвшин: Ахисан). Сонирхол: Урлаг. Зорилго: Тэмцээнд бэлдэх. Сурах арга: Багштай. Боломж: 7 хоногт 1-2 удаа. Хүсэж буй хамтрагчийн түвшин: Дунд.
SS0472,17,Солонгос хэл,Байхгүй,Дунд,UI/UX дизайн,Ахисан,Дунд,Дунд,Суурь,Дизайн,Ирээдүйн мэргэжилдээ ашиглах,Багштай,7 хоногт 3-4 удаа,Facebook,Заах чадвар: Солонгос хэл (Дунд). Сурах чадвар: UI/UX дизайн (Зорилтот түвшин: Ахисан). Сонирхол: Дизайн. Зорилго: Ирээдүйн мэргэжилдээ ашиглах. Сурах арга: Багштай. Боломж: 7 хоногт 3-4 удаа. Хүсэж буй хамтрагчийн түвшин: Суурь.
SS0473,18,Төгөлдөр хуур,Байхгүй,Анхан,Япон хэл,Ахисан,Анхан,Дунд,Анхан,Бүтээлч ажил,Тэмцээнд бэлдэх,Уншиж сурах,Амралтын өдөр,Telegram,Заах чадвар: Төгөлдөр хуур (Анхан). Сурах чадвар: Япон хэл (Зорилтот түвшин: Ахисан). Сонирхол: Бүтээлч ажил. Зорилго: Тэмцээнд бэлдэх. Сурах арга: Уншиж сурах. Боломж: Амралтын өдөр. Хүсэж буй хамтрагчийн түвшин: Анхан.
SS0474,14,Илтгэх урлаг,Байхгүй,Дунд,Canva,Дунд,Дунд,Суурь,Дунд,Спорт,Төсөл хийх,Видео,7 хоногт 1-2 удаа,Zoom,Заах чадвар: Илтгэх урлаг (Дунд). Сурах чадвар: Canva (Зорилтот түвшин: Дунд). Сонирхол: Спорт. Зорилго: Төсөл хийх. Сурах арга: Видео. Боломж: 7 хоногт 1-2 удаа. Хүсэж буй хамтрагчийн түвшин: Дунд.
SS0475,14,Шатар,Бичих чадвар,Суурь,Python,Дунд,Суурь,Ахисан,Анхан,Бүтээлч ажил,Тэмцээнд бэлдэх,Практик хийж сурах,Амралтын өдөр,Google Meet,"Заах чадвар: Шатар (Суурь), Хоёрдогч чадвар: Бичих чадвар. Сурах чадвар: Python (Зорилтот түвшин: Дунд). Сонирхол: Бүтээлч ажил. Зорилго: Тэмцээнд бэлдэх. Сурах арга: Практик хийж сурах. Боломж: Амралтын өдөр. Хүсэж буй хамтрагчийн түвшин: Анхан."
SS0476,16,Хөгжим,Байхгүй,Дунд,Зураг авах,Ахисан,Дунд,Ахисан,Дунд,Технологи,Ирээдүйн мэргэжилдээ ашиглах,Хамтрагчтай,7 хоногт 1-2 удаа,Discord,Заах чадвар: Хөгжим (Дунд). Сурах чадвар: Зураг авах (Зорилтот түвшин: Ахисан). Сонирхол: Технологи. Зорилго: Ирээдүйн мэргэжилдээ ашиглах. Сурах арга: Хамтрагчтай. Боломж: 7 хоногт 1-2 удаа. Хүсэж буй хамтрагчийн түвшин: Дунд.
SS0477,13,UI/UX дизайн,Хөгжим,Дунд,3D моделчлол,Дунд,Дунд,Суурь,Суурь,Бүтээлч ажил,Тэмцээнд бэлдэх,Видео,7 хоногт 1-2 удаа,Instagram,"Заах чадвар: UI/UX дизайн (Дунд), Хоёрдогч чадвар: Хөгжим. Сурах чадвар: 3D моделчлол (Зорилтот түвшин: Дунд). Сонирхол: Бүтээлч ажил. Зорилго: Тэмцээнд бэлдэх. Сурах арга: Видео. Боломж: 7 хоногт 1-2 удаа. Хүсэж буй хамтрагчийн түвшин: Суурь."
SS0478,18,3D моделчлол,Байхгүй,Суурь,Хөгжим,Ахисан,Суурь,Дунд,Ахисан,Технологи,Шинэ чадвар сурах,Практик хийж сурах,Амралтын өдөр,Messenger,Заах чадвар: 3D моделчлол (Суурь). Сурах чадвар: Хөгжим (Зорилтот түвшин: Ахисан). Сонирхол: Технологи. Зорилго: Шинэ чадвар сурах. Сурах арга: Практик хийж сурах. Боломж: Амралтын өдөр. Хүсэж буй хамтрагчийн түвшин: Ахисан.
SS0479,17,Багаар ажиллах,Байхгүй,Дунд,Физик,Суурь,Дунд,Ахисан,Суурь,Урлаг,Хоббигоо хөгжүүлэх,Практик хийж сурах,Өдөр бүр,Facebook,Заах чадвар: Багаар ажиллах (Дунд). Сурах чадвар: Физик (Зорилтот түвшин: Суурь). Сонирхол: Урлаг. Зорилго: Хоббигоо хөгжүүлэх. Сурах арга: Практик хийж сурах. Боломж: Өдөр бүр. Хүсэж буй хамтрагчийн түвшин: Суурь.
SS0480,17,Судалгаа,Байхгүй,Анхан,График дизайн,Суурь,Анхан,Анхан,Дунд,Бизнес,Хоббигоо хөгжүүлэх,Багштай,7 хоногт 1-2 удаа,Telegram,Заах чадвар: Судалгаа (Анхан). Сурах чадвар: График дизайн (Зорилтот түвшин: Суурь). Сонирхол: Бизнес. Зорилго: Хоббигоо хөгжүүлэх. Сурах арга: Багштай. Боломж: 7 хоногт 1-2 удаа. Хүсэж буй хамтрагчийн түвшин: Дунд.
SS0481,14,Зураг авах,Байхгүй,Дунд,Сошиал медиа,Суурь,Суурь,Дунд,Дунд,Дизайн,Шинэ чадвар сурах,Багштай,Өдөр бүр,Zoom,Заах чадвар: Зураг авах (Суурь). Сурах чадвар: Сошиал медиа (Зорилтот түвшин: Суурь). Сонирхол: Дизайн. Зорилго: Шинэ чадвар сурах. Сурах арга: Багштай. Боломж: Өдөр бүр. Хүсэж буй хамтрагчийн түвшин: Дунд.
SS0482,16,Судалгаа,Байхгүй,Суурь,Вэб хөгжүүлэлт,Суурь,Суурь,Дунд,Дунд,Хөгжим,Ирээдүйн мэргэжилдээ ашиглах,Практик хийж сурах,Өдөр бүр,Google Meet,Заах чадвар: Судалгаа (Суурь). Сурах чадвар: Вэб хөгжүүлэлт (Зорилтот түвшин: Суурь). Сонирхол: Хөгжим. Зорилго: Ирээдүйн мэргэжилдээ ашиглах. Сурах арга: Практик хийж сурах. Боломж: Өдөр бүр. Хүсэж буй хамтрагчийн түвшин: Дунд.
SS0483,17,Хөгжим,Байхгүй,Анхан,Судалгаа,Дунд,Анхан,Анхан,Суурь,Програмчлал,Одоогийн чадвараа сайжруулах,Видео,7 хоногт 1-2 удаа,Discord,Заах чадвар: Хөгжим (Анхан). Сурах чадвар: Судалгаа (Зорилтот түвшин: Дунд). Сонирхол: Програмчлал. Зорилго: Одоогийн чадвараа сайжруулах. Сурах арга: Видео. Боломж: 7 хоногт 1-2 удаа. Хүсэж буй хамтрагчийн түвшин: Суурь.
SS0484,17,Солонгос хэл,Гитар,Суурь,Видео эвлүүлэг,Ахисан,Суурь,Анхан,Дунд,Бизнес,Хичээлдээ ашиглах,Практик хийж сурах,7 хоногт 3-4 удаа,Instagram,"Заах чадвар: Солонгос хэл (Суурь), Хоёрдогч чадвар: Гитар. Сурах чадвар: Видео эвлүүлэг (Зорилтот түвшин: Ахисан). Сонирхол: Бизнес. Зорилго: Хичээлдээ ашиглах. Сурах арга: Практик хийж сурах. Боломж: 7 хоногт 3-4 удаа. Хүсэж буй хамтрагчийн түвшин: Дунд."
SS0485,16,3D моделчлол,Илтгэх урлаг,Дунд,Физик,Суурь,Дунд,Ахисан,Ахисан,Технологи,Шинэ чадвар сурах,Багштай,Өдөр бүр,Messenger,"Заах чадвар: 3D моделчлол (Дунд), Хоёрдогч чадвар: Илтгэх урлаг. Сурах чадвар: Физик (Зорилтот түвшин: Суурь). Сонирхол: Технологи. Зорилго: Шинэ чадвар сурах. Сурах арга: Багштай. Боломж: Өдөр бүр. Хүсэж буй хамтрагчийн түвшин: Ахисан."
SS0486,17,Вэб хөгжүүлэлт,Байхгүй,Анхан,Видео эвлүүлэг,Ахисан,Анхан,Анхан,Дунд,Боловсрол,Төсөл хийх,Багштай,7 хоногт 1-2 удаа,Facebook,Заах чадвар: Вэб хөгжүүлэлт (Анхан). Сурах чадвар: Видео эвлүүлэг (Зорилтот түвшин: Ахисан). Сонирхол: Боловсрол. Зорилго: Төсөл хийх. Сурах арга: Багштай. Боломж: 7 хоногт 1-2 удаа. Хүсэж буй хамтрагчийн түвшин: Дунд.
SS0487,16,Контент бүтээлт,Байхгүй,Дунд,Математик,Суурь,Дунд,Дунд,Дунд,Урлаг,Тэмцээнд бэлдэх,Багштай,Өдөр бүр,Telegram,Заах чадвар: Контент бүтээлт (Дунд). Сурах чадвар: Математик (Зорилтот түвшин: Суурь). Сонирхол: Урлаг. Зорилго: Тэмцээнд бэлдэх. Сурах арга: Багштай. Боломж: Өдөр бүр. Хүсэж буй хамтрагчийн түвшин: Дунд.
SS0488,14,Гитар,Байхгүй,Суурь,Хөгжим,Ахисан,Суурь,Анхан,Дунд,Спорт,Одоогийн чадвараа сайжруулах,Практик хийж сурах,Амралтын өдөр,Zoom,Заах чадвар: Гитар (Суурь). Сурах чадвар: Хөгжим (Зорилтот түвшин: Ахисан). Сонирхол: Спорт. Зорилго: Одоогийн чадвараа сайжруулах. Сурах арга: Практик хийж сурах. Боломж: Амралтын өдөр. Хүсэж буй хамтрагчийн түвшин: Дунд.
SS0489,16,Сошиал медиа,Байхгүй,Суурь,Багаар ажиллах,Дунд,Суурь,Суурь,Дунд,Дизайн,Төсөл хийх,Багштай,7 хоногт 3-4 удаа,Google Meet,Заах чадвар: Сошиал медиа (Суурь). Сурах чадвар: Багаар ажиллах (Зорилтот түвшин: Дунд). Сонирхол: Дизайн. Зорилго: Төсөл хийх. Сурах арга: Багштай. Боломж: 7 хоногт 3-4 удаа. Хүсэж буй хамтрагчийн түвшин: Дунд.
SS0490,15,Зурах,Видео эвлүүлэг,Суурь,3D моделчлол,Ахисан,Суурь,Дунд,Ахисан,Урлаг,Тэмцээнд бэлдэх,Практик хийж сурах,Амралтын өдөр,Discord,"Заах чадвар: Зурах (Суурь), Хоёрдогч чадвар: Видео эвлүүлэг. Сурах чадвар: 3D моделчлол (Зорилтот түвшин: Ахисан). Сонирхол: Урлаг. Зорилго: Тэмцээнд бэлдэх. Сурах арга: Практик хийж сурах. Боломж: Амралтын өдөр. Хүсэж буй хамтрагчийн түвшин: Ахисан."
SS0491,13,Физик,Байхгүй,Анхан,Хөгжим,Суурь,Анхан,Дунд,Ахисан,Бүтээлч ажил,Хоббигоо хөгжүүлэх,Хамтрагчтай,Амралтын өдөр,Instagram,Заах чадвар: Физик (Анхан). Сурах чадвар: Хөгжим (Зорилтот түвшин: Суурь). Сонирхол: Бүтээлч ажил. Зорилго: Хоббигоо хөгжүүлэх. Сурах арга: Хамтрагчтай. Боломж: Амралтын өдөр. Хүсэж буй хамтрагчийн түвшин: Ахисан.
SS0492,18,3D моделчлол,Байхгүй,Дунд,Контент бүтээлт,Ахисан,Дунд,Суурь,Ахисан,Боловсрол,Шинэ чадвар сурах,Хамтрагчтай,Амралтын өдөр,Messenger,Заах чадвар: 3D моделчлол (Дунд). Сурах чадвар: Контент бүтээлт (Зорилтот түвшин: Ахисан). Сонирхол: Боловсрол. Зорилго: Шинэ чадвар сурах. Сурах арга: Хамтрагчтай. Боломж: Амралтын өдөр. Хүсэж буй хамтрагчийн түвшин: Ахисан.
SS0493,17,Илтгэх урлаг,C++,Анхан,3D моделчлол,Ахисан,Анхан,Суурь,Ахисан,Бүтээлч ажил,Төсөл хийх,Хамтрагчтай,Амралтын өдөр,Facebook,"Заах чадвар: Илтгэх урлаг (Анхан), Хоёрдогч чадвар: C++. Сурах чадвар: 3D моделчлол (Зорилтот түвшин: Ахисан). Сонирхол: Бүтээлч ажил. Зорилго: Төсөл хийх. Сурах арга: Хамтрагчтай. Боломж: Амралтын өдөр. Хүсэж буй хамтрагчийн түвшин: Ахисан."
SS0494,14,Хөгжим,Математик,Дунд,Төгөлдөр хуур,Суурь,Анхан,Ахисан,Ахисан,Дизайн,Тэмцээнд бэлдэх,Хамтрагчтай,7 хоногт 1-2 удаа,Telegram,"Заах чадвар: Хөгжим (Анхан), Хоёрдогч чадвар: Математик. Сурах чадвар: Төгөлдөр хуур (Зорилтот түвшин: Суурь). Сонирхол: Дизайн. Зорилго: Тэмцээнд бэлдэх. Сурах арга: Хамтрагчтай. Боломж: 7 хоногт 1-2 удаа. Хүсэж буй хамтрагчийн түвшин: Ахисан."
SS0495,18,Математик,Байхгүй,Суурь,Физик,Дунд,Суурь,Ахисан,Анхан,Боловсрол,Ирээдүйн мэргэжилдээ ашиглах,Практик хийж сурах,Өдөр бүр,Zoom,Заах чадвар: Математик (Суурь). Сурах чадвар: Физик (Зорилтот түвшин: Дунд). Сонирхол: Боловсрол. Зорилго: Ирээдүйн мэргэжилдээ ашиглах. Сурах арга: Практик хийж сурах. Боломж: Өдөр бүр. Хүсэж буй хамтрагчийн түвшин: Анхан.
SS0496,15,Зурах,Байхгүй,Анхан,JavaScript,Суурь,Анхан,Суурь,Дунд,Технологи,Шинэ чадвар сурах,Хамтрагчтай,7 хоногт 1-2 удаа,Google Meet,Заах чадвар: Зурах (Анхан). Сурах чадвар: JavaScript (Зорилтот түвшин: Суурь). Сонирхол: Технологи. Зорилго: Шинэ чадвар сурах. Сурах арга: Хамтрагчтай. Боломж: 7 хоногт 1-2 удаа. Хүсэж буй хамтрагчийн түвшин: Дунд.
SS0497,15,Манлайлал,Байхгүй,Дунд,Python,Дунд,Дунд,Ахисан,Суурь,Контент,Ирээдүйн мэргэжилдээ ашиглах,Багштай,Амралтын өдөр,Discord,Заах чадвар: Манлайлал (Дунд). Сурах чадвар: Python (Зорилтот түвшин: Дунд). Сонирхол: Контент. Зорилго: Ирээдүйн мэргэжилдээ ашиглах. Сурах арга: Багштай. Боломж: Амралтын өдөр. Хүсэж буй хамтрагчийн түвшин: Суурь.
SS0498,15,Гитар,Байхгүй,Анхан,Англи хэл,Суурь,Анхан,Анхан,Анхан,Спорт,Шинэ чадвар сурах,Уншиж сурах,7 хоногт 3-4 удаа,Instagram,Заах чадвар: Гитар (Анхан). Сурах чадвар: Англи хэл (Зорилтот түвшин: Суурь). Сонирхол: Спорт. Зорилго: Шинэ чадвар сурах. Сурах арга: Уншиж сурах. Боломж: 7 хоногт 3-4 удаа. Хүсэж буй хамтрагчийн түвшин: Анхан.
SS0499,13,Хөгжим,JavaScript,Дунд,Python,Ахисан,Суурь,Дунд,Ахисан,Медиа,Хоббигоо хөгжүүлэх,Багштай,Амралтын өдөр,Messenger,"Заах чадвар: Хөгжим (Суурь), Хоёрдогч чадвар: JavaScript. Сурах чадвар: Python (Зорилтот түвшин: Ахисан). Сонирхол: Медиа. Зорилго: Хоббигоо хөгжүүлэх. Сурах арга: Багштай. Боломж: Амралтын өдөр. Хүсэж буй хамтрагчийн түвшин: Ахисан."
SS0500,15,Зурах,Байхгүй,Суурь,Англи хэл,Суурь,Суурь,Анхан,Ахисан,Контент,Ирээдүйн мэргэжилдээ ашиглах,Хамтрагчтай,Өдөр бүр,Facebook,Заах чадвар: Зурах (Суурь). Сурах чадвар: Англи хэл (Зорилтот түвшин: Суурь). Сонирхол: Контент. Зорилго: Ирээдүйн мэргэжилдээ ашиглах. Сурах арга: Хамтрагчтай. Боломж: Өдөр бүр. Хүсэж буй хамтрагчийн түвшин: Ахисан.
SS0501,17,Манлайлал,Байхгүй,Суурь,Спорт,Дунд,Суурь,Суурь,Дунд,Технологи,Хичээлдээ ашиглах,Видео,Амралтын өдөр,Telegram,Заах чадвар: Манлайлал (Суурь). Сурах чадвар: Спорт (Зорилтот түвшин: Дунд). Сонирхол: Технологи. Зорилго: Хичээлдээ ашиглах. Сурах арга: Видео. Боломж: Амралтын өдөр. Хүсэж буй хамтрагчийн түвшин: Дунд.
SS0502,18,Видео эвлүүлэг,Байхгүй,Дунд,Зурах,Дунд,Дунд,Дунд,Анхан,Дизайн,Ирээдүйн мэргэжилдээ ашиглах,Хамтрагчтай,Өдөр бүр,Zoom,Заах чадвар: Видео эвлүүлэг (Дунд). Сурах чадвар: Зурах (Зорилтот түвшин: Дунд). Сонирхол: Дизайн. Зорилго: Ирээдүйн мэргэжилдээ ашиглах. Сурах арга: Хамтрагчтай. Боломж: Өдөр бүр. Хүсэж буй хамтрагчийн түвшин: Анхан.
SS0503,17,Физик,Байхгүй,Дунд,JavaScript,Дунд,Дунд,Ахисан,Ахисан,Хөгжим,Тэмцээнд бэлдэх,Видео,Амралтын өдөр,Google Meet,Заах чадвар: Физик (Дунд). Сурах чадвар: JavaScript (Зорилтот түвшин: Дунд). Сонирхол: Хөгжим. Зорилго: Тэмцээнд бэлдэх. Сурах арга: Видео. Боломж: Амралтын өдөр. Хүсэж буй хамтрагчийн түвшин: Ахисан.
SS0504,15,3D моделчлол,Байхгүй,Суурь,Шатар,Суурь,Суурь,Анхан,Дунд,Боловсрол,Хичээлдээ ашиглах,Хамтрагчтай,7 хоногт 1-2 удаа,Discord,Заах чадвар: 3D моделчлол (Суурь). Сурах чадвар: Шатар (Зорилтот түвшин: Суурь). Сонирхол: Боловсрол. Зорилго: Хичээлдээ ашиглах. Сурах арга: Хамтрагчтай. Боломж: 7 хоногт 1-2 удаа. Хүсэж буй хамтрагчийн түвшин: Дунд.
SS0505,15,Вэб хөгжүүлэлт,Байхгүй,Анхан,Гитар,Ахисан,Анхан,Суурь,Суурь,Технологи,Шинэ чадвар сурах,Практик хийж сурах,Амралтын өдөр,Instagram,Заах чадвар: Вэб хөгжүүлэлт (Анхан). Сурах чадвар: Гитар (Зорилтот түвшин: Ахисан). Сонирхол: Технологи. Зорилго: Шинэ чадвар сурах. Сурах арга: Практик хийж сурах. Боломж: Амралтын өдөр. Хүсэж буй хамтрагчийн түвшин: Суурь.
SS0506,15,JavaScript,Байхгүй,Суурь,График дизайн,Дунд,Суурь,Дунд,Суурь,Технологи,Ирээдүйн мэргэжилдээ ашиглах,Видео,7 хоногт 3-4 удаа,Messenger,Заах чадвар: JavaScript (Суурь). Сурах чадвар: График дизайн (Зорилтот түвшин: Дунд). Сонирхол: Технологи. Зорилго: Ирээдүйн мэргэжилдээ ашиглах. Сурах арга: Видео. Боломж: 7 хоногт 3-4 удаа. Хүсэж буй хамтрагчийн түвшин: Суурь.
SS0507,16,Гитар,Байхгүй,Анхан,Excel,Ахисан,Суурь,Анхан,Суурь,Бүтээлч ажил,Шинэ чадвар сурах,Видео,7 хоногт 1-2 удаа,Facebook,Заах чадвар: Гитар (Суурь). Сурах чадвар: Excel (Зорилтот түвшин: Ахисан). Сонирхол: Бүтээлч ажил. Зорилго: Шинэ чадвар сурах. Сурах арга: Видео. Боломж: 7 хоногт 1-2 удаа. Хүсэж буй хамтрагчийн түвшин: Суурь.
SS0508,16,Зурах,C++,Дунд,Манлайлал,Ахисан,Дунд,Дунд,Дунд,Дизайн,Ирээдүйн мэргэжилдээ ашиглах,Уншиж сурах,7 хоногт 3-4 удаа,Telegram,"Заах чадвар: Зурах (Дунд), Хоёрдогч чадвар: C++. Сурах чадвар: Манлайлал (Зорилтот түвшин: Ахисан). Сонирхол: Дизайн. Зорилго: Ирээдүйн мэргэжилдээ ашиглах. Сурах арга: Уншиж сурах. Боломж: 7 хоногт 3-4 удаа. Хүсэж буй хамтрагчийн түвшин: Дунд."
SS0509,16,Вэб хөгжүүлэлт,Байхгүй,Дунд,Гитар,Дунд,Дунд,Ахисан,Ахисан,Спорт,Тэмцээнд бэлдэх,Багштай,7 хоногт 3-4 удаа,Zoom,Заах чадвар: Вэб хөгжүүлэлт (Дунд). Сурах чадвар: Гитар (Зорилтот түвшин: Дунд). Сонирхол: Спорт. Зорилго: Тэмцээнд бэлдэх. Сурах арга: Багштай. Боломж: 7 хоногт 3-4 удаа. Хүсэж буй хамтрагчийн түвшин: Ахисан.
SS0510,16,C++,Судалгаа,Суурь,Солонгос хэл,Ахисан,Суурь,Дунд,Дунд,Бизнес,Шинэ чадвар сурах,Хамтрагчтай,Өдөр бүр,Google Meet,"Заах чадвар: C++ (Суурь), Хоёрдогч чадвар: Судалгаа. Сурах чадвар: Солонгос хэл (Зорилтот түвшин: Ахисан). Сонирхол: Бизнес. Зорилго: Шинэ чадвар сурах. Сурах арга: Хамтрагчтай. Боломж: Өдөр бүр. Хүсэж буй хамтрагчийн түвшин: Дунд."
SS0511,15,Манлайлал,Байхгүй,Дунд,Figma,Суурь,Дунд,Дунд,Суурь,Спорт,Тэмцээнд бэлдэх,Хамтрагчтай,Амралтын өдөр,Discord,Заах чадвар: Манлайлал (Дунд). Сурах чадвар: Figma (Зорилтот түвшин: Суурь). Сонирхол: Спорт. Зорилго: Тэмцээнд бэлдэх. Сурах арга: Хамтрагчтай. Боломж: Амралтын өдөр. Хүсэж буй хамтрагчийн түвшин: Суурь.
SS0512,18,Спорт,Байхгүй,Анхан,Гитар,Дунд,Анхан,Дунд,Анхан,Хөгжим,Хоббигоо хөгжүүлэх,Видео,Өдөр бүр,Instagram,Заах чадвар: Спорт (Анхан). Сурах чадвар: Гитар (Зорилтот түвшин: Дунд). Сонирхол: Хөгжим. Зорилго: Хоббигоо хөгжүүлэх. Сурах арга: Видео. Боломж: Өдөр бүр. Хүсэж буй хамтрагчийн түвшин: Анхан.
SS0513,18,Python,Зураг авах,Дунд,Excel,Дунд,Дунд,Суурь,Анхан,Шинжлэх ухаан,Ирээдүйн мэргэжилдээ ашиглах,Видео,Өдөр бүр,Messenger,"Заах чадвар: Python (Дунд), Хоёрдогч чадвар: Зураг авах. Сурах чадвар: Excel (Зорилтот түвшин: Дунд). Сонирхол: Шинжлэх ухаан. Зорилго: Ирээдүйн мэргэжилдээ ашиглах. Сурах арга: Видео. Боломж: Өдөр бүр. Хүсэж буй хамтрагчийн түвшин: Анхан."
SS0514,18,Вэб хөгжүүлэлт,Байхгүй,Дунд,Хөгжим,Суурь,Анхан,Дунд,Суурь,Бүтээлч ажил,Тэмцээнд бэлдэх,Хамтрагчтай,7 хоногт 3-4 удаа,Facebook,Заах чадвар: Вэб хөгжүүлэлт (Анхан). Сурах чадвар: Хөгжим (Зорилтот түвшин: Суурь). Сонирхол: Бүтээлч ажил. Зорилго: Тэмцээнд бэлдэх. Сурах арга: Хамтрагчтай. Боломж: 7 хоногт 3-4 удаа. Хүсэж буй хамтрагчийн түвшин: Суурь.
SS0515,13,Багаар ажиллах,Байхгүй,Суурь,Видео эвлүүлэг,Дунд,Суурь,Ахисан,Суурь,Спорт,Төсөл хийх,Багштай,7 хоногт 1-2 удаа,Telegram,Заах чадвар: Багаар ажиллах (Суурь). Сурах чадвар: Видео эвлүүлэг (Зорилтот түвшин: Дунд). Сонирхол: Спорт. Зорилго: Төсөл хийх. Сурах арга: Багштай. Боломж: 7 хоногт 1-2 удаа. Хүсэж буй хамтрагчийн түвшин: Суурь.
SS0516,13,Шатар,Байхгүй,Анхан,График дизайн,Дунд,Анхан,Анхан,Суурь,Хэл,Тэмцээнд бэлдэх,Багштай,Өдөр бүр,Zoom,Заах чадвар: Шатар (Анхан). Сурах чадвар: График дизайн (Зорилтот түвшин: Дунд). Сонирхол: Хэл. Зорилго: Тэмцээнд бэлдэх. Сурах арга: Багштай. Боломж: Өдөр бүр. Хүсэж буй хамтрагчийн түвшин: Суурь.
SS0517,16,Зурах,JavaScript,Анхан,Canva,Ахисан,Анхан,Суурь,Дунд,Програмчлал,Хичээлдээ ашиглах,Видео,Амралтын өдөр,Google Meet,"Заах чадвар: Зурах (Анхан), Хоёрдогч чадвар: JavaScript. Сурах чадвар: Canva (Зорилтот түвшин: Ахисан). Сонирхол: Програмчлал. Зорилго: Хичээлдээ ашиглах. Сурах арга: Видео. Боломж: Амралтын өдөр. Хүсэж буй хамтрагчийн түвшин: Дунд."
SS0518,16,Видео эвлүүлэг,Хөгжим,Дунд,Вэб хөгжүүлэлт,Ахисан,Анхан,Ахисан,Ахисан,Програмчлал,Хичээлдээ ашиглах,Видео,Өдөр бүр,Discord,"Заах чадвар: Видео эвлүүлэг (Анхан), Хоёрдогч чадвар: Хөгжим. Сурах чадвар: Вэб хөгжүүлэлт (Зорилтот түвшин: Ахисан). Сонирхол: Програмчлал. Зорилго: Хичээлдээ ашиглах. Сурах арга: Видео. Боломж: Өдөр бүр. Хүсэж буй хамтрагчийн түвшин: Ахисан."
SS0519,17,Солонгос хэл,Байхгүй,Ахисан,Зураг авах,Дунд,Ахисан,Ахисан,Анхан,Дизайн,Хоббигоо хөгжүүлэх,Багштай,Амралтын өдөр,Instagram,Заах чадвар: Солонгос хэл (Ахисан). Сурах чадвар: Зураг авах (Зорилтот түвшин: Дунд). Сонирхол: Дизайн. Зорилго: Хоббигоо хөгжүүлэх. Сурах арга: Багштай. Боломж: Амралтын өдөр. Хүсэж буй хамтрагчийн түвшин: Анхан.
SS0520,17,UI/UX дизайн,Шатар,Дунд,Физик,Дунд,Дунд,Дунд,Анхан,Бизнес,Шинэ чадвар сурах,Практик хийж сурах,Амралтын өдөр,Messenger,"Заах чадвар: UI/UX дизайн (Дунд), Хоёрдогч чадвар: Шатар. Сурах чадвар: Физик (Зорилтот түвшин: Дунд). Сонирхол: Бизнес. Зорилго: Шинэ чадвар сурах. Сурах арга: Практик хийж сурах. Боломж: Амралтын өдөр. Хүсэж буй хамтрагчийн түвшин: Анхан."
SS0521,18,Бичих чадвар,Байхгүй,Суурь,3D моделчлол,Суурь,Суурь,Суурь,Суурь,Хөгжим,Хичээлдээ ашиглах,Видео,Амралтын өдөр,Facebook,Заах чадвар: Бичих чадвар (Суурь). Сурах чадвар: 3D моделчлол (Зорилтот түвшин: Суурь). Сонирхол: Хөгжим. Зорилго: Хичээлдээ ашиглах. Сурах арга: Видео. Боломж: Амралтын өдөр. Хүсэж буй хамтрагчийн түвшин: Суурь.
SS0522,13,Япон хэл,Байхгүй,Анхан,Спорт,Дунд,Анхан,Анхан,Суурь,Боловсрол,Шинэ чадвар сурах,Уншиж сурах,7 хоногт 3-4 удаа,Telegram,Заах чадвар: Япон хэл (Анхан). Сурах чадвар: Спорт (Зорилтот түвшин: Дунд). Сонирхол: Боловсрол. Зорилго: Шинэ чадвар сурах. Сурах арга: Уншиж сурах. Боломж: 7 хоногт 3-4 удаа. Хүсэж буй хамтрагчийн түвшин: Суурь.
SS0523,17,Python,Байхгүй,Анхан,Шатар,Дунд,Анхан,Суурь,Анхан,Дизайн,Шинэ чадвар сурах,Хамтрагчтай,Амралтын өдөр,Zoom,Заах чадвар: Python (Анхан). Сурах чадвар: Шатар (Зорилтот түвшин: Дунд). Сонирхол: Дизайн. Зорилго: Шинэ чадвар сурах. Сурах арга: Хамтрагчтай. Боломж: Амралтын өдөр. Хүсэж буй хамтрагчийн түвшин: Анхан.
SS0524,14,Илтгэх урлаг,Байхгүй,Дунд,Вэб хөгжүүлэлт,Ахисан,Дунд,Ахисан,Суурь,Хөгжим,Хичээлдээ ашиглах,Багштай,7 хоногт 3-4 удаа,Google Meet,Заах чадвар: Илтгэх урлаг (Дунд). Сурах чадвар: Вэб хөгжүүлэлт (Зорилтот түвшин: Ахисан). Сонирхол: Хөгжим. Зорилго: Хичээлдээ ашиглах. Сурах арга: Багштай. Боломж: 7 хоногт 3-4 удаа. Хүсэж буй хамтрагчийн түвшин: Суурь.
SS0525,17,Судалгаа,Англи хэл,Суурь,График дизайн,Суурь,Суурь,Суурь,Анхан,Боловсрол,Одоогийн чадвараа сайжруулах,Уншиж сурах,Өдөр бүр,Discord,"Заах чадвар: Судалгаа (Суурь), Хоёрдогч чадвар: Англи хэл. Сурах чадвар: График дизайн (Зорилтот түвшин: Суурь). Сонирхол: Боловсрол. Зорилго: Одоогийн чадвараа сайжруулах. Сурах арга: Уншиж сурах. Боломж: Өдөр бүр. Хүсэж буй хамтрагчийн түвшин: Анхан."
SS0526,17,Багаар ажиллах,Байхгүй,Анхан,Япон хэл,Суурь,Анхан,Суурь,Суурь,Урлаг,Шинэ чадвар сурах,Багштай,7 хоногт 3-4 удаа,Instagram,Заах чадвар: Багаар ажиллах (Анхан). Сурах чадвар: Япон хэл (Зорилтот түвшин: Суурь). Сонирхол: Урлаг. Зорилго: Шинэ чадвар сурах. Сурах арга: Багштай. Боломж: 7 хоногт 3-4 удаа. Хүсэж буй хамтрагчийн түвшин: Суурь.
SS0527,13,Figma,Байхгүй,Ахисан,Илтгэх урлаг,Ахисан,Дунд,Ахисан,Суурь,Хөгжим,Хоббигоо хөгжүүлэх,Уншиж сурах,7 хоногт 1-2 удаа,Messenger,Заах чадвар: Figma (Дунд). Сурах чадвар: Илтгэх урлаг (Зорилтот түвшин: Ахисан). Сонирхол: Хөгжим. Зорилго: Хоббигоо хөгжүүлэх. Сурах арга: Уншиж сурах. Боломж: 7 хоногт 1-2 удаа. Хүсэж буй хамтрагчийн түвшин: Суурь.
SS0528,14,Шатар,Байхгүй,Суурь,Вэб хөгжүүлэлт,Суурь,Суурь,Анхан,Суурь,Боловсрол,Тэмцээнд бэлдэх,Практик хийж сурах,7 хоногт 3-4 удаа,Facebook,Заах чадвар: Шатар (Суурь). Сурах чадвар: Вэб хөгжүүлэлт (Зорилтот түвшин: Суурь). Сонирхол: Боловсрол. Зорилго: Тэмцээнд бэлдэх. Сурах арга: Практик хийж сурах. Боломж: 7 хоногт 3-4 удаа. Хүсэж буй хамтрагчийн түвшин: Суурь.
SS0529,16,Судалгаа,Видео эвлүүлэг,Дунд,3D моделчлол,Суурь,Дунд,Дунд,Суурь,Дизайн,Шинэ чадвар сурах,Видео,Өдөр бүр,Telegram,"Заах чадвар: Судалгаа (Дунд), Хоёрдогч чадвар: Видео эвлүүлэг. Сурах чадвар: 3D моделчлол (Зорилтот түвшин: Суурь). Сонирхол: Дизайн. Зорилго: Шинэ чадвар сурах. Сурах арга: Видео. Боломж: Өдөр бүр. Хүсэж буй хамтрагчийн түвшин: Суурь."
SS0530,18,Судалгаа,Байхгүй,Суурь,График дизайн,Ахисан,Суурь,Дунд,Дунд,Хэл,Хичээлдээ ашиглах,Уншиж сурах,7 хоногт 3-4 удаа,Zoom,Заах чадвар: Судалгаа (Суурь). Сурах чадвар: График дизайн (Зорилтот түвшин: Ахисан). Сонирхол: Хэл. Зорилго: Хичээлдээ ашиглах. Сурах арга: Уншиж сурах. Боломж: 7 хоногт 3-4 удаа. Хүсэж буй хамтрагчийн түвшин: Дунд.
SS0531,13,JavaScript,Байхгүй,Ахисан,Excel,Суурь,Ахисан,Ахисан,Дунд,Боловсрол,Хичээлдээ ашиглах,Багштай,Өдөр бүр,Google Meet,Заах чадвар: JavaScript (Ахисан). Сурах чадвар: Excel (Зорилтот түвшин: Суурь). Сонирхол: Боловсрол. Зорилго: Хичээлдээ ашиглах. Сурах арга: Багштай. Боломж: Өдөр бүр. Хүсэж буй хамтрагчийн түвшин: Дунд.
SS0532,17,Бичих чадвар,Физик,Анхан,Excel,Ахисан,Анхан,Суурь,Суурь,Хөгжим,Хоббигоо хөгжүүлэх,Уншиж сурах,Амралтын өдөр,Discord,"Заах чадвар: Бичих чадвар (Анхан), Хоёрдогч чадвар: Физик. Сурах чадвар: Excel (Зорилтот түвшин: Ахисан). Сонирхол: Хөгжим. Зорилго: Хоббигоо хөгжүүлэх. Сурах арга: Уншиж сурах. Боломж: Амралтын өдөр. Хүсэж буй хамтрагчийн түвшин: Суурь."
SS0533,16,Солонгос хэл,Манлайлал,Анхан,Вэб хөгжүүлэлт,Суурь,Анхан,Дунд,Дунд,Програмчлал,Хичээлдээ ашиглах,Видео,Өдөр бүр,Instagram,"Заах чадвар: Солонгос хэл (Анхан), Хоёрдогч чадвар: Манлайлал. Сурах чадвар: Вэб хөгжүүлэлт (Зорилтот түвшин: Суурь). Сонирхол: Програмчлал. Зорилго: Хичээлдээ ашиглах. Сурах арга: Видео. Боломж: Өдөр бүр. Хүсэж буй хамтрагчийн түвшин: Дунд."
SS0534,13,Япон хэл,Байхгүй,Суурь,Математик,Ахисан,Суурь,Дунд,Анхан,Технологи,Одоогийн чадвараа сайжруулах,Хамтрагчтай,7 хоногт 3-4 удаа,Messenger,Заах чадвар: Япон хэл (Суурь). Сурах чадвар: Математик (Зорилтот түвшин: Ахисан). Сонирхол: Технологи. Зорилго: Одоогийн чадвараа сайжруулах. Сурах арга: Хамтрагчтай. Боломж: 7 хоногт 3-4 удаа. Хүсэж буй хамтрагчийн түвшин: Анхан.
SS0535,15,C++,Физик,Дунд,UI/UX дизайн,Суурь,Дунд,Дунд,Анхан,Боловсрол,Хоббигоо хөгжүүлэх,Практик хийж сурах,7 хоногт 3-4 удаа,Facebook,"Заах чадвар: C++ (Дунд), Хоёрдогч чадвар: Физик. Сурах чадвар: UI/UX дизайн (Зорилтот түвшин: Суурь). Сонирхол: Боловсрол. Зорилго: Хоббигоо хөгжүүлэх. Сурах арга: Практик хийж сурах. Боломж: 7 хоногт 3-4 удаа. Хүсэж буй хамтрагчийн түвшин: Анхан."
SS0536,14,Илтгэх урлаг,Сошиал медиа,Суурь,Физик,Дунд,Суурь,Анхан,Суурь,Математик,Тэмцээнд бэлдэх,Багштай,Өдөр бүр,Telegram,"Заах чадвар: Илтгэх урлаг (Суурь), Хоёрдогч чадвар: Сошиал медиа. Сурах чадвар: Физик (Зорилтот түвшин: Дунд). Сонирхол: Математик. Зорилго: Тэмцээнд бэлдэх. Сурах арга: Багштай. Боломж: Өдөр бүр. Хүсэж буй хамтрагчийн түвшин: Суурь."
SS0537,18,Математик,Байхгүй,Суурь,Хөгжим,Ахисан,Суурь,Суурь,Суурь,Бизнес,Төсөл хийх,Практик хийж сурах,7 хоногт 3-4 удаа,Zoom,Заах чадвар: Математик (Суурь). Сурах чадвар: Хөгжим (Зорилтот түвшин: Ахисан). Сонирхол: Бизнес. Зорилго: Төсөл хийх. Сурах арга: Практик хийж сурах. Боломж: 7 хоногт 3-4 удаа. Хүсэж буй хамтрагчийн түвшин: Суурь.
SS0538,16,Вэб хөгжүүлэлт,Байхгүй,Суурь,Спорт,Дунд,Суурь,Дунд,Суурь,Хэл,Төсөл хийх,Практик хийж сурах,7 хоногт 3-4 удаа,Google Meet,Заах чадвар: Вэб хөгжүүлэлт (Суурь). Сурах чадвар: Спорт (Зорилтот түвшин: Дунд). Сонирхол: Хэл. Зорилго: Төсөл хийх. Сурах арга: Практик хийж сурах. Боломж: 7 хоногт 3-4 удаа. Хүсэж буй хамтрагчийн түвшин: Суурь.
SS0539,17,Сошиал медиа,Байхгүй,Дунд,Контент бүтээлт,Суурь,Дунд,Ахисан,Суурь,Контент,Хоббигоо хөгжүүлэх,Хамтрагчтай,Амралтын өдөр,Discord,Заах чадвар: Сошиал медиа (Дунд). Сурах чадвар: Контент бүтээлт (Зорилтот түвшин: Суурь). Сонирхол: Контент. Зорилго: Хоббигоо хөгжүүлэх. Сурах арга: Хамтрагчтай. Боломж: Амралтын өдөр. Хүсэж буй хамтрагчийн түвшин: Суурь.
SS0540,14,3D моделчлол,Байхгүй,Суурь,C++,Дунд,Суурь,Анхан,Анхан,Математик,Ирээдүйн мэргэжилдээ ашиглах,Уншиж сурах,7 хоногт 3-4 удаа,Instagram,Заах чадвар: 3D моделчлол (Суурь). Сурах чадвар: C++ (Зорилтот түвшин: Дунд). Сонирхол: Математик. Зорилго: Ирээдүйн мэргэжилдээ ашиглах. Сурах арга: Уншиж сурах. Боломж: 7 хоногт 3-4 удаа. Хүсэж буй хамтрагчийн түвшин: Анхан.
SS0541,16,Figma,UI/UX дизайн,Дунд,Вэб хөгжүүлэлт,Дунд,Дунд,Дунд,Суурь,Дизайн,Тэмцээнд бэлдэх,Видео,Амралтын өдөр,Messenger,"Заах чадвар: Figma (Дунд), Хоёрдогч чадвар: UI/UX дизайн. Сурах чадвар: Вэб хөгжүүлэлт (Зорилтот түвшин: Дунд). Сонирхол: Дизайн. Зорилго: Тэмцээнд бэлдэх. Сурах арга: Видео. Боломж: Амралтын өдөр. Хүсэж буй хамтрагчийн түвшин: Суурь."
SS0542,14,График дизайн,Байхгүй,Дунд,3D моделчлол,Дунд,Дунд,Ахисан,Ахисан,Спорт,Шинэ чадвар сурах,Уншиж сурах,Өдөр бүр,Facebook,Заах чадвар: График дизайн (Дунд). Сурах чадвар: 3D моделчлол (Зорилтот түвшин: Дунд). Сонирхол: Спорт. Зорилго: Шинэ чадвар сурах. Сурах арга: Уншиж сурах. Боломж: Өдөр бүр. Хүсэж буй хамтрагчийн түвшин: Ахисан.
SS0543,16,Гитар,C++,Дунд,Япон хэл,Суурь,Анхан,Суурь,Дунд,Бүтээлч ажил,Хоббигоо хөгжүүлэх,Багштай,7 хоногт 3-4 удаа,Telegram,"Заах чадвар: Гитар (Анхан), Хоёрдогч чадвар: C++. Сурах чадвар: Япон хэл (Зорилтот түвшин: Суурь). Сонирхол: Бүтээлч ажил. Зорилго: Хоббигоо хөгжүүлэх. Сурах арга: Багштай. Боломж: 7 хоногт 3-4 удаа. Хүсэж буй хамтрагчийн түвшин: Дунд."
SS0544,16,Хөгжим,Байхгүй,Анхан,Excel,Дунд,Анхан,Суурь,Дунд,Хөгжим,Тэмцээнд бэлдэх,Видео,7 хоногт 1-2 удаа,Zoom,Заах чадвар: Хөгжим (Анхан). Сурах чадвар: Excel (Зорилтот түвшин: Дунд). Сонирхол: Хөгжим. Зорилго: Тэмцээнд бэлдэх. Сурах арга: Видео. Боломж: 7 хоногт 1-2 удаа. Хүсэж буй хамтрагчийн түвшин: Дунд.
SS0545,17,Төгөлдөр хуур,Байхгүй,Дунд,Зурах,Ахисан,Анхан,Ахисан,Анхан,Технологи,Шинэ чадвар сурах,Хамтрагчтай,7 хоногт 1-2 удаа,Google Meet,Заах чадвар: Төгөлдөр хуур (Анхан). Сурах чадвар: Зурах (Зорилтот түвшин: Ахисан). Сонирхол: Технологи. Зорилго: Шинэ чадвар сурах. Сурах арга: Хамтрагчтай. Боломж: 7 хоногт 1-2 удаа. Хүсэж буй хамтрагчийн түвшин: Анхан.
SS0546,18,Canva,Байхгүй,Анхан,Бичих чадвар,Ахисан,Анхан,Анхан,Дунд,Урлаг,Одоогийн чадвараа сайжруулах,Хамтрагчтай,7 хоногт 3-4 удаа,Discord,Заах чадвар: Canva (Анхан). Сурах чадвар: Бичих чадвар (Зорилтот түвшин: Ахисан). Сонирхол: Урлаг. Зорилго: Одоогийн чадвараа сайжруулах. Сурах арга: Хамтрагчтай. Боломж: 7 хоногт 3-4 удаа. Хүсэж буй хамтрагчийн түвшин: Дунд.
SS0547,18,Физик,JavaScript,Дунд,3D моделчлол,Дунд,Суурь,Дунд,Анхан,Бизнес,Төсөл хийх,Практик хийж сурах,Амралтын өдөр,Instagram,"Заах чадвар: Физик (Суурь), Хоёрдогч чадвар: JavaScript. Сурах чадвар: 3D моделчлол (Зорилтот түвшин: Дунд). Сонирхол: Бизнес. Зорилго: Төсөл хийх. Сурах арга: Практик хийж сурах. Боломж: Амралтын өдөр. Хүсэж буй хамтрагчийн түвшин: Анхан."
SS0548,13,График дизайн,Байхгүй,Суурь,Canva,Ахисан,Суурь,Анхан,Дунд,Хөгжим,Тэмцээнд бэлдэх,Хамтрагчтай,7 хоногт 1-2 удаа,Messenger,Заах чадвар: График дизайн (Суурь). Сурах чадвар: Canva (Зорилтот түвшин: Ахисан). Сонирхол: Хөгжим. Зорилго: Тэмцээнд бэлдэх. Сурах арга: Хамтрагчтай. Боломж: 7 хоногт 1-2 удаа. Хүсэж буй хамтрагчийн түвшин: Дунд.
SS0549,14,Сошиал медиа,Байхгүй,Дунд,Гитар,Суурь,Анхан,Суурь,Анхан,Урлаг,Төсөл хийх,Багштай,7 хоногт 3-4 удаа,Facebook,Заах чадвар: Сошиал медиа (Анхан). Сурах чадвар: Гитар (Зорилтот түвшин: Суурь). Сонирхол: Урлаг. Зорилго: Төсөл хийх. Сурах арга: Багштай. Боломж: 7 хоногт 3-4 удаа. Хүсэж буй хамтрагчийн түвшин: Анхан.
SS0550,14,Видео эвлүүлэг,Байхгүй,Дунд,Математик,Ахисан,Дунд,Дунд,Суурь,Технологи,Хичээлдээ ашиглах,Практик хийж сурах,Амралтын өдөр,Telegram,Заах чадвар: Видео эвлүүлэг (Дунд). Сурах чадвар: Математик (Зорилтот түвшин: Ахисан). Сонирхол: Технологи. Зорилго: Хичээлдээ ашиглах. Сурах арга: Практик хийж сурах. Боломж: Амралтын өдөр. Хүсэж буй хамтрагчийн түвшин: Суурь.
SS0551,14,C++,Байхгүй,Дунд,Бичих чадвар,Суурь,Дунд,Ахисан,Дунд,Бүтээлч ажил,Тэмцээнд бэлдэх,Уншиж сурах,7 хоногт 1-2 удаа,Zoom,Заах чадвар: C++ (Дунд). Сурах чадвар: Бичих чадвар (Зорилтот түвшин: Суурь). Сонирхол: Бүтээлч ажил. Зорилго: Тэмцээнд бэлдэх. Сурах арга: Уншиж сурах. Боломж: 7 хоногт 1-2 удаа. Хүсэж буй хамтрагчийн түвшин: Дунд.
SS0552,16,Хөгжим,Байхгүй,Суурь,Гитар,Ахисан,Суурь,Анхан,Дунд,Хэл,Хоббигоо хөгжүүлэх,Практик хийж сурах,7 хоногт 3-4 удаа,Google Meet,Заах чадвар: Хөгжим (Суурь). Сурах чадвар: Гитар (Зорилтот түвшин: Ахисан). Сонирхол: Хэл. Зорилго: Хоббигоо хөгжүүлэх. Сурах арга: Практик хийж сурах. Боломж: 7 хоногт 3-4 удаа. Хүсэж буй хамтрагчийн түвшин: Дунд.
SS0553,15,Физик,Байхгүй,Суурь,JavaScript,Дунд,Суурь,Суурь,Дунд,Хэл,Хичээлдээ ашиглах,Хамтрагчтай,7 хоногт 3-4 удаа,Discord,Заах чадвар: Физик (Суурь). Сурах чадвар: JavaScript (Зорилтот түвшин: Дунд). Сонирхол: Хэл. Зорилго: Хичээлдээ ашиглах. Сурах арга: Хамтрагчтай. Боломж: 7 хоногт 3-4 удаа. Хүсэж буй хамтрагчийн түвшин: Дунд.
SS0554,14,Англи хэл,Байхгүй,Дунд,Математик,Суурь,Суурь,Ахисан,Дунд,Технологи,Тэмцээнд бэлдэх,Практик хийж сурах,7 хоногт 3-4 удаа,Instagram,Заах чадвар: Англи хэл (Суурь). Сурах чадвар: Математик (Зорилтот түвшин: Суурь). Сонирхол: Технологи. Зорилго: Тэмцээнд бэлдэх. Сурах арга: Практик хийж сурах. Боломж: 7 хоногт 3-4 удаа. Хүсэж буй хамтрагчийн түвшин: Дунд.
SS0555,14,Бичих чадвар,Байхгүй,Дунд,Англи хэл,Дунд,Дунд,Суурь,Анхан,Хөгжим,Шинэ чадвар сурах,Уншиж сурах,7 хоногт 1-2 удаа,Messenger,Заах чадвар: Бичих чадвар (Дунд). Сурах чадвар: Англи хэл (Зорилтот түвшин: Дунд). Сонирхол: Хөгжим. Зорилго: Шинэ чадвар сурах. Сурах арга: Уншиж сурах. Боломж: 7 хоногт 1-2 удаа. Хүсэж буй хамтрагчийн түвшин: Анхан.
SS0556,13,Canva,Байхгүй,Ахисан,JavaScript,Ахисан,Суурь,Дунд,Дунд,Хөгжим,Тэмцээнд бэлдэх,Практик хийж сурах,7 хоногт 1-2 удаа,Facebook,Заах чадвар: Canva (Суурь). Сурах чадвар: JavaScript (Зорилтот түвшин: Ахисан). Сонирхол: Хөгжим. Зорилго: Тэмцээнд бэлдэх. Сурах арга: Практик хийж сурах. Боломж: 7 хоногт 1-2 удаа. Хүсэж буй хамтрагчийн түвшин: Дунд.
SS0557,15,Шатар,Байхгүй,Дунд,3D моделчлол,Суурь,Дунд,Ахисан,Анхан,Боловсрол,Одоогийн чадвараа сайжруулах,Багштай,Өдөр бүр,Telegram,Заах чадвар: Шатар (Дунд). Сурах чадвар: 3D моделчлол (Зорилтот түвшин: Суурь). Сонирхол: Боловсрол. Зорилго: Одоогийн чадвараа сайжруулах. Сурах арга: Багштай. Боломж: Өдөр бүр. Хүсэж буй хамтрагчийн түвшин: Анхан.
SS0558,13,Япон хэл,Байхгүй,Дунд,Python,Суурь,Дунд,Суурь,Дунд,Математик,Хоббигоо хөгжүүлэх,Уншиж сурах,7 хоногт 3-4 удаа,Zoom,Заах чадвар: Япон хэл (Дунд). Сурах чадвар: Python (Зорилтот түвшин: Суурь). Сонирхол: Математик. Зорилго: Хоббигоо хөгжүүлэх. Сурах арга: Уншиж сурах. Боломж: 7 хоногт 3-4 удаа. Хүсэж буй хамтрагчийн түвшин: Дунд.
SS0559,17,Математик,Судалгаа,Суурь,Python,Суурь,Суурь,Ахисан,Дунд,Дизайн,Хичээлдээ ашиглах,Практик хийж сурах,Өдөр бүр,Google Meet,"Заах чадвар: Математик (Суурь), Хоёрдогч чадвар: Судалгаа. Сурах чадвар: Python (Зорилтот түвшин: Суурь). Сонирхол: Дизайн. Зорилго: Хичээлдээ ашиглах. Сурах арга: Практик хийж сурах. Боломж: Өдөр бүр. Хүсэж буй хамтрагчийн түвшин: Дунд."
SS0560,13,Canva,Байхгүй,Суурь,Зураг авах,Дунд,Суурь,Анхан,Анхан,Бизнес,Хоббигоо хөгжүүлэх,Практик хийж сурах,Амралтын өдөр,Discord,Заах чадвар: Canva (Суурь). Сурах чадвар: Зураг авах (Зорилтот түвшин: Дунд). Сонирхол: Бизнес. Зорилго: Хоббигоо хөгжүүлэх. Сурах арга: Практик хийж сурах. Боломж: Амралтын өдөр. Хүсэж буй хамтрагчийн түвшин: Анхан.
SS0561,16,Математик,Байхгүй,Дунд,Шатар,Суурь,Дунд,Суурь,Анхан,Медиа,Одоогийн чадвараа сайжруулах,Багштай,Амралтын өдөр,Instagram,Заах чадвар: Математик (Дунд). Сурах чадвар: Шатар (Зорилтот түвшин: Суурь). Сонирхол: Медиа. Зорилго: Одоогийн чадвараа сайжруулах. Сурах арга: Багштай. Боломж: Амралтын өдөр. Хүсэж буй хамтрагчийн түвшин: Анхан.
SS0562,15,Зураг авах,Байхгүй,Ахисан,Физик,Ахисан,Ахисан,Дунд,Ахисан,Медиа,Шинэ чадвар сурах,Багштай,Өдөр бүр,Messenger,Заах чадвар: Зураг авах (Ахисан). Сурах чадвар: Физик (Зорилтот түвшин: Ахисан). Сонирхол: Медиа. Зорилго: Шинэ чадвар сурах. Сурах арга: Багштай. Боломж: Өдөр бүр. Хүсэж буй хамтрагчийн түвшин: Ахисан.
SS0563,14,Хөгжим,Байхгүй,Суурь,Солонгос хэл,Дунд,Суурь,Ахисан,Дунд,Спорт,Шинэ чадвар сурах,Хамтрагчтай,Амралтын өдөр,Facebook,Заах чадвар: Хөгжим (Суурь). Сурах чадвар: Солонгос хэл (Зорилтот түвшин: Дунд). Сонирхол: Спорт. Зорилго: Шинэ чадвар сурах. Сурах арга: Хамтрагчтай. Боломж: Амралтын өдөр. Хүсэж буй хамтрагчийн түвшин: Дунд.
SS0564,13,Контент бүтээлт,Байхгүй,Суурь,3D моделчлол,Суурь,Суурь,Анхан,Дунд,Спорт,Шинэ чадвар сурах,Практик хийж сурах,Амралтын өдөр,Telegram,Заах чадвар: Контент бүтээлт (Суурь). Сурах чадвар: 3D моделчлол (Зорилтот түвшин: Суурь). Сонирхол: Спорт. Зорилго: Шинэ чадвар сурах. Сурах арга: Практик хийж сурах. Боломж: Амралтын өдөр. Хүсэж буй хамтрагчийн түвшин: Дунд.
SS0565,13,Figma,Байхгүй,Дунд,Англи хэл,Дунд,Дунд,Дунд,Ахисан,Урлаг,Ирээдүйн мэргэжилдээ ашиглах,Хамтрагчтай,7 хоногт 1-2 удаа,Zoom,Заах чадвар: Figma (Дунд). Сурах чадвар: Англи хэл (Зорилтот түвшин: Дунд). Сонирхол: Урлаг. Зорилго: Ирээдүйн мэргэжилдээ ашиглах. Сурах арга: Хамтрагчтай. Боломж: 7 хоногт 1-2 удаа. Хүсэж буй хамтрагчийн түвшин: Ахисан.
SS0566,18,3D моделчлол,Байхгүй,Дунд,Figma,Дунд,Дунд,Ахисан,Дунд,Хөгжим,Хоббигоо хөгжүүлэх,Хамтрагчтай,Өдөр бүр,Google Meet,Заах чадвар: 3D моделчлол (Дунд). Сурах чадвар: Figma (Зорилтот түвшин: Дунд). Сонирхол: Хөгжим. Зорилго: Хоббигоо хөгжүүлэх. Сурах арга: Хамтрагчтай. Боломж: Өдөр бүр. Хүсэж буй хамтрагчийн түвшин: Дунд.
SS0567,14,Англи хэл,Бичих чадвар,Суурь,Зурах,Дунд,Суурь,Ахисан,Дунд,Бизнес,Шинэ чадвар сурах,Багштай,7 хоногт 1-2 удаа,Discord,"Заах чадвар: Англи хэл (Суурь), Хоёрдогч чадвар: Бичих чадвар. Сурах чадвар: Зурах (Зорилтот түвшин: Дунд). Сонирхол: Бизнес. Зорилго: Шинэ чадвар сурах. Сурах арга: Багштай. Боломж: 7 хоногт 1-2 удаа. Хүсэж буй хамтрагчийн түвшин: Дунд."
SS0568,18,Япон хэл,Байхгүй,Анхан,UI/UX дизайн,Суурь,Анхан,Суурь,Дунд,Математик,Хоббигоо хөгжүүлэх,Уншиж сурах,7 хоногт 1-2 удаа,Instagram,Заах чадвар: Япон хэл (Анхан). Сурах чадвар: UI/UX дизайн (Зорилтот түвшин: Суурь). Сонирхол: Математик. Зорилго: Хоббигоо хөгжүүлэх. Сурах арга: Уншиж сурах. Боломж: 7 хоногт 1-2 удаа. Хүсэж буй хамтрагчийн түвшин: Дунд.
SS0569,13,Контент бүтээлт,Байхгүй,Суурь,Багаар ажиллах,Ахисан,Суурь,Суурь,Дунд,Бизнес,Одоогийн чадвараа сайжруулах,Уншиж сурах,Өдөр бүр,Messenger,Заах чадвар: Контент бүтээлт (Суурь). Сурах чадвар: Багаар ажиллах (Зорилтот түвшин: Ахисан). Сонирхол: Бизнес. Зорилго: Одоогийн чадвараа сайжруулах. Сурах арга: Уншиж сурах. Боломж: Өдөр бүр. Хүсэж буй хамтрагчийн түвшин: Дунд.
SS0570,14,Бичих чадвар,Байхгүй,Суурь,Сошиал медиа,Ахисан,Суурь,Дунд,Ахисан,Шинжлэх ухаан,Тэмцээнд бэлдэх,Уншиж сурах,Өдөр бүр,Facebook,Заах чадвар: Бичих чадвар (Суурь). Сурах чадвар: Сошиал медиа (Зорилтот түвшин: Ахисан). Сонирхол: Шинжлэх ухаан. Зорилго: Тэмцээнд бэлдэх. Сурах арга: Уншиж сурах. Боломж: Өдөр бүр. Хүсэж буй хамтрагчийн түвшин: Ахисан.
SS0571,15,Судалгаа,Англи хэл,Ахисан,График дизайн,Дунд,Ахисан,Ахисан,Дунд,Хэл,Одоогийн чадвараа сайжруулах,Багштай,7 хоногт 1-2 удаа,Telegram,"Заах чадвар: Судалгаа (Ахисан), Хоёрдогч чадвар: Англи хэл. Сурах чадвар: График дизайн (Зорилтот түвшин: Дунд). Сонирхол: Хэл. Зорилго: Одоогийн чадвараа сайжруулах. Сурах арга: Багштай. Боломж: 7 хоногт 1-2 удаа. Хүсэж буй хамтрагчийн түвшин: Дунд."
SS0572,18,Python,Байхгүй,Анхан,Шатар,Дунд,Суурь,Дунд,Ахисан,Хэл,Шинэ чадвар сурах,Уншиж сурах,7 хоногт 3-4 удаа,Zoom,Заах чадвар: Python (Суурь). Сурах чадвар: Шатар (Зорилтот түвшин: Дунд). Сонирхол: Хэл. Зорилго: Шинэ чадвар сурах. Сурах арга: Уншиж сурах. Боломж: 7 хоногт 3-4 удаа. Хүсэж буй хамтрагчийн түвшин: Ахисан.
SS0573,13,Төгөлдөр хуур,Байхгүй,Анхан,Сошиал медиа,Суурь,Анхан,Анхан,Анхан,Технологи,Тэмцээнд бэлдэх,Хамтрагчтай,Өдөр бүр,Google Meet,Заах чадвар: Төгөлдөр хуур (Анхан). Сурах чадвар: Сошиал медиа (Зорилтот түвшин: Суурь). Сонирхол: Технологи. Зорилго: Тэмцээнд бэлдэх. Сурах арга: Хамтрагчтай. Боломж: Өдөр бүр. Хүсэж буй хамтрагчийн түвшин: Анхан.
SS0574,17,Судалгаа,Илтгэх урлаг,Дунд,Солонгос хэл,Ахисан,Анхан,Дунд,Анхан,Шинжлэх ухаан,Шинэ чадвар сурах,Уншиж сурах,7 хоногт 1-2 удаа,Discord,"Заах чадвар: Судалгаа (Анхан), Хоёрдогч чадвар: Илтгэх урлаг. Сурах чадвар: Солонгос хэл (Зорилтот түвшин: Ахисан). Сонирхол: Шинжлэх ухаан. Зорилго: Шинэ чадвар сурах. Сурах арга: Уншиж сурах. Боломж: 7 хоногт 1-2 удаа. Хүсэж буй хамтрагчийн түвшин: Анхан."
SS0575,15,Зураг авах,Байхгүй,Суурь,Багаар ажиллах,Ахисан,Суурь,Ахисан,Анхан,Медиа,Ирээдүйн мэргэжилдээ ашиглах,Хамтрагчтай,7 хоногт 3-4 удаа,Instagram,Заах чадвар: Зураг авах (Суурь). Сурах чадвар: Багаар ажиллах (Зорилтот түвшин: Ахисан). Сонирхол: Медиа. Зорилго: Ирээдүйн мэргэжилдээ ашиглах. Сурах арга: Хамтрагчтай. Боломж: 7 хоногт 3-4 удаа. Хүсэж буй хамтрагчийн түвшин: Анхан.
SS0576,14,Видео эвлүүлэг,Байхгүй,Анхан,Манлайлал,Суурь,Анхан,Анхан,Анхан,Медиа,Хичээлдээ ашиглах,Хамтрагчтай,Өдөр бүр,Messenger,Заах чадвар: Видео эвлүүлэг (Анхан). Сурах чадвар: Манлайлал (Зорилтот түвшин: Суурь). Сонирхол: Медиа. Зорилго: Хичээлдээ ашиглах. Сурах арга: Хамтрагчтай. Боломж: Өдөр бүр. Хүсэж буй хамтрагчийн түвшин: Анхан.
SS0577,18,Судалгаа,Байхгүй,Дунд,Математик,Суурь,Дунд,Дунд,Дунд,Дизайн,Хоббигоо хөгжүүлэх,Видео,7 хоногт 3-4 удаа,Facebook,Заах чадвар: Судалгаа (Дунд). Сурах чадвар: Математик (Зорилтот түвшин: Суурь). Сонирхол: Дизайн. Зорилго: Хоббигоо хөгжүүлэх. Сурах арга: Видео. Боломж: 7 хоногт 3-4 удаа. Хүсэж буй хамтрагчийн түвшин: Дунд.
SS0578,15,Canva,Байхгүй,Анхан,Excel,Дунд,Анхан,Дунд,Дунд,Урлаг,Тэмцээнд бэлдэх,Хамтрагчтай,7 хоногт 3-4 удаа,Telegram,Заах чадвар: Canva (Анхан). Сурах чадвар: Excel (Зорилтот түвшин: Дунд). Сонирхол: Урлаг. Зорилго: Тэмцээнд бэлдэх. Сурах арга: Хамтрагчтай. Боломж: 7 хоногт 3-4 удаа. Хүсэж буй хамтрагчийн түвшин: Дунд.
SS0579,13,Төгөлдөр хуур,Байхгүй,Анхан,Япон хэл,Дунд,Анхан,Анхан,Ахисан,Дизайн,Хичээлдээ ашиглах,Хамтрагчтай,7 хоногт 1-2 удаа,Zoom,Заах чадвар: Төгөлдөр хуур (Анхан). Сурах чадвар: Япон хэл (Зорилтот түвшин: Дунд). Сонирхол: Дизайн. Зорилго: Хичээлдээ ашиглах. Сурах арга: Хамтрагчтай. Боломж: 7 хоногт 1-2 удаа. Хүсэж буй хамтрагчийн түвшин: Ахисан.
SS0580,13,Физик,Байхгүй,Ахисан,3D моделчлол,Ахисан,Ахисан,Дунд,Ахисан,Бизнес,Хичээлдээ ашиглах,Уншиж сурах,Өдөр бүр,Google Meet,Заах чадвар: Физик (Ахисан). Сурах чадвар: 3D моделчлол (Зорилтот түвшин: Ахисан). Сонирхол: Бизнес. Зорилго: Хичээлдээ ашиглах. Сурах арга: Уншиж сурах. Боломж: Өдөр бүр. Хүсэж буй хамтрагчийн түвшин: Ахисан.
SS0581,14,Гитар,Байхгүй,Суурь,Видео эвлүүлэг,Дунд,Суурь,Суурь,Суурь,Боловсрол,Хичээлдээ ашиглах,Хамтрагчтай,Өдөр бүр,Discord,Заах чадвар: Гитар (Суурь). Сурах чадвар: Видео эвлүүлэг (Зорилтот түвшин: Дунд). Сонирхол: Боловсрол. Зорилго: Хичээлдээ ашиглах. Сурах арга: Хамтрагчтай. Боломж: Өдөр бүр. Хүсэж буй хамтрагчийн түвшин: Суурь.
SS0582,16,График дизайн,Байхгүй,Суурь,Canva,Суурь,Суурь,Дунд,Дунд,Бүтээлч ажил,Төсөл хийх,Багштай,Амралтын өдөр,Instagram,Заах чадвар: График дизайн (Суурь). Сурах чадвар: Canva (Зорилтот түвшин: Суурь). Сонирхол: Бүтээлч ажил. Зорилго: Төсөл хийх. Сурах арга: Багштай. Боломж: Амралтын өдөр. Хүсэж буй хамтрагчийн түвшин: Дунд.
SS0583,18,Шатар,Байхгүй,Ахисан,Контент бүтээлт,Дунд,Ахисан,Ахисан,Ахисан,Дизайн,Одоогийн чадвараа сайжруулах,Хамтрагчтай,7 хоногт 1-2 удаа,Messenger,Заах чадвар: Шатар (Ахисан). Сурах чадвар: Контент бүтээлт (Зорилтот түвшин: Дунд). Сонирхол: Дизайн. Зорилго: Одоогийн чадвараа сайжруулах. Сурах арга: Хамтрагчтай. Боломж: 7 хоногт 1-2 удаа. Хүсэж буй хамтрагчийн түвшин: Ахисан.
SS0584,14,Видео эвлүүлэг,Байхгүй,Суурь,Зураг авах,Суурь,Суурь,Анхан,Анхан,Боловсрол,Тэмцээнд бэлдэх,Видео,Өдөр бүр,Facebook,Заах чадвар: Видео эвлүүлэг (Суурь). Сурах чадвар: Зураг авах (Зорилтот түвшин: Суурь). Сонирхол: Боловсрол. Зорилго: Тэмцээнд бэлдэх. Сурах арга: Видео. Боломж: Өдөр бүр. Хүсэж буй хамтрагчийн түвшин: Анхан.
SS0585,17,Англи хэл,Байхгүй,Суурь,Figma,Суурь,Суурь,Суурь,Ахисан,Програмчлал,Хоббигоо хөгжүүлэх,Хамтрагчтай,Амралтын өдөр,Telegram,Заах чадвар: Англи хэл (Суурь). Сурах чадвар: Figma (Зорилтот түвшин: Суурь). Сонирхол: Програмчлал. Зорилго: Хоббигоо хөгжүүлэх. Сурах арга: Хамтрагчтай. Боломж: Амралтын өдөр. Хүсэж буй хамтрагчийн түвшин: Ахисан.
SS0586,15,Математик,Байхгүй,Суурь,Илтгэх урлаг,Ахисан,Суурь,Дунд,Ахисан,Технологи,Шинэ чадвар сурах,Видео,Амралтын өдөр,Zoom,Заах чадвар: Математик (Суурь). Сурах чадвар: Илтгэх урлаг (Зорилтот түвшин: Ахисан). Сонирхол: Технологи. Зорилго: Шинэ чадвар сурах. Сурах арга: Видео. Боломж: Амралтын өдөр. Хүсэж буй хамтрагчийн түвшин: Ахисан.
SS0587,14,Excel,Байхгүй,Суурь,Илтгэх урлаг,Ахисан,Суурь,Ахисан,Ахисан,Бүтээлч ажил,Тэмцээнд бэлдэх,Практик хийж сурах,7 хоногт 3-4 удаа,Google Meet,Заах чадвар: Excel (Суурь). Сурах чадвар: Илтгэх урлаг (Зорилтот түвшин: Ахисан). Сонирхол: Бүтээлч ажил. Зорилго: Тэмцээнд бэлдэх. Сурах арга: Практик хийж сурах. Боломж: 7 хоногт 3-4 удаа. Хүсэж буй хамтрагчийн түвшин: Ахисан.
SS0588,18,Зураг авах,Байхгүй,Суурь,Илтгэх урлаг,Ахисан,Суурь,Анхан,Суурь,Хөгжим,Тэмцээнд бэлдэх,Хамтрагчтай,Амралтын өдөр,Discord,Заах чадвар: Зураг авах (Суурь). Сурах чадвар: Илтгэх урлаг (Зорилтот түвшин: Ахисан). Сонирхол: Хөгжим. Зорилго: Тэмцээнд бэлдэх. Сурах арга: Хамтрагчтай. Боломж: Амралтын өдөр. Хүсэж буй хамтрагчийн түвшин: Суурь.
SS0589,15,JavaScript,Байхгүй,Суурь,Вэб хөгжүүлэлт,Суурь,Суурь,Суурь,Дунд,Технологи,Одоогийн чадвараа сайжруулах,Хамтрагчтай,Өдөр бүр,Instagram,Заах чадвар: JavaScript (Суурь). Сурах чадвар: Вэб хөгжүүлэлт (Зорилтот түвшин: Суурь). Сонирхол: Технологи. Зорилго: Одоогийн чадвараа сайжруулах. Сурах арга: Хамтрагчтай. Боломж: Өдөр бүр. Хүсэж буй хамтрагчийн түвшин: Дунд.
SS0590,16,Бичих чадвар,Байхгүй,Анхан,Контент бүтээлт,Дунд,Анхан,Дунд,Анхан,Бизнес,Төсөл хийх,Практик хийж сурах,Амралтын өдөр,Messenger,Заах чадвар: Бичих чадвар (Анхан). Сурах чадвар: Контент бүтээлт (Зорилтот түвшин: Дунд). Сонирхол: Бизнес. Зорилго: Төсөл хийх. Сурах арга: Практик хийж сурах. Боломж: Амралтын өдөр. Хүсэж буй хамтрагчийн түвшин: Анхан.
SS0591,18,Гитар,Байхгүй,Дунд,Физик,Дунд,Дунд,Суурь,Дунд,Урлаг,Шинэ чадвар сурах,Практик хийж сурах,7 хоногт 3-4 удаа,Facebook,Заах чадвар: Гитар (Дунд). Сурах чадвар: Физик (Зорилтот түвшин: Дунд). Сонирхол: Урлаг. Зорилго: Шинэ чадвар сурах. Сурах арга: Практик хийж сурах. Боломж: 7 хоногт 3-4 удаа. Хүсэж буй хамтрагчийн түвшин: Дунд.
SS0592,16,Вэб хөгжүүлэлт,Байхгүй,Суурь,C++,Суурь,Суурь,Анхан,Ахисан,Боловсрол,Төсөл хийх,Багштай,Өдөр бүр,Telegram,Заах чадвар: Вэб хөгжүүлэлт (Суурь). Сурах чадвар: C++ (Зорилтот түвшин: Суурь). Сонирхол: Боловсрол. Зорилго: Төсөл хийх. Сурах арга: Багштай. Боломж: Өдөр бүр. Хүсэж буй хамтрагчийн түвшин: Ахисан.
SS0593,18,3D моделчлол,Байхгүй,Анхан,Canva,Суурь,Анхан,Дунд,Дунд,Бизнес,Одоогийн чадвараа сайжруулах,Багштай,7 хоногт 1-2 удаа,Zoom,Заах чадвар: 3D моделчлол (Анхан). Сурах чадвар: Canva (Зорилтот түвшин: Суурь). Сонирхол: Бизнес. Зорилго: Одоогийн чадвараа сайжруулах. Сурах арга: Багштай. Боломж: 7 хоногт 1-2 удаа. Хүсэж буй хамтрагчийн түвшин: Дунд.
SS0594,17,Бичих чадвар,Байхгүй,Дунд,Excel,Дунд,Анхан,Суурь,Ахисан,Спорт,Ирээдүйн мэргэжилдээ ашиглах,Видео,7 хоногт 1-2 удаа,Google Meet,Заах чадвар: Бичих чадвар (Анхан). Сурах чадвар: Excel (Зорилтот түвшин: Дунд). Сонирхол: Спорт. Зорилго: Ирээдүйн мэргэжилдээ ашиглах. Сурах арга: Видео. Боломж: 7 хоногт 1-2 удаа. Хүсэж буй хамтрагчийн түвшин: Ахисан.
SS0595,17,Сошиал медиа,Байхгүй,Ахисан,Физик,Дунд,Анхан,Ахисан,Суурь,Урлаг,Тэмцээнд бэлдэх,Хамтрагчтай,Амралтын өдөр,Discord,Заах чадвар: Сошиал медиа (Анхан). Сурах чадвар: Физик (Зорилтот түвшин: Дунд). Сонирхол: Урлаг. Зорилго: Тэмцээнд бэлдэх. Сурах арга: Хамтрагчтай. Боломж: Амралтын өдөр. Хүсэж буй хамтрагчийн түвшин: Суурь.
SS0596,18,Бичих чадвар,Багаар ажиллах,Суурь,Контент бүтээлт,Дунд,Суурь,Анхан,Ахисан,Шинжлэх ухаан,Төсөл хийх,Багштай,Амралтын өдөр,Instagram,"Заах чадвар: Бичих чадвар (Суурь), Хоёрдогч чадвар: Багаар ажиллах. Сурах чадвар: Контент бүтээлт (Зорилтот түвшин: Дунд). Сонирхол: Шинжлэх ухаан. Зорилго: Төсөл хийх. Сурах арга: Багштай. Боломж: Амралтын өдөр. Хүсэж буй хамтрагчийн түвшин: Ахисан."
SS0597,17,Гитар,Байхгүй,Дунд,Сошиал медиа,Ахисан,Дунд,Суурь,Ахисан,Дизайн,Төсөл хийх,Уншиж сурах,Амралтын өдөр,Messenger,Заах чадвар: Гитар (Дунд). Сурах чадвар: Сошиал медиа (Зорилтот түвшин: Ахисан). Сонирхол: Дизайн. Зорилго: Төсөл хийх. Сурах арга: Уншиж сурах. Боломж: Амралтын өдөр. Хүсэж буй хамтрагчийн түвшин: Ахисан.
SS0598,16,Судалгаа,Байхгүй,Анхан,3D моделчлол,Суурь,Анхан,Суурь,Дунд,Хэл,Тэмцээнд бэлдэх,Практик хийж сурах,Амралтын өдөр,Facebook,Заах чадвар: Судалгаа (Анхан). Сурах чадвар: 3D моделчлол (Зорилтот түвшин: Суурь). Сонирхол: Хэл. Зорилго: Тэмцээнд бэлдэх. Сурах арга: Практик хийж сурах. Боломж: Амралтын өдөр. Хүсэж буй хамтрагчийн түвшин: Дунд.
SS0599,15,Манлайлал,Байхгүй,Дунд,Контент бүтээлт,Суурь,Дунд,Ахисан,Суурь,Спорт,Тэмцээнд бэлдэх,Хамтрагчтай,7 хоногт 3-4 удаа,Telegram,Заах чадвар: Манлайлал (Дунд). Сурах чадвар: Контент бүтээлт (Зорилтот түвшин: Суурь). Сонирхол: Спорт. Зорилго: Тэмцээнд бэлдэх. Сурах арга: Хамтрагчтай. Боломж: 7 хоногт 3-4 удаа. Хүсэж буй хамтрагчийн түвшин: Суурь.
SS0600,16,Видео эвлүүлэг,Япон хэл,Дунд,Англи хэл,Дунд,Дунд,Суурь,Дунд,Контент,Одоогийн чадвараа сайжруулах,Видео,7 хоногт 3-4 удаа,Zoom,"Заах чадвар: Видео эвлүүлэг (Дунд), Хоёрдогч чадвар: Япон хэл. Сурах чадвар: Англи хэл (Зорилтот түвшин: Дунд). Сонирхол: Контент. Зорилго: Одоогийн чадвараа сайжруулах. Сурах арга: Видео. Боломж: 7 хоногт 3-4 удаа. Хүсэж буй хамтрагчийн түвшин: Дунд."
SS0601,18,Зураг авах,Байхгүй,Дунд,Python,Ахисан,Суурь,Дунд,Анхан,Дизайн,Хоббигоо хөгжүүлэх,Видео,Өдөр бүр,Google Meet,Заах чадвар: Зураг авах (Суурь). Сурах чадвар: Python (Зорилтот түвшин: Ахисан). Сонирхол: Дизайн. Зорилго: Хоббигоо хөгжүүлэх. Сурах арга: Видео. Боломж: Өдөр бүр. Хүсэж буй хамтрагчийн түвшин: Анхан.
SS0602,18,Илтгэх урлаг,Байхгүй,Анхан,Хөгжим,Суурь,Анхан,Дунд,Анхан,Контент,Шинэ чадвар сурах,Уншиж сурах,7 хоногт 3-4 удаа,Discord,Заах чадвар: Илтгэх урлаг (Анхан). Сурах чадвар: Хөгжим (Зорилтот түвшин: Суурь). Сонирхол: Контент. Зорилго: Шинэ чадвар сурах. Сурах арга: Уншиж сурах. Боломж: 7 хоногт 3-4 удаа. Хүсэж буй хамтрагчийн түвшин: Анхан.
SS0603,16,JavaScript,Байхгүй,Ахисан,Төгөлдөр хуур,Суурь,Дунд,Ахисан,Ахисан,Математик,Төсөл хийх,Видео,7 хоногт 1-2 удаа,Instagram,Заах чадвар: JavaScript (Дунд). Сурах чадвар: Төгөлдөр хуур (Зорилтот түвшин: Суурь). Сонирхол: Математик. Зорилго: Төсөл хийх. Сурах арга: Видео. Боломж: 7 хоногт 1-2 удаа. Хүсэж буй хамтрагчийн түвшин: Ахисан.
SS0604,13,Сошиал медиа,Байхгүй,Ахисан,Спорт,Суурь,Ахисан,Дунд,Анхан,Спорт,Төсөл хийх,Багштай,Амралтын өдөр,Messenger,Заах чадвар: Сошиал медиа (Ахисан). Сурах чадвар: Спорт (Зорилтот түвшин: Суурь). Сонирхол: Спорт. Зорилго: Төсөл хийх. Сурах арга: Багштай. Боломж: Амралтын өдөр. Хүсэж буй хамтрагчийн түвшин: Анхан.
SS0605,16,C++,Байхгүй,Ахисан,3D моделчлол,Ахисан,Ахисан,Ахисан,Ахисан,Шинжлэх ухаан,Төсөл хийх,Практик хийж сурах,7 хоногт 3-4 удаа,Facebook,Заах чадвар: C++ (Ахисан). Сурах чадвар: 3D моделчлол (Зорилтот түвшин: Ахисан). Сонирхол: Шинжлэх ухаан. Зорилго: Төсөл хийх. Сурах арга: Практик хийж сурах. Боломж: 7 хоногт 3-4 удаа. Хүсэж буй хамтрагчийн түвшин: Ахисан.
SS0606,18,Төгөлдөр хуур,Байхгүй,Анхан,Бичих чадвар,Суурь,Анхан,Анхан,Ахисан,Боловсрол,Ирээдүйн мэргэжилдээ ашиглах,Уншиж сурах,7 хоногт 1-2 удаа,Telegram,Заах чадвар: Төгөлдөр хуур (Анхан). Сурах чадвар: Бичих чадвар (Зорилтот түвшин: Суурь). Сонирхол: Боловсрол. Зорилго: Ирээдүйн мэргэжилдээ ашиглах. Сурах арга: Уншиж сурах. Боломж: 7 хоногт 1-2 удаа. Хүсэж буй хамтрагчийн түвшин: Ахисан.
SS0607,17,Япон хэл,Байхгүй,Суурь,Гитар,Дунд,Суурь,Ахисан,Дунд,Контент,Төсөл хийх,Видео,Амралтын өдөр,Zoom,Заах чадвар: Япон хэл (Суурь). Сурах чадвар: Гитар (Зорилтот түвшин: Дунд). Сонирхол: Контент. Зорилго: Төсөл хийх. Сурах арга: Видео. Боломж: Амралтын өдөр. Хүсэж буй хамтрагчийн түвшин: Дунд.
SS0608,16,График дизайн,Байхгүй,Суурь,Манлайлал,Дунд,Суурь,Анхан,Анхан,Медиа,Төсөл хийх,Багштай,Өдөр бүр,Google Meet,Заах чадвар: График дизайн (Суурь). Сурах чадвар: Манлайлал (Зорилтот түвшин: Дунд). Сонирхол: Медиа. Зорилго: Төсөл хийх. Сурах арга: Багштай. Боломж: Өдөр бүр. Хүсэж буй хамтрагчийн түвшин: Анхан.
SS0609,15,Контент бүтээлт,Байхгүй,Суурь,Шатар,Дунд,Суурь,Суурь,Дунд,Бүтээлч ажил,Хичээлдээ ашиглах,Видео,7 хоногт 3-4 удаа,Discord,Заах чадвар: Контент бүтээлт (Суурь). Сурах чадвар: Шатар (Зорилтот түвшин: Дунд). Сонирхол: Бүтээлч ажил. Зорилго: Хичээлдээ ашиглах. Сурах арга: Видео. Боломж: 7 хоногт 3-4 удаа. Хүсэж буй хамтрагчийн түвшин: Дунд.
SS0610,16,JavaScript,Байхгүй,Дунд,График дизайн,Суурь,Дунд,Дунд,Ахисан,Медиа,Хичээлдээ ашиглах,Видео,7 хоногт 3-4 удаа,Instagram,Заах чадвар: JavaScript (Дунд). Сурах чадвар: График дизайн (Зорилтот түвшин: Суурь). Сонирхол: Медиа. Зорилго: Хичээлдээ ашиглах. Сурах арга: Видео. Боломж: 7 хоногт 3-4 удаа. Хүсэж буй хамтрагчийн түвшин: Ахисан.
SS0611,17,Сошиал медиа,Canva,Анхан,Хөгжим,Суурь,Анхан,Дунд,Ахисан,Хэл,Хоббигоо хөгжүүлэх,Уншиж сурах,7 хоногт 3-4 удаа,Messenger,"Заах чадвар: Сошиал медиа (Анхан), Хоёрдогч чадвар: Canva. Сурах чадвар: Хөгжим (Зорилтот түвшин: Суурь). Сонирхол: Хэл. Зорилго: Хоббигоо хөгжүүлэх. Сурах арга: Уншиж сурах. Боломж: 7 хоногт 3-4 удаа. Хүсэж буй хамтрагчийн түвшин: Ахисан."
SS0612,14,Сошиал медиа,Байхгүй,Дунд,Илтгэх урлаг,Ахисан,Дунд,Суурь,Анхан,Бүтээлч ажил,Одоогийн чадвараа сайжруулах,Практик хийж сурах,7 хоногт 1-2 удаа,Facebook,Заах чадвар: Сошиал медиа (Дунд). Сурах чадвар: Илтгэх урлаг (Зорилтот түвшин: Ахисан). Сонирхол: Бүтээлч ажил. Зорилго: Одоогийн чадвараа сайжруулах. Сурах арга: Практик хийж сурах. Боломж: 7 хоногт 1-2 удаа. Хүсэж буй хамтрагчийн түвшин: Анхан.
SS0613,13,Figma,Excel,Ахисан,Бичих чадвар,Ахисан,Суурь,Ахисан,Ахисан,Програмчлал,Шинэ чадвар сурах,Хамтрагчтай,7 хоногт 3-4 удаа,Telegram,"Заах чадвар: Figma (Суурь), Хоёрдогч чадвар: Excel. Сурах чадвар: Бичих чадвар (Зорилтот түвшин: Ахисан). Сонирхол: Програмчлал. Зорилго: Шинэ чадвар сурах. Сурах арга: Хамтрагчтай. Боломж: 7 хоногт 3-4 удаа. Хүсэж буй хамтрагчийн түвшин: Ахисан."
SS0614,16,Математик,Байхгүй,Анхан,Япон хэл,Дунд,Анхан,Дунд,Анхан,Хэл,Одоогийн чадвараа сайжруулах,Видео,7 хоногт 1-2 удаа,Zoom,Заах чадвар: Математик (Анхан). Сурах чадвар: Япон хэл (Зорилтот түвшин: Дунд). Сонирхол: Хэл. Зорилго: Одоогийн чадвараа сайжруулах. Сурах арга: Видео. Боломж: 7 хоногт 1-2 удаа. Хүсэж буй хамтрагчийн түвшин: Анхан.
SS0615,13,Python,Байхгүй,Дунд,Спорт,Ахисан,Дунд,Суурь,Ахисан,Шинжлэх ухаан,Төсөл хийх,Уншиж сурах,7 хоногт 1-2 удаа,Google Meet,Заах чадвар: Python (Дунд). Сурах чадвар: Спорт (Зорилтот түвшин: Ахисан). Сонирхол: Шинжлэх ухаан. Зорилго: Төсөл хийх. Сурах арга: Уншиж сурах. Боломж: 7 хоногт 1-2 удаа. Хүсэж буй хамтрагчийн түвшин: Ахисан.
SS0616,15,Canva,Байхгүй,Анхан,Зураг авах,Ахисан,Анхан,Суурь,Суурь,Шинжлэх ухаан,Тэмцээнд бэлдэх,Багштай,7 хоногт 3-4 удаа,Discord,Заах чадвар: Canva (Анхан). Сурах чадвар: Зураг авах (Зорилтот түвшин: Ахисан). Сонирхол: Шинжлэх ухаан. Зорилго: Тэмцээнд бэлдэх. Сурах арга: Багштай. Боломж: 7 хоногт 3-4 удаа. Хүсэж буй хамтрагчийн түвшин: Суурь.
SS0617,14,Python,Байхгүй,Анхан,Илтгэх урлаг,Ахисан,Анхан,Дунд,Ахисан,Програмчлал,Шинэ чадвар сурах,Багштай,Өдөр бүр,Instagram,Заах чадвар: Python (Анхан). Сурах чадвар: Илтгэх урлаг (Зорилтот түвшин: Ахисан). Сонирхол: Програмчлал. Зорилго: Шинэ чадвар сурах. Сурах арга: Багштай. Боломж: Өдөр бүр. Хүсэж буй хамтрагчийн түвшин: Ахисан.
SS0618,18,Зураг авах,Байхгүй,Дунд,Багаар ажиллах,Ахисан,Дунд,Суурь,Анхан,Математик,Шинэ чадвар сурах,Практик хийж сурах,Өдөр бүр,Messenger,Заах чадвар: Зураг авах (Дунд). Сурах чадвар: Багаар ажиллах (Зорилтот түвшин: Ахисан). Сонирхол: Математик. Зорилго: Шинэ чадвар сурах. Сурах арга: Практик хийж сурах. Боломж: Өдөр бүр. Хүсэж буй хамтрагчийн түвшин: Анхан.
SS0619,17,Вэб хөгжүүлэлт,Байхгүй,Суурь,Бичих чадвар,Ахисан,Суурь,Ахисан,Ахисан,Боловсрол,Төсөл хийх,Видео,Өдөр бүр,Facebook,Заах чадвар: Вэб хөгжүүлэлт (Суурь). Сурах чадвар: Бичих чадвар (Зорилтот түвшин: Ахисан). Сонирхол: Боловсрол. Зорилго: Төсөл хийх. Сурах арга: Видео. Боломж: Өдөр бүр. Хүсэж буй хамтрагчийн түвшин: Ахисан.
SS0620,17,Япон хэл,Байхгүй,Анхан,Figma,Дунд,Анхан,Дунд,Ахисан,Хэл,Төсөл хийх,Хамтрагчтай,Амралтын өдөр,Telegram,Заах чадвар: Япон хэл (Анхан). Сурах чадвар: Figma (Зорилтот түвшин: Дунд). Сонирхол: Хэл. Зорилго: Төсөл хийх. Сурах арга: Хамтрагчтай. Боломж: Амралтын өдөр. Хүсэж буй хамтрагчийн түвшин: Ахисан.
SS0621,13,Зураг авах,Байхгүй,Суурь,График дизайн,Суурь,Суурь,Суурь,Дунд,Хэл,Хичээлдээ ашиглах,Багштай,7 хоногт 1-2 удаа,Zoom,Заах чадвар: Зураг авах (Суурь). Сурах чадвар: График дизайн (Зорилтот түвшин: Суурь). Сонирхол: Хэл. Зорилго: Хичээлдээ ашиглах. Сурах арга: Багштай. Боломж: 7 хоногт 1-2 удаа. Хүсэж буй хамтрагчийн түвшин: Дунд.
SS0622,15,Судалгаа,Байхгүй,Дунд,Figma,Дунд,Дунд,Дунд,Ахисан,Контент,Хичээлдээ ашиглах,Уншиж сурах,7 хоногт 1-2 удаа,Google Meet,Заах чадвар: Судалгаа (Дунд). Сурах чадвар: Figma (Зорилтот түвшин: Дунд). Сонирхол: Контент. Зорилго: Хичээлдээ ашиглах. Сурах арга: Уншиж сурах. Боломж: 7 хоногт 1-2 удаа. Хүсэж буй хамтрагчийн түвшин: Ахисан.
SS0623,16,Шатар,Байхгүй,Ахисан,Зураг авах,Суурь,Ахисан,Ахисан,Анхан,Хэл,Одоогийн чадвараа сайжруулах,Видео,7 хоногт 3-4 удаа,Discord,Заах чадвар: Шатар (Ахисан). Сурах чадвар: Зураг авах (Зорилтот түвшин: Суурь). Сонирхол: Хэл. Зорилго: Одоогийн чадвараа сайжруулах. Сурах арга: Видео. Боломж: 7 хоногт 3-4 удаа. Хүсэж буй хамтрагчийн түвшин: Анхан.
SS0624,13,C++,JavaScript,Суурь,Солонгос хэл,Дунд,Суурь,Анхан,Ахисан,Боловсрол,Тэмцээнд бэлдэх,Хамтрагчтай,Амралтын өдөр,Instagram,"Заах чадвар: C++ (Суурь), Хоёрдогч чадвар: JavaScript. Сурах чадвар: Солонгос хэл (Зорилтот түвшин: Дунд). Сонирхол: Боловсрол. Зорилго: Тэмцээнд бэлдэх. Сурах арга: Хамтрагчтай. Боломж: Амралтын өдөр. Хүсэж буй хамтрагчийн түвшин: Ахисан."
SS0625,14,Видео эвлүүлэг,Байхгүй,Анхан,Багаар ажиллах,Суурь,Анхан,Суурь,Суурь,Бүтээлч ажил,Ирээдүйн мэргэжилдээ ашиглах,Уншиж сурах,7 хоногт 1-2 удаа,Messenger,Заах чадвар: Видео эвлүүлэг (Анхан). Сурах чадвар: Багаар ажиллах (Зорилтот түвшин: Суурь). Сонирхол: Бүтээлч ажил. Зорилго: Ирээдүйн мэргэжилдээ ашиглах. Сурах арга: Уншиж сурах. Боломж: 7 хоногт 1-2 удаа. Хүсэж буй хамтрагчийн түвшин: Суурь.
SS0626,13,3D моделчлол,Байхгүй,Суурь,Python,Дунд,Суурь,Дунд,Дунд,Програмчлал,Шинэ чадвар сурах,Видео,7 хоногт 1-2 удаа,Facebook,Заах чадвар: 3D моделчлол (Суурь). Сурах чадвар: Python (Зорилтот түвшин: Дунд). Сонирхол: Програмчлал. Зорилго: Шинэ чадвар сурах. Сурах арга: Видео. Боломж: 7 хоногт 1-2 удаа. Хүсэж буй хамтрагчийн түвшин: Дунд.
SS0627,14,Гитар,Бичих чадвар,Суурь,Төгөлдөр хуур,Суурь,Суурь,Ахисан,Дунд,Дизайн,Хичээлдээ ашиглах,Багштай,Амралтын өдөр,Telegram,"Заах чадвар: Гитар (Суурь), Хоёрдогч чадвар: Бичих чадвар. Сурах чадвар: Төгөлдөр хуур (Зорилтот түвшин: Суурь). Сонирхол: Дизайн. Зорилго: Хичээлдээ ашиглах. Сурах арга: Багштай. Боломж: Амралтын өдөр. Хүсэж буй хамтрагчийн түвшин: Дунд."
SS0628,18,Зурах,Вэб хөгжүүлэлт,Дунд,Төгөлдөр хуур,Ахисан,Дунд,Дунд,Дунд,Хэл,Хоббигоо хөгжүүлэх,Уншиж сурах,Өдөр бүр,Zoom,"Заах чадвар: Зурах (Дунд), Хоёрдогч чадвар: Вэб хөгжүүлэлт. Сурах чадвар: Төгөлдөр хуур (Зорилтот түвшин: Ахисан). Сонирхол: Хэл. Зорилго: Хоббигоо хөгжүүлэх. Сурах арга: Уншиж сурах. Боломж: Өдөр бүр. Хүсэж буй хамтрагчийн түвшин: Дунд."
SS0629,13,Илтгэх урлаг,График дизайн,Суурь,Контент бүтээлт,Дунд,Суурь,Суурь,Анхан,Хэл,Шинэ чадвар сурах,Уншиж сурах,Амралтын өдөр,Google Meet,"Заах чадвар: Илтгэх урлаг (Суурь), Хоёрдогч чадвар: График дизайн. Сурах чадвар: Контент бүтээлт (Зорилтот түвшин: Дунд). Сонирхол: Хэл. Зорилго: Шинэ чадвар сурах. Сурах арга: Уншиж сурах. Боломж: Амралтын өдөр. Хүсэж буй хамтрагчийн түвшин: Анхан."
SS0630,18,Манлайлал,Сошиал медиа,Суурь,Математик,Суурь,Суурь,Дунд,Дунд,Спорт,Хичээлдээ ашиглах,Багштай,Амралтын өдөр,Discord,"Заах чадвар: Манлайлал (Суурь), Хоёрдогч чадвар: Сошиал медиа. Сурах чадвар: Математик (Зорилтот түвшин: Суурь). Сонирхол: Спорт. Зорилго: Хичээлдээ ашиглах. Сурах арга: Багштай. Боломж: Амралтын өдөр. Хүсэж буй хамтрагчийн түвшин: Дунд."
SS0631,15,Багаар ажиллах,Байхгүй,Суурь,Гитар,Суурь,Суурь,Ахисан,Дунд,Дизайн,Тэмцээнд бэлдэх,Багштай,Амралтын өдөр,Instagram,Заах чадвар: Багаар ажиллах (Суурь). Сурах чадвар: Гитар (Зорилтот түвшин: Суурь). Сонирхол: Дизайн. Зорилго: Тэмцээнд бэлдэх. Сурах арга: Багштай. Боломж: Амралтын өдөр. Хүсэж буй хамтрагчийн түвшин: Дунд.
SS0632,16,3D моделчлол,Байхгүй,Дунд,Хөгжим,Дунд,Суурь,Ахисан,Суурь,Урлаг,Тэмцээнд бэлдэх,Видео,7 хоногт 1-2 удаа,Messenger,Заах чадвар: 3D моделчлол (Суурь). Сурах чадвар: Хөгжим (Зорилтот түвшин: Дунд). Сонирхол: Урлаг. Зорилго: Тэмцээнд бэлдэх. Сурах арга: Видео. Боломж: 7 хоногт 1-2 удаа. Хүсэж буй хамтрагчийн түвшин: Суурь.
SS0633,18,Хөгжим,Байхгүй,Ахисан,Төгөлдөр хуур,Суурь,Ахисан,Ахисан,Ахисан,Спорт,Шинэ чадвар сурах,Багштай,Амралтын өдөр,Facebook,Заах чадвар: Хөгжим (Ахисан). Сурах чадвар: Төгөлдөр хуур (Зорилтот түвшин: Суурь). Сонирхол: Спорт. Зорилго: Шинэ чадвар сурах. Сурах арга: Багштай. Боломж: Амралтын өдөр. Хүсэж буй хамтрагчийн түвшин: Ахисан.
SS0634,14,Япон хэл,Байхгүй,Дунд,Зураг авах,Дунд,Дунд,Дунд,Анхан,Спорт,Ирээдүйн мэргэжилдээ ашиглах,Хамтрагчтай,Өдөр бүр,Telegram,Заах чадвар: Япон хэл (Дунд). Сурах чадвар: Зураг авах (Зорилтот түвшин: Дунд). Сонирхол: Спорт. Зорилго: Ирээдүйн мэргэжилдээ ашиглах. Сурах арга: Хамтрагчтай. Боломж: Өдөр бүр. Хүсэж буй хамтрагчийн түвшин: Анхан.
SS0635,16,Судалгаа,Байхгүй,Суурь,Вэб хөгжүүлэлт,Ахисан,Суурь,Ахисан,Анхан,Математик,Төсөл хийх,Практик хийж сурах,7 хоногт 1-2 удаа,Zoom,Заах чадвар: Судалгаа (Суурь). Сурах чадвар: Вэб хөгжүүлэлт (Зорилтот түвшин: Ахисан). Сонирхол: Математик. Зорилго: Төсөл хийх. Сурах арга: Практик хийж сурах. Боломж: 7 хоногт 1-2 удаа. Хүсэж буй хамтрагчийн түвшин: Анхан.
SS0636,14,Шатар,Сошиал медиа,Дунд,JavaScript,Суурь,Дунд,Суурь,Ахисан,Урлаг,Төсөл хийх,Багштай,7 хоногт 1-2 удаа,Google Meet,"Заах чадвар: Шатар (Дунд), Хоёрдогч чадвар: Сошиал медиа. Сурах чадвар: JavaScript (Зорилтот түвшин: Суурь). Сонирхол: Урлаг. Зорилго: Төсөл хийх. Сурах арга: Багштай. Боломж: 7 хоногт 1-2 удаа. Хүсэж буй хамтрагчийн түвшин: Ахисан."
SS0637,14,Шатар,Байхгүй,Дунд,Гитар,Суурь,Дунд,Дунд,Анхан,Урлаг,Хоббигоо хөгжүүлэх,Хамтрагчтай,7 хоногт 1-2 удаа,Discord,Заах чадвар: Шатар (Дунд). Сурах чадвар: Гитар (Зорилтот түвшин: Суурь). Сонирхол: Урлаг. Зорилго: Хоббигоо хөгжүүлэх. Сурах арга: Хамтрагчтай. Боломж: 7 хоногт 1-2 удаа. Хүсэж буй хамтрагчийн түвшин: Анхан.
SS0638,16,Figma,Canva,Анхан,3D моделчлол,Ахисан,Анхан,Дунд,Дунд,Контент,Төсөл хийх,Хамтрагчтай,Амралтын өдөр,Instagram,"Заах чадвар: Figma (Анхан), Хоёрдогч чадвар: Canva. Сурах чадвар: 3D моделчлол (Зорилтот түвшин: Ахисан). Сонирхол: Контент. Зорилго: Төсөл хийх. Сурах арга: Хамтрагчтай. Боломж: Амралтын өдөр. Хүсэж буй хамтрагчийн түвшин: Дунд."
SS0639,14,Төгөлдөр хуур,Байхгүй,Дунд,Гитар,Суурь,Анхан,Суурь,Суурь,Шинжлэх ухаан,Хичээлдээ ашиглах,Видео,Өдөр бүр,Messenger,Заах чадвар: Төгөлдөр хуур (Анхан). Сурах чадвар: Гитар (Зорилтот түвшин: Суурь). Сонирхол: Шинжлэх ухаан. Зорилго: Хичээлдээ ашиглах. Сурах арга: Видео. Боломж: Өдөр бүр. Хүсэж буй хамтрагчийн түвшин: Суурь.
SS0640,16,Манлайлал,Байхгүй,Дунд,Python,Ахисан,Дунд,Дунд,Ахисан,Шинжлэх ухаан,Хоббигоо хөгжүүлэх,Видео,7 хоногт 1-2 удаа,Facebook,Заах чадвар: Манлайлал (Дунд). Сурах чадвар: Python (Зорилтот түвшин: Ахисан). Сонирхол: Шинжлэх ухаан. Зорилго: Хоббигоо хөгжүүлэх. Сурах арга: Видео. Боломж: 7 хоногт 1-2 удаа. Хүсэж буй хамтрагчийн түвшин: Ахисан.
SS0641,16,Зураг авах,Байхгүй,Анхан,JavaScript,Суурь,Анхан,Дунд,Дунд,Бүтээлч ажил,Одоогийн чадвараа сайжруулах,Багштай,7 хоногт 3-4 удаа,Telegram,Заах чадвар: Зураг авах (Анхан). Сурах чадвар: JavaScript (Зорилтот түвшин: Суурь). Сонирхол: Бүтээлч ажил. Зорилго: Одоогийн чадвараа сайжруулах. Сурах арга: Багштай. Боломж: 7 хоногт 3-4 удаа. Хүсэж буй хамтрагчийн түвшин: Дунд.
SS0642,18,3D моделчлол,Байхгүй,Анхан,Манлайлал,Дунд,Анхан,Анхан,Ахисан,Контент,Шинэ чадвар сурах,Багштай,7 хоногт 1-2 удаа,Zoom,Заах чадвар: 3D моделчлол (Анхан). Сурах чадвар: Манлайлал (Зорилтот түвшин: Дунд). Сонирхол: Контент. Зорилго: Шинэ чадвар сурах. Сурах арга: Багштай. Боломж: 7 хоногт 1-2 удаа. Хүсэж буй хамтрагчийн түвшин: Ахисан.
SS0643,14,Canva,Байхгүй,Дунд,JavaScript,Суурь,Дунд,Дунд,Дунд,Хөгжим,Ирээдүйн мэргэжилдээ ашиглах,Видео,Амралтын өдөр,Google Meet,Заах чадвар: Canva (Дунд). Сурах чадвар: JavaScript (Зорилтот түвшин: Суурь). Сонирхол: Хөгжим. Зорилго: Ирээдүйн мэргэжилдээ ашиглах. Сурах арга: Видео. Боломж: Амралтын өдөр. Хүсэж буй хамтрагчийн түвшин: Дунд.
SS0644,16,UI/UX дизайн,Байхгүй,Дунд,График дизайн,Ахисан,Анхан,Ахисан,Суурь,Бизнес,Шинэ чадвар сурах,Багштай,Амралтын өдөр,Discord,Заах чадвар: UI/UX дизайн (Анхан). Сурах чадвар: График дизайн (Зорилтот түвшин: Ахисан). Сонирхол: Бизнес. Зорилго: Шинэ чадвар сурах. Сурах арга: Багштай. Боломж: Амралтын өдөр. Хүсэж буй хамтрагчийн түвшин: Суурь.
SS0645,17,Япон хэл,Canva,Суурь,Шатар,Дунд,Суурь,Суурь,Ахисан,Математик,Төсөл хийх,Багштай,7 хоногт 3-4 удаа,Instagram,"Заах чадвар: Япон хэл (Суурь), Хоёрдогч чадвар: Canva. Сурах чадвар: Шатар (Зорилтот түвшин: Дунд). Сонирхол: Математик. Зорилго: Төсөл хийх. Сурах арга: Багштай. Боломж: 7 хоногт 3-4 удаа. Хүсэж буй хамтрагчийн түвшин: Ахисан."
SS0646,16,Figma,Байхгүй,Дунд,Манлайлал,Ахисан,Дунд,Дунд,Ахисан,Шинжлэх ухаан,Хичээлдээ ашиглах,Практик хийж сурах,Өдөр бүр,Messenger,Заах чадвар: Figma (Дунд). Сурах чадвар: Манлайлал (Зорилтот түвшин: Ахисан). Сонирхол: Шинжлэх ухаан. Зорилго: Хичээлдээ ашиглах. Сурах арга: Практик хийж сурах. Боломж: Өдөр бүр. Хүсэж буй хамтрагчийн түвшин: Ахисан.
SS0647,15,Зураг авах,Гитар,Суурь,Математик,Суурь,Суурь,Ахисан,Дунд,Хөгжим,Төсөл хийх,Видео,Өдөр бүр,Facebook,"Заах чадвар: Зураг авах (Суурь), Хоёрдогч чадвар: Гитар. Сурах чадвар: Математик (Зорилтот түвшин: Суурь). Сонирхол: Хөгжим. Зорилго: Төсөл хийх. Сурах арга: Видео. Боломж: Өдөр бүр. Хүсэж буй хамтрагчийн түвшин: Дунд."
SS0648,13,Бичих чадвар,Багаар ажиллах,Дунд,Төгөлдөр хуур,Дунд,Дунд,Суурь,Суурь,Урлаг,Шинэ чадвар сурах,Хамтрагчтай,7 хоногт 3-4 удаа,Telegram,"Заах чадвар: Бичих чадвар (Дунд), Хоёрдогч чадвар: Багаар ажиллах. Сурах чадвар: Төгөлдөр хуур (Зорилтот түвшин: Дунд). Сонирхол: Урлаг. Зорилго: Шинэ чадвар сурах. Сурах арга: Хамтрагчтай. Боломж: 7 хоногт 3-4 удаа. Хүсэж буй хамтрагчийн түвшин: Суурь."
SS0649,14,C++,Байхгүй,Дунд,Солонгос хэл,Ахисан,Дунд,Дунд,Ахисан,Математик,Тэмцээнд бэлдэх,Видео,Өдөр бүр,Zoom,Заах чадвар: C++ (Дунд). Сурах чадвар: Солонгос хэл (Зорилтот түвшин: Ахисан). Сонирхол: Математик. Зорилго: Тэмцээнд бэлдэх. Сурах арга: Видео. Боломж: Өдөр бүр. Хүсэж буй хамтрагчийн түвшин: Ахисан.
SS0650,13,Контент бүтээлт,Видео эвлүүлэг,Дунд,Шатар,Суурь,Дунд,Ахисан,Анхан,Хөгжим,Хичээлдээ ашиглах,Видео,7 хоногт 3-4 удаа,Google Meet,"Заах чадвар: Контент бүтээлт (Дунд), Хоёрдогч чадвар: Видео эвлүүлэг. Сурах чадвар: Шатар (Зорилтот түвшин: Суурь). Сонирхол: Хөгжим. Зорилго: Хичээлдээ ашиглах. Сурах арга: Видео. Боломж: 7 хоногт 3-4 удаа. Хүсэж буй хамтрагчийн түвшин: Анхан."
SS0651,16,Манлайлал,Байхгүй,Анхан,Математик,Дунд,Анхан,Анхан,Дунд,Боловсрол,Хичээлдээ ашиглах,Видео,7 хоногт 3-4 удаа,Discord,Заах чадвар: Манлайлал (Анхан). Сурах чадвар: Математик (Зорилтот түвшин: Дунд). Сонирхол: Боловсрол. Зорилго: Хичээлдээ ашиглах. Сурах арга: Видео. Боломж: 7 хоногт 3-4 удаа. Хүсэж буй хамтрагчийн түвшин: Дунд.
SS0652,14,Илтгэх урлаг,Судалгаа,Анхан,Манлайлал,Дунд,Анхан,Суурь,Дунд,Спорт,Шинэ чадвар сурах,Хамтрагчтай,7 хоногт 3-4 удаа,Instagram,"Заах чадвар: Илтгэх урлаг (Анхан), Хоёрдогч чадвар: Судалгаа. Сурах чадвар: Манлайлал (Зорилтот түвшин: Дунд). Сонирхол: Спорт. Зорилго: Шинэ чадвар сурах. Сурах арга: Хамтрагчтай. Боломж: 7 хоногт 3-4 удаа. Хүсэж буй хамтрагчийн түвшин: Дунд."
SS0653,17,Бичих чадвар,Байхгүй,Суурь,Спорт,Суурь,Суурь,Суурь,Ахисан,Хэл,Тэмцээнд бэлдэх,Багштай,Амралтын өдөр,Messenger,Заах чадвар: Бичих чадвар (Суурь). Сурах чадвар: Спорт (Зорилтот түвшин: Суурь). Сонирхол: Хэл. Зорилго: Тэмцээнд бэлдэх. Сурах арга: Багштай. Боломж: Амралтын өдөр. Хүсэж буй хамтрагчийн түвшин: Ахисан.
SS0654,14,Манлайлал,Байхгүй,Суурь,JavaScript,Ахисан,Суурь,Дунд,Дунд,Медиа,Шинэ чадвар сурах,Хамтрагчтай,Өдөр бүр,Facebook,Заах чадвар: Манлайлал (Суурь). Сурах чадвар: JavaScript (Зорилтот түвшин: Ахисан). Сонирхол: Медиа. Зорилго: Шинэ чадвар сурах. Сурах арга: Хамтрагчтай. Боломж: Өдөр бүр. Хүсэж буй хамтрагчийн түвшин: Дунд.
SS0655,13,Илтгэх урлаг,Байхгүй,Анхан,Figma,Ахисан,Анхан,Суурь,Дунд,Хэл,Хичээлдээ ашиглах,Хамтрагчтай,Өдөр бүр,Telegram,Заах чадвар: Илтгэх урлаг (Анхан). Сурах чадвар: Figma (Зорилтот түвшин: Ахисан). Сонирхол: Хэл. Зорилго: Хичээлдээ ашиглах. Сурах арга: Хамтрагчтай. Боломж: Өдөр бүр. Хүсэж буй хамтрагчийн түвшин: Дунд.
SS0656,15,Figma,Байхгүй,Дунд,Canva,Дунд,Дунд,Ахисан,Ахисан,Хөгжим,Хичээлдээ ашиглах,Хамтрагчтай,7 хоногт 3-4 удаа,Zoom,Заах чадвар: Figma (Дунд). Сурах чадвар: Canva (Зорилтот түвшин: Дунд). Сонирхол: Хөгжим. Зорилго: Хичээлдээ ашиглах. Сурах арга: Хамтрагчтай. Боломж: 7 хоногт 3-4 удаа. Хүсэж буй хамтрагчийн түвшин: Ахисан.
SS0657,18,Excel,Байхгүй,Суурь,Гитар,Ахисан,Суурь,Суурь,Анхан,Контент,Шинэ чадвар сурах,Уншиж сурах,7 хоногт 1-2 удаа,Google Meet,Заах чадвар: Excel (Суурь). Сурах чадвар: Гитар (Зорилтот түвшин: Ахисан). Сонирхол: Контент. Зорилго: Шинэ чадвар сурах. Сурах арга: Уншиж сурах. Боломж: 7 хоногт 1-2 удаа. Хүсэж буй хамтрагчийн түвшин: Анхан.
SS0658,14,UI/UX дизайн,Байхгүй,Дунд,Илтгэх урлаг,Ахисан,Дунд,Дунд,Суурь,Хөгжим,Хоббигоо хөгжүүлэх,Практик хийж сурах,7 хоногт 1-2 удаа,Discord,Заах чадвар: UI/UX дизайн (Дунд). Сурах чадвар: Илтгэх урлаг (Зорилтот түвшин: Ахисан). Сонирхол: Хөгжим. Зорилго: Хоббигоо хөгжүүлэх. Сурах арга: Практик хийж сурах. Боломж: 7 хоногт 1-2 удаа. Хүсэж буй хамтрагчийн түвшин: Суурь.
SS0659,15,Python,Байхгүй,Суурь,Вэб хөгжүүлэлт,Дунд,Суурь,Ахисан,Дунд,Хөгжим,Хоббигоо хөгжүүлэх,Видео,Өдөр бүр,Instagram,Заах чадвар: Python (Суурь). Сурах чадвар: Вэб хөгжүүлэлт (Зорилтот түвшин: Дунд). Сонирхол: Хөгжим. Зорилго: Хоббигоо хөгжүүлэх. Сурах арга: Видео. Боломж: Өдөр бүр. Хүсэж буй хамтрагчийн түвшин: Дунд.
SS0660,16,Солонгос хэл,Байхгүй,Анхан,Гитар,Ахисан,Анхан,Анхан,Суурь,Боловсрол,Төсөл хийх,Видео,Амралтын өдөр,Messenger,Заах чадвар: Солонгос хэл (Анхан). Сурах чадвар: Гитар (Зорилтот түвшин: Ахисан). Сонирхол: Боловсрол. Зорилго: Төсөл хийх. Сурах арга: Видео. Боломж: Амралтын өдөр. Хүсэж буй хамтрагчийн түвшин: Суурь.
SS0661,15,Сошиал медиа,Байхгүй,Суурь,Спорт,Дунд,Суурь,Суурь,Ахисан,Програмчлал,Хичээлдээ ашиглах,Хамтрагчтай,7 хоногт 3-4 удаа,Facebook,Заах чадвар: Сошиал медиа (Суурь). Сурах чадвар: Спорт (Зорилтот түвшин: Дунд). Сонирхол: Програмчлал. Зорилго: Хичээлдээ ашиглах. Сурах арга: Хамтрагчтай. Боломж: 7 хоногт 3-4 удаа. Хүсэж буй хамтрагчийн түвшин: Ахисан.
SS0662,15,JavaScript,Байхгүй,Суурь,Шатар,Суурь,Суурь,Дунд,Анхан,Хэл,Шинэ чадвар сурах,Багштай,Амралтын өдөр,Telegram,Заах чадвар: JavaScript (Суурь). Сурах чадвар: Шатар (Зорилтот түвшин: Суурь). Сонирхол: Хэл. Зорилго: Шинэ чадвар сурах. Сурах арга: Багштай. Боломж: Амралтын өдөр. Хүсэж буй хамтрагчийн түвшин: Анхан.
SS0663,15,Вэб хөгжүүлэлт,Байхгүй,Суурь,Excel,Ахисан,Суурь,Ахисан,Дунд,Контент,Хоббигоо хөгжүүлэх,Хамтрагчтай,Амралтын өдөр,Zoom,Заах чадвар: Вэб хөгжүүлэлт (Суурь). Сурах чадвар: Excel (Зорилтот түвшин: Ахисан). Сонирхол: Контент. Зорилго: Хоббигоо хөгжүүлэх. Сурах арга: Хамтрагчтай. Боломж: Амралтын өдөр. Хүсэж буй хамтрагчийн түвшин: Дунд.
SS0664,18,3D моделчлол,Байхгүй,Ахисан,C++,Суурь,Ахисан,Дунд,Ахисан,Хэл,Тэмцээнд бэлдэх,Хамтрагчтай,7 хоногт 3-4 удаа,Google Meet,Заах чадвар: 3D моделчлол (Ахисан). Сурах чадвар: C++ (Зорилтот түвшин: Суурь). Сонирхол: Хэл. Зорилго: Тэмцээнд бэлдэх. Сурах арга: Хамтрагчтай. Боломж: 7 хоногт 3-4 удаа. Хүсэж буй хамтрагчийн түвшин: Ахисан.
SS0665,16,Зураг авах,Байхгүй,Суурь,Спорт,Ахисан,Суурь,Суурь,Ахисан,Хэл,Шинэ чадвар сурах,Хамтрагчтай,7 хоногт 1-2 удаа,Discord,Заах чадвар: Зураг авах (Суурь). Сурах чадвар: Спорт (Зорилтот түвшин: Ахисан). Сонирхол: Хэл. Зорилго: Шинэ чадвар сурах. Сурах арга: Хамтрагчтай. Боломж: 7 хоногт 1-2 удаа. Хүсэж буй хамтрагчийн түвшин: Ахисан.
SS0666,13,Видео эвлүүлэг,Байхгүй,Суурь,Зураг авах,Дунд,Суурь,Дунд,Анхан,Бизнес,Тэмцээнд бэлдэх,Практик хийж сурах,7 хоногт 1-2 удаа,Instagram,Заах чадвар: Видео эвлүүлэг (Суурь). Сурах чадвар: Зураг авах (Зорилтот түвшин: Дунд). Сонирхол: Бизнес. Зорилго: Тэмцээнд бэлдэх. Сурах арга: Практик хийж сурах. Боломж: 7 хоногт 1-2 удаа. Хүсэж буй хамтрагчийн түвшин: Анхан.
SS0667,15,Сошиал медиа,Зурах,Суурь,Зураг авах,Суурь,Суурь,Ахисан,Дунд,Бүтээлч ажил,Шинэ чадвар сурах,Багштай,Өдөр бүр,Messenger,"Заах чадвар: Сошиал медиа (Суурь), Хоёрдогч чадвар: Зурах. Сурах чадвар: Зураг авах (Зорилтот түвшин: Суурь). Сонирхол: Бүтээлч ажил. Зорилго: Шинэ чадвар сурах. Сурах арга: Багштай. Боломж: Өдөр бүр. Хүсэж буй хамтрагчийн түвшин: Дунд."
SS0668,15,График дизайн,JavaScript,Суурь,Багаар ажиллах,Дунд,Суурь,Анхан,Суурь,Бүтээлч ажил,Хоббигоо хөгжүүлэх,Хамтрагчтай,7 хоногт 3-4 удаа,Facebook,"Заах чадвар: График дизайн (Суурь), Хоёрдогч чадвар: JavaScript. Сурах чадвар: Багаар ажиллах (Зорилтот түвшин: Дунд). Сонирхол: Бүтээлч ажил. Зорилго: Хоббигоо хөгжүүлэх. Сурах арга: Хамтрагчтай. Боломж: 7 хоногт 3-4 удаа. Хүсэж буй хамтрагчийн түвшин: Суурь."
SS0669,18,JavaScript,Байхгүй,Суурь,Гитар,Суурь,Суурь,Суурь,Суурь,Медиа,Тэмцээнд бэлдэх,Хамтрагчтай,Амралтын өдөр,Telegram,Заах чадвар: JavaScript (Суурь). Сурах чадвар: Гитар (Зорилтот түвшин: Суурь). Сонирхол: Медиа. Зорилго: Тэмцээнд бэлдэх. Сурах арга: Хамтрагчтай. Боломж: Амралтын өдөр. Хүсэж буй хамтрагчийн түвшин: Суурь.
SS0670,18,Багаар ажиллах,Байхгүй,Анхан,Canva,Ахисан,Анхан,Суурь,Дунд,Урлаг,Ирээдүйн мэргэжилдээ ашиглах,Уншиж сурах,Өдөр бүр,Zoom,Заах чадвар: Багаар ажиллах (Анхан). Сурах чадвар: Canva (Зорилтот түвшин: Ахисан). Сонирхол: Урлаг. Зорилго: Ирээдүйн мэргэжилдээ ашиглах. Сурах арга: Уншиж сурах. Боломж: Өдөр бүр. Хүсэж буй хамтрагчийн түвшин: Дунд.
SS0671,17,UI/UX дизайн,3D моделчлол,Анхан,Гитар,Суурь,Анхан,Дунд,Суурь,Медиа,Шинэ чадвар сурах,Багштай,Өдөр бүр,Google Meet,"Заах чадвар: UI/UX дизайн (Анхан), Хоёрдогч чадвар: 3D моделчлол. Сурах чадвар: Гитар (Зорилтот түвшин: Суурь). Сонирхол: Медиа. Зорилго: Шинэ чадвар сурах. Сурах арга: Багштай. Боломж: Өдөр бүр. Хүсэж буй хамтрагчийн түвшин: Суурь."
SS0672,13,Python,Байхгүй,Анхан,Япон хэл,Ахисан,Анхан,Анхан,Анхан,Бизнес,Тэмцээнд бэлдэх,Багштай,Өдөр бүр,Discord,Заах чадвар: Python (Анхан). Сурах чадвар: Япон хэл (Зорилтот түвшин: Ахисан). Сонирхол: Бизнес. Зорилго: Тэмцээнд бэлдэх. Сурах арга: Багштай. Боломж: Өдөр бүр. Хүсэж буй хамтрагчийн түвшин: Анхан.
SS0673,15,Илтгэх урлаг,Python,Дунд,Excel,Суурь,Дунд,Дунд,Суурь,Урлаг,Төсөл хийх,Хамтрагчтай,7 хоногт 3-4 удаа,Instagram,"Заах чадвар: Илтгэх урлаг (Дунд), Хоёрдогч чадвар: Python. Сурах чадвар: Excel (Зорилтот түвшин: Суурь). Сонирхол: Урлаг. Зорилго: Төсөл хийх. Сурах арга: Хамтрагчтай. Боломж: 7 хоногт 3-4 удаа. Хүсэж буй хамтрагчийн түвшин: Суурь."
SS0674,13,Англи хэл,Байхгүй,Анхан,Япон хэл,Дунд,Суурь,Дунд,Ахисан,Хэл,Төсөл хийх,Видео,Өдөр бүр,Messenger,Заах чадвар: Англи хэл (Суурь). Сурах чадвар: Япон хэл (Зорилтот түвшин: Дунд). Сонирхол: Хэл. Зорилго: Төсөл хийх. Сурах арга: Видео. Боломж: Өдөр бүр. Хүсэж буй хамтрагчийн түвшин: Ахисан.
SS0675,13,Видео эвлүүлэг,Canva,Суурь,Бичих чадвар,Суурь,Суурь,Ахисан,Ахисан,Медиа,Тэмцээнд бэлдэх,Хамтрагчтай,7 хоногт 3-4 удаа,Facebook,"Заах чадвар: Видео эвлүүлэг (Суурь), Хоёрдогч чадвар: Canva. Сурах чадвар: Бичих чадвар (Зорилтот түвшин: Суурь). Сонирхол: Медиа. Зорилго: Тэмцээнд бэлдэх. Сурах арга: Хамтрагчтай. Боломж: 7 хоногт 3-4 удаа. Хүсэж буй хамтрагчийн түвшин: Ахисан."
SS0676,13,Видео эвлүүлэг,JavaScript,Суурь,Япон хэл,Ахисан,Суурь,Анхан,Анхан,Шинжлэх ухаан,Ирээдүйн мэргэжилдээ ашиглах,Видео,7 хоногт 1-2 удаа,Telegram,"Заах чадвар: Видео эвлүүлэг (Суурь), Хоёрдогч чадвар: JavaScript. Сурах чадвар: Япон хэл (Зорилтот түвшин: Ахисан). Сонирхол: Шинжлэх ухаан. Зорилго: Ирээдүйн мэргэжилдээ ашиглах. Сурах арга: Видео. Боломж: 7 хоногт 1-2 удаа. Хүсэж буй хамтрагчийн түвшин: Анхан."
SS0677,16,Физик,Байхгүй,Дунд,Сошиал медиа,Суурь,Дунд,Ахисан,Суурь,Бүтээлч ажил,Хоббигоо хөгжүүлэх,Хамтрагчтай,7 хоногт 3-4 удаа,Zoom,Заах чадвар: Физик (Дунд). Сурах чадвар: Сошиал медиа (Зорилтот түвшин: Суурь). Сонирхол: Бүтээлч ажил. Зорилго: Хоббигоо хөгжүүлэх. Сурах арга: Хамтрагчтай. Боломж: 7 хоногт 3-4 удаа. Хүсэж буй хамтрагчийн түвшин: Суурь.
SS0678,16,Бичих чадвар,Байхгүй,Дунд,3D моделчлол,Дунд,Дунд,Суурь,Дунд,Технологи,Хоббигоо хөгжүүлэх,Видео,Амралтын өдөр,Google Meet,Заах чадвар: Бичих чадвар (Дунд). Сурах чадвар: 3D моделчлол (Зорилтот түвшин: Дунд). Сонирхол: Технологи. Зорилго: Хоббигоо хөгжүүлэх. Сурах арга: Видео. Боломж: Амралтын өдөр. Хүсэж буй хамтрагчийн түвшин: Дунд.
SS0679,18,Хөгжим,JavaScript,Суурь,Англи хэл,Дунд,Суурь,Ахисан,Суурь,Бүтээлч ажил,Шинэ чадвар сурах,Уншиж сурах,7 хоногт 1-2 удаа,Discord,"Заах чадвар: Хөгжим (Суурь), Хоёрдогч чадвар: JavaScript. Сурах чадвар: Англи хэл (Зорилтот түвшин: Дунд). Сонирхол: Бүтээлч ажил. Зорилго: Шинэ чадвар сурах. Сурах арга: Уншиж сурах. Боломж: 7 хоногт 1-2 удаа. Хүсэж буй хамтрагчийн түвшин: Суурь."
SS0680,13,Спорт,Байхгүй,Суурь,UI/UX дизайн,Ахисан,Суурь,Анхан,Дунд,Хөгжим,Одоогийн чадвараа сайжруулах,Практик хийж сурах,Амралтын өдөр,Instagram,Заах чадвар: Спорт (Суурь). Сурах чадвар: UI/UX дизайн (Зорилтот түвшин: Ахисан). Сонирхол: Хөгжим. Зорилго: Одоогийн чадвараа сайжруулах. Сурах арга: Практик хийж сурах. Боломж: Амралтын өдөр. Хүсэж буй хамтрагчийн түвшин: Дунд.
SS0681,15,Багаар ажиллах,Байхгүй,Дунд,Гитар,Ахисан,Дунд,Суурь,Дунд,Бизнес,Тэмцээнд бэлдэх,Практик хийж сурах,7 хоногт 3-4 удаа,Messenger,Заах чадвар: Багаар ажиллах (Дунд). Сурах чадвар: Гитар (Зорилтот түвшин: Ахисан). Сонирхол: Бизнес. Зорилго: Тэмцээнд бэлдэх. Сурах арга: Практик хийж сурах. Боломж: 7 хоногт 3-4 удаа. Хүсэж буй хамтрагчийн түвшин: Дунд.
SS0682,13,Python,Вэб хөгжүүлэлт,Дунд,Спорт,Суурь,Дунд,Дунд,Ахисан,Контент,Хоббигоо хөгжүүлэх,Хамтрагчтай,Амралтын өдөр,Facebook,"Заах чадвар: Python (Дунд), Хоёрдогч чадвар: Вэб хөгжүүлэлт. Сурах чадвар: Спорт (Зорилтот түвшин: Суурь). Сонирхол: Контент. Зорилго: Хоббигоо хөгжүүлэх. Сурах арга: Хамтрагчтай. Боломж: Амралтын өдөр. Хүсэж буй хамтрагчийн түвшин: Ахисан."
SS0683,13,UI/UX дизайн,Байхгүй,Дунд,График дизайн,Дунд,Дунд,Ахисан,Ахисан,Програмчлал,Хоббигоо хөгжүүлэх,Видео,7 хоногт 1-2 удаа,Telegram,Заах чадвар: UI/UX дизайн (Дунд). Сурах чадвар: График дизайн (Зорилтот түвшин: Дунд). Сонирхол: Програмчлал. Зорилго: Хоббигоо хөгжүүлэх. Сурах арга: Видео. Боломж: 7 хоногт 1-2 удаа. Хүсэж буй хамтрагчийн түвшин: Ахисан.
SS0684,13,Контент бүтээлт,Байхгүй,Анхан,Зурах,Дунд,Анхан,Анхан,Анхан,Шинжлэх ухаан,Одоогийн чадвараа сайжруулах,Багштай,Өдөр бүр,Zoom,Заах чадвар: Контент бүтээлт (Анхан). Сурах чадвар: Зурах (Зорилтот түвшин: Дунд). Сонирхол: Шинжлэх ухаан. Зорилго: Одоогийн чадвараа сайжруулах. Сурах арга: Багштай. Боломж: Өдөр бүр. Хүсэж буй хамтрагчийн түвшин: Анхан.
SS0685,17,Шатар,Байхгүй,Дунд,Солонгос хэл,Дунд,Дунд,Дунд,Дунд,Медиа,Тэмцээнд бэлдэх,Уншиж сурах,7 хоногт 3-4 удаа,Google Meet,Заах чадвар: Шатар (Дунд). Сурах чадвар: Солонгос хэл (Зорилтот түвшин: Дунд). Сонирхол: Медиа. Зорилго: Тэмцээнд бэлдэх. Сурах арга: Уншиж сурах. Боломж: 7 хоногт 3-4 удаа. Хүсэж буй хамтрагчийн түвшин: Дунд.
SS0686,13,Вэб хөгжүүлэлт,Байхгүй,Дунд,Япон хэл,Ахисан,Дунд,Ахисан,Ахисан,Контент,Ирээдүйн мэргэжилдээ ашиглах,Видео,7 хоногт 1-2 удаа,Discord,Заах чадвар: Вэб хөгжүүлэлт (Дунд). Сурах чадвар: Япон хэл (Зорилтот түвшин: Ахисан). Сонирхол: Контент. Зорилго: Ирээдүйн мэргэжилдээ ашиглах. Сурах арга: Видео. Боломж: 7 хоногт 1-2 удаа. Хүсэж буй хамтрагчийн түвшин: Ахисан.
SS0687,13,Англи хэл,Сошиал медиа,Суурь,3D моделчлол,Суурь,Суурь,Ахисан,Суурь,Боловсрол,Төсөл хийх,Видео,7 хоногт 3-4 удаа,Instagram,"Заах чадвар: Англи хэл (Суурь), Хоёрдогч чадвар: Сошиал медиа. Сурах чадвар: 3D моделчлол (Зорилтот түвшин: Суурь). Сонирхол: Боловсрол. Зорилго: Төсөл хийх. Сурах арга: Видео. Боломж: 7 хоногт 3-4 удаа. Хүсэж буй хамтрагчийн түвшин: Суурь."
SS0688,18,Багаар ажиллах,Байхгүй,Суурь,JavaScript,Ахисан,Суурь,Анхан,Ахисан,Математик,Шинэ чадвар сурах,Практик хийж сурах,Амралтын өдөр,Messenger,Заах чадвар: Багаар ажиллах (Суурь). Сурах чадвар: JavaScript (Зорилтот түвшин: Ахисан). Сонирхол: Математик. Зорилго: Шинэ чадвар сурах. Сурах арга: Практик хийж сурах. Боломж: Амралтын өдөр. Хүсэж буй хамтрагчийн түвшин: Ахисан.
SS0689,16,Хөгжим,Байхгүй,Анхан,Төгөлдөр хуур,Суурь,Анхан,Дунд,Дунд,Програмчлал,Тэмцээнд бэлдэх,Хамтрагчтай,Амралтын өдөр,Facebook,Заах чадвар: Хөгжим (Анхан). Сурах чадвар: Төгөлдөр хуур (Зорилтот түвшин: Суурь). Сонирхол: Програмчлал. Зорилго: Тэмцээнд бэлдэх. Сурах арга: Хамтрагчтай. Боломж: Амралтын өдөр. Хүсэж буй хамтрагчийн түвшин: Дунд.
SS0690,16,JavaScript,Шатар,Анхан,Сошиал медиа,Дунд,Анхан,Анхан,Дунд,Бизнес,Одоогийн чадвараа сайжруулах,Видео,Амралтын өдөр,Telegram,"Заах чадвар: JavaScript (Анхан), Хоёрдогч чадвар: Шатар. Сурах чадвар: Сошиал медиа (Зорилтот түвшин: Дунд). Сонирхол: Бизнес. Зорилго: Одоогийн чадвараа сайжруулах. Сурах арга: Видео. Боломж: Амралтын өдөр. Хүсэж буй хамтрагчийн түвшин: Дунд."
SS0691,13,График дизайн,Байхгүй,Анхан,Судалгаа,Суурь,Анхан,Суурь,Анхан,Хэл,Шинэ чадвар сурах,Практик хийж сурах,7 хоногт 1-2 удаа,Zoom,Заах чадвар: График дизайн (Анхан). Сурах чадвар: Судалгаа (Зорилтот түвшин: Суурь). Сонирхол: Хэл. Зорилго: Шинэ чадвар сурах. Сурах арга: Практик хийж сурах. Боломж: 7 хоногт 1-2 удаа. Хүсэж буй хамтрагчийн түвшин: Анхан.
SS0692,15,Python,Байхгүй,Анхан,JavaScript,Суурь,Анхан,Дунд,Анхан,Дизайн,Хоббигоо хөгжүүлэх,Уншиж сурах,7 хоногт 1-2 удаа,Google Meet,Заах чадвар: Python (Анхан). Сурах чадвар: JavaScript (Зорилтот түвшин: Суурь). Сонирхол: Дизайн. Зорилго: Хоббигоо хөгжүүлэх. Сурах арга: Уншиж сурах. Боломж: 7 хоногт 1-2 удаа. Хүсэж буй хамтрагчийн түвшин: Анхан.
SS0693,17,Контент бүтээлт,Байхгүй,Анхан,Илтгэх урлаг,Дунд,Анхан,Анхан,Анхан,Медиа,Ирээдүйн мэргэжилдээ ашиглах,Видео,Амралтын өдөр,Discord,Заах чадвар: Контент бүтээлт (Анхан). Сурах чадвар: Илтгэх урлаг (Зорилтот түвшин: Дунд). Сонирхол: Медиа. Зорилго: Ирээдүйн мэргэжилдээ ашиглах. Сурах арга: Видео. Боломж: Амралтын өдөр. Хүсэж буй хамтрагчийн түвшин: Анхан.
SS0694,14,График дизайн,Байхгүй,Суурь,Вэб хөгжүүлэлт,Дунд,Суурь,Дунд,Анхан,Технологи,Шинэ чадвар сурах,Практик хийж сурах,Амралтын өдөр,Instagram,Заах чадвар: График дизайн (Суурь). Сурах чадвар: Вэб хөгжүүлэлт (Зорилтот түвшин: Дунд). Сонирхол: Технологи. Зорилго: Шинэ чадвар сурах. Сурах арга: Практик хийж сурах. Боломж: Амралтын өдөр. Хүсэж буй хамтрагчийн түвшин: Анхан.
SS0695,13,Гитар,Байхгүй,Суурь,Вэб хөгжүүлэлт,Дунд,Суурь,Ахисан,Ахисан,Шинжлэх ухаан,Тэмцээнд бэлдэх,Хамтрагчтай,Өдөр бүр,Messenger,Заах чадвар: Гитар (Суурь). Сурах чадвар: Вэб хөгжүүлэлт (Зорилтот түвшин: Дунд). Сонирхол: Шинжлэх ухаан. Зорилго: Тэмцээнд бэлдэх. Сурах арга: Хамтрагчтай. Боломж: Өдөр бүр. Хүсэж буй хамтрагчийн түвшин: Ахисан.
SS0696,18,Excel,Байхгүй,Дунд,Контент бүтээлт,Суурь,Дунд,Суурь,Суурь,Дизайн,Ирээдүйн мэргэжилдээ ашиглах,Хамтрагчтай,7 хоногт 1-2 удаа,Facebook,Заах чадвар: Excel (Дунд). Сурах чадвар: Контент бүтээлт (Зорилтот түвшин: Суурь). Сонирхол: Дизайн. Зорилго: Ирээдүйн мэргэжилдээ ашиглах. Сурах арга: Хамтрагчтай. Боломж: 7 хоногт 1-2 удаа. Хүсэж буй хамтрагчийн түвшин: Суурь.
SS0697,17,Видео эвлүүлэг,Шатар,Анхан,Зураг авах,Ахисан,Суурь,Суурь,Ахисан,Хөгжим,Тэмцээнд бэлдэх,Практик хийж сурах,7 хоногт 1-2 удаа,Telegram,"Заах чадвар: Видео эвлүүлэг (Суурь), Хоёрдогч чадвар: Шатар. Сурах чадвар: Зураг авах (Зорилтот түвшин: Ахисан). Сонирхол: Хөгжим. Зорилго: Тэмцээнд бэлдэх. Сурах арга: Практик хийж сурах. Боломж: 7 хоногт 1-2 удаа. Хүсэж буй хамтрагчийн түвшин: Ахисан."
SS0698,14,Спорт,Байхгүй,Анхан,Зурах,Ахисан,Анхан,Дунд,Суурь,Контент,Төсөл хийх,Хамтрагчтай,7 хоногт 1-2 удаа,Zoom,Заах чадвар: Спорт (Анхан). Сурах чадвар: Зурах (Зорилтот түвшин: Ахисан). Сонирхол: Контент. Зорилго: Төсөл хийх. Сурах арга: Хамтрагчтай. Боломж: 7 хоногт 1-2 удаа. Хүсэж буй хамтрагчийн түвшин: Суурь.
SS0699,13,Зураг авах,Байхгүй,Суурь,JavaScript,Ахисан,Суурь,Ахисан,Анхан,Програмчлал,Одоогийн чадвараа сайжруулах,Уншиж сурах,Өдөр бүр,Google Meet,Заах чадвар: Зураг авах (Суурь). Сурах чадвар: JavaScript (Зорилтот түвшин: Ахисан). Сонирхол: Програмчлал. Зорилго: Одоогийн чадвараа сайжруулах. Сурах арга: Уншиж сурах. Боломж: Өдөр бүр. Хүсэж буй хамтрагчийн түвшин: Анхан.
SS0700,13,Figma,Математик,Дунд,Бичих чадвар,Суурь,Дунд,Дунд,Дунд,Програмчлал,Ирээдүйн мэргэжилдээ ашиглах,Багштай,Амралтын өдөр,Discord,"Заах чадвар: Figma (Дунд), Хоёрдогч чадвар: Математик. Сурах чадвар: Бичих чадвар (Зорилтот түвшин: Суурь). Сонирхол: Програмчлал. Зорилго: Ирээдүйн мэргэжилдээ ашиглах. Сурах арга: Багштай. Боломж: Амралтын өдөр. Хүсэж буй хамтрагчийн түвшин: Дунд."
SS0701,15,Манлайлал,Байхгүй,Суурь,3D моделчлол,Суурь,Суурь,Суурь,Анхан,Дизайн,Одоогийн чадвараа сайжруулах,Видео,Амралтын өдөр,Instagram,Заах чадвар: Манлайлал (Суурь). Сурах чадвар: 3D моделчлол (Зорилтот түвшин: Суурь). Сонирхол: Дизайн. Зорилго: Одоогийн чадвараа сайжруулах. Сурах арга: Видео. Боломж: Амралтын өдөр. Хүсэж буй хамтрагчийн түвшин: Анхан.
SS0702,16,Хөгжим,Байхгүй,Суурь,Физик,Дунд,Суурь,Дунд,Суурь,Медиа,Тэмцээнд бэлдэх,Багштай,7 хоногт 3-4 удаа,Messenger,Заах чадвар: Хөгжим (Суурь). Сурах чадвар: Физик (Зорилтот түвшин: Дунд). Сонирхол: Медиа. Зорилго: Тэмцээнд бэлдэх. Сурах арга: Багштай. Боломж: 7 хоногт 3-4 удаа. Хүсэж буй хамтрагчийн түвшин: Суурь.
SS0703,13,Контент бүтээлт,Байхгүй,Анхан,Python,Дунд,Анхан,Суурь,Анхан,Дизайн,Шинэ чадвар сурах,Уншиж сурах,7 хоногт 1-2 удаа,Facebook,Заах чадвар: Контент бүтээлт (Анхан). Сурах чадвар: Python (Зорилтот түвшин: Дунд). Сонирхол: Дизайн. Зорилго: Шинэ чадвар сурах. Сурах арга: Уншиж сурах. Боломж: 7 хоногт 1-2 удаа. Хүсэж буй хамтрагчийн түвшин: Анхан.
SS0704,14,Математик,Байхгүй,Анхан,Физик,Ахисан,Анхан,Дунд,Суурь,Шинжлэх ухаан,Шинэ чадвар сурах,Уншиж сурах,7 хоногт 3-4 удаа,Telegram,Заах чадвар: Математик (Анхан). Сурах чадвар: Физик (Зорилтот түвшин: Ахисан). Сонирхол: Шинжлэх ухаан. Зорилго: Шинэ чадвар сурах. Сурах арга: Уншиж сурах. Боломж: 7 хоногт 3-4 удаа. Хүсэж буй хамтрагчийн түвшин: Суурь.
SS0705,18,Контент бүтээлт,Байхгүй,Анхан,Солонгос хэл,Дунд,Анхан,Анхан,Дунд,Шинжлэх ухаан,Одоогийн чадвараа сайжруулах,Практик хийж сурах,Амралтын өдөр,Zoom,Заах чадвар: Контент бүтээлт (Анхан). Сурах чадвар: Солонгос хэл (Зорилтот түвшин: Дунд). Сонирхол: Шинжлэх ухаан. Зорилго: Одоогийн чадвараа сайжруулах. Сурах арга: Практик хийж сурах. Боломж: Амралтын өдөр. Хүсэж буй хамтрагчийн түвшин: Дунд.
SS0706,18,Сошиал медиа,Байхгүй,Ахисан,Бичих чадвар,Суурь,Ахисан,Дунд,Ахисан,Хэл,Одоогийн чадвараа сайжруулах,Уншиж сурах,7 хоногт 3-4 удаа,Google Meet,Заах чадвар: Сошиал медиа (Ахисан). Сурах чадвар: Бичих чадвар (Зорилтот түвшин: Суурь). Сонирхол: Хэл. Зорилго: Одоогийн чадвараа сайжруулах. Сурах арга: Уншиж сурах. Боломж: 7 хоногт 3-4 удаа. Хүсэж буй хамтрагчийн түвшин: Ахисан.
SS0707,13,Төгөлдөр хуур,Байхгүй,Суурь,Бичих чадвар,Ахисан,Суурь,Ахисан,Суурь,Шинжлэх ухаан,Хоббигоо хөгжүүлэх,Хамтрагчтай,7 хоногт 1-2 удаа,Discord,Заах чадвар: Төгөлдөр хуур (Суурь). Сурах чадвар: Бичих чадвар (Зорилтот түвшин: Ахисан). Сонирхол: Шинжлэх ухаан. Зорилго: Хоббигоо хөгжүүлэх. Сурах арга: Хамтрагчтай. Боломж: 7 хоногт 1-2 удаа. Хүсэж буй хамтрагчийн түвшин: Суурь.
SS0708,17,Илтгэх урлаг,Манлайлал,Суурь,Физик,Дунд,Суурь,Анхан,Анхан,Шинжлэх ухаан,Хоббигоо хөгжүүлэх,Видео,Амралтын өдөр,Instagram,"Заах чадвар: Илтгэх урлаг (Суурь), Хоёрдогч чадвар: Манлайлал. Сурах чадвар: Физик (Зорилтот түвшин: Дунд). Сонирхол: Шинжлэх ухаан. Зорилго: Хоббигоо хөгжүүлэх. Сурах арга: Видео. Боломж: Амралтын өдөр. Хүсэж буй хамтрагчийн түвшин: Анхан."
SS0709,16,Англи хэл,Байхгүй,Дунд,UI/UX дизайн,Дунд,Дунд,Дунд,Ахисан,Хэл,Ирээдүйн мэргэжилдээ ашиглах,Практик хийж сурах,7 хоногт 1-2 удаа,Messenger,Заах чадвар: Англи хэл (Дунд). Сурах чадвар: UI/UX дизайн (Зорилтот түвшин: Дунд). Сонирхол: Хэл. Зорилго: Ирээдүйн мэргэжилдээ ашиглах. Сурах арга: Практик хийж сурах. Боломж: 7 хоногт 1-2 удаа. Хүсэж буй хамтрагчийн түвшин: Ахисан.
SS0710,17,Төгөлдөр хуур,Байхгүй,Суурь,C++,Суурь,Суурь,Дунд,Суурь,Шинжлэх ухаан,Тэмцээнд бэлдэх,Уншиж сурах,7 хоногт 3-4 удаа,Facebook,Заах чадвар: Төгөлдөр хуур (Суурь). Сурах чадвар: C++ (Зорилтот түвшин: Суурь). Сонирхол: Шинжлэх ухаан. Зорилго: Тэмцээнд бэлдэх. Сурах арга: Уншиж сурах. Боломж: 7 хоногт 3-4 удаа. Хүсэж буй хамтрагчийн түвшин: Суурь.
SS0711,15,Canva,Байхгүй,Дунд,Математик,Ахисан,Дунд,Суурь,Ахисан,Урлаг,Төсөл хийх,Уншиж сурах,Өдөр бүр,Telegram,Заах чадвар: Canva (Дунд). Сурах чадвар: Математик (Зорилтот түвшин: Ахисан). Сонирхол: Урлаг. Зорилго: Төсөл хийх. Сурах арга: Уншиж сурах. Боломж: Өдөр бүр. Хүсэж буй хамтрагчийн түвшин: Ахисан.
SS0712,15,JavaScript,Байхгүй,Анхан,Бичих чадвар,Дунд,Анхан,Суурь,Ахисан,Дизайн,Төсөл хийх,Багштай,Амралтын өдөр,Zoom,Заах чадвар: JavaScript (Анхан). Сурах чадвар: Бичих чадвар (Зорилтот түвшин: Дунд). Сонирхол: Дизайн. Зорилго: Төсөл хийх. Сурах арга: Багштай. Боломж: Амралтын өдөр. Хүсэж буй хамтрагчийн түвшин: Ахисан.
SS0713,18,Илтгэх урлаг,Байхгүй,Анхан,Солонгос хэл,Дунд,Анхан,Дунд,Дунд,Урлаг,Хоббигоо хөгжүүлэх,Практик хийж сурах,Өдөр бүр,Google Meet,Заах чадвар: Илтгэх урлаг (Анхан). Сурах чадвар: Солонгос хэл (Зорилтот түвшин: Дунд). Сонирхол: Урлаг. Зорилго: Хоббигоо хөгжүүлэх. Сурах арга: Практик хийж сурах. Боломж: Өдөр бүр. Хүсэж буй хамтрагчийн түвшин: Дунд.
SS0714,15,Судалгаа,График дизайн,Суурь,Физик,Ахисан,Суурь,Дунд,Дунд,Бизнес,Хичээлдээ ашиглах,Практик хийж сурах,7 хоногт 1-2 удаа,Discord,"Заах чадвар: Судалгаа (Суурь), Хоёрдогч чадвар: График дизайн. Сурах чадвар: Физик (Зорилтот түвшин: Ахисан). Сонирхол: Бизнес. Зорилго: Хичээлдээ ашиглах. Сурах арга: Практик хийж сурах. Боломж: 7 хоногт 1-2 удаа. Хүсэж буй хамтрагчийн түвшин: Дунд."
SS0715,13,Математик,Байхгүй,Анхан,Спорт,Дунд,Анхан,Суурь,Анхан,Бүтээлч ажил,Тэмцээнд бэлдэх,Практик хийж сурах,Амралтын өдөр,Instagram,Заах чадвар: Математик (Анхан). Сурах чадвар: Спорт (Зорилтот түвшин: Дунд). Сонирхол: Бүтээлч ажил. Зорилго: Тэмцээнд бэлдэх. Сурах арга: Практик хийж сурах. Боломж: Амралтын өдөр. Хүсэж буй хамтрагчийн түвшин: Анхан.
SS0716,16,C++,Байхгүй,Дунд,Гитар,Суурь,Дунд,Ахисан,Ахисан,Боловсрол,Одоогийн чадвараа сайжруулах,Уншиж сурах,Амралтын өдөр,Messenger,Заах чадвар: C++ (Дунд). Сурах чадвар: Гитар (Зорилтот түвшин: Суурь). Сонирхол: Боловсрол. Зорилго: Одоогийн чадвараа сайжруулах. Сурах арга: Уншиж сурах. Боломж: Амралтын өдөр. Хүсэж буй хамтрагчийн түвшин: Ахисан.
SS0717,14,Спорт,Байхгүй,Дунд,Манлайлал,Ахисан,Дунд,Суурь,Анхан,Контент,Тэмцээнд бэлдэх,Уншиж сурах,Амралтын өдөр,Facebook,Заах чадвар: Спорт (Дунд). Сурах чадвар: Манлайлал (Зорилтот түвшин: Ахисан). Сонирхол: Контент. Зорилго: Тэмцээнд бэлдэх. Сурах арга: Уншиж сурах. Боломж: Амралтын өдөр. Хүсэж буй хамтрагчийн түвшин: Анхан.
SS0718,16,Бичих чадвар,Байхгүй,Анхан,Зураг авах,Дунд,Анхан,Суурь,Ахисан,Бизнес,Тэмцээнд бэлдэх,Уншиж сурах,Амралтын өдөр,Telegram,Заах чадвар: Бичих чадвар (Анхан). Сурах чадвар: Зураг авах (Зорилтот түвшин: Дунд). Сонирхол: Бизнес. Зорилго: Тэмцээнд бэлдэх. Сурах арга: Уншиж сурах. Боломж: Амралтын өдөр. Хүсэж буй хамтрагчийн түвшин: Ахисан.
SS0719,17,Шатар,Байхгүй,Суурь,Сошиал медиа,Суурь,Суурь,Ахисан,Суурь,Хэл,Тэмцээнд бэлдэх,Практик хийж сурах,Амралтын өдөр,Zoom,Заах чадвар: Шатар (Суурь). Сурах чадвар: Сошиал медиа (Зорилтот түвшин: Суурь). Сонирхол: Хэл. Зорилго: Тэмцээнд бэлдэх. Сурах арга: Практик хийж сурах. Боломж: Амралтын өдөр. Хүсэж буй хамтрагчийн түвшин: Суурь.
SS0720,17,Canva,Байхгүй,Анхан,График дизайн,Ахисан,Анхан,Анхан,Суурь,Спорт,Шинэ чадвар сурах,Видео,7 хоногт 3-4 удаа,Google Meet,Заах чадвар: Canva (Анхан). Сурах чадвар: График дизайн (Зорилтот түвшин: Ахисан). Сонирхол: Спорт. Зорилго: Шинэ чадвар сурах. Сурах арга: Видео. Боломж: 7 хоногт 3-4 удаа. Хүсэж буй хамтрагчийн түвшин: Суурь.
SS0721,13,Вэб хөгжүүлэлт,Байхгүй,Суурь,Манлайлал,Дунд,Суурь,Суурь,Анхан,Шинжлэх ухаан,Хичээлдээ ашиглах,Уншиж сурах,7 хоногт 1-2 удаа,Discord,Заах чадвар: Вэб хөгжүүлэлт (Суурь). Сурах чадвар: Манлайлал (Зорилтот түвшин: Дунд). Сонирхол: Шинжлэх ухаан. Зорилго: Хичээлдээ ашиглах. Сурах арга: Уншиж сурах. Боломж: 7 хоногт 1-2 удаа. Хүсэж буй хамтрагчийн түвшин: Анхан.
SS0722,16,Excel,Байхгүй,Анхан,Вэб хөгжүүлэлт,Суурь,Анхан,Дунд,Анхан,Урлаг,Тэмцээнд бэлдэх,Уншиж сурах,Амралтын өдөр,Instagram,Заах чадвар: Excel (Анхан). Сурах чадвар: Вэб хөгжүүлэлт (Зорилтот түвшин: Суурь). Сонирхол: Урлаг. Зорилго: Тэмцээнд бэлдэх. Сурах арга: Уншиж сурах. Боломж: Амралтын өдөр. Хүсэж буй хамтрагчийн түвшин: Анхан.
SS0723,16,Canva,Байхгүй,Анхан,Судалгаа,Ахисан,Анхан,Анхан,Суурь,Дизайн,Ирээдүйн мэргэжилдээ ашиглах,Уншиж сурах,7 хоногт 1-2 удаа,Messenger,Заах чадвар: Canva (Анхан). Сурах чадвар: Судалгаа (Зорилтот түвшин: Ахисан). Сонирхол: Дизайн. Зорилго: Ирээдүйн мэргэжилдээ ашиглах. Сурах арга: Уншиж сурах. Боломж: 7 хоногт 1-2 удаа. Хүсэж буй хамтрагчийн түвшин: Суурь.
SS0724,14,JavaScript,Байхгүй,Суурь,Спорт,Суурь,Суурь,Анхан,Дунд,Бүтээлч ажил,Ирээдүйн мэргэжилдээ ашиглах,Багштай,7 хоногт 3-4 удаа,Facebook,Заах чадвар: JavaScript (Суурь). Сурах чадвар: Спорт (Зорилтот түвшин: Суурь). Сонирхол: Бүтээлч ажил. Зорилго: Ирээдүйн мэргэжилдээ ашиглах. Сурах арга: Багштай. Боломж: 7 хоногт 3-4 удаа. Хүсэж буй хамтрагчийн түвшин: Дунд.
SS0725,18,Судалгаа,Байхгүй,Суурь,3D моделчлол,Дунд,Суурь,Суурь,Дунд,Програмчлал,Хичээлдээ ашиглах,Багштай,7 хоногт 1-2 удаа,Telegram,Заах чадвар: Судалгаа (Суурь). Сурах чадвар: 3D моделчлол (Зорилтот түвшин: Дунд). Сонирхол: Програмчлал. Зорилго: Хичээлдээ ашиглах. Сурах арга: Багштай. Боломж: 7 хоногт 1-2 удаа. Хүсэж буй хамтрагчийн түвшин: Дунд.
SS0726,14,Canva,Байхгүй,Дунд,Хөгжим,Ахисан,Дунд,Суурь,Суурь,Контент,Хичээлдээ ашиглах,Багштай,Амралтын өдөр,Zoom,Заах чадвар: Canva (Дунд). Сурах чадвар: Хөгжим (Зорилтот түвшин: Ахисан). Сонирхол: Контент. Зорилго: Хичээлдээ ашиглах. Сурах арга: Багштай. Боломж: Амралтын өдөр. Хүсэж буй хамтрагчийн түвшин: Суурь.
SS0727,14,Төгөлдөр хуур,Шатар,Ахисан,3D моделчлол,Ахисан,Ахисан,Ахисан,Суурь,Хөгжим,Хичээлдээ ашиглах,Практик хийж сурах,Өдөр бүр,Google Meet,"Заах чадвар: Төгөлдөр хуур (Ахисан), Хоёрдогч чадвар: Шатар. Сурах чадвар: 3D моделчлол (Зорилтот түвшин: Ахисан). Сонирхол: Хөгжим. Зорилго: Хичээлдээ ашиглах. Сурах арга: Практик хийж сурах. Боломж: Өдөр бүр. Хүсэж буй хамтрагчийн түвшин: Суурь."
SS0728,15,Судалгаа,Байхгүй,Дунд,C++,Суурь,Дунд,Ахисан,Суурь,Хөгжим,Тэмцээнд бэлдэх,Практик хийж сурах,Амралтын өдөр,Discord,Заах чадвар: Судалгаа (Дунд). Сурах чадвар: C++ (Зорилтот түвшин: Суурь). Сонирхол: Хөгжим. Зорилго: Тэмцээнд бэлдэх. Сурах арга: Практик хийж сурах. Боломж: Амралтын өдөр. Хүсэж буй хамтрагчийн түвшин: Суурь.
SS0729,18,Солонгос хэл,Байхгүй,Суурь,Математик,Ахисан,Суурь,Суурь,Ахисан,Дизайн,Хичээлдээ ашиглах,Багштай,7 хоногт 1-2 удаа,Instagram,Заах чадвар: Солонгос хэл (Суурь). Сурах чадвар: Математик (Зорилтот түвшин: Ахисан). Сонирхол: Дизайн. Зорилго: Хичээлдээ ашиглах. Сурах арга: Багштай. Боломж: 7 хоногт 1-2 удаа. Хүсэж буй хамтрагчийн түвшин: Ахисан.
SS0730,14,Манлайлал,Байхгүй,Анхан,Математик,Ахисан,Анхан,Суурь,Анхан,Боловсрол,Тэмцээнд бэлдэх,Багштай,Амралтын өдөр,Messenger,Заах чадвар: Манлайлал (Анхан). Сурах чадвар: Математик (Зорилтот түвшин: Ахисан). Сонирхол: Боловсрол. Зорилго: Тэмцээнд бэлдэх. Сурах арга: Багштай. Боломж: Амралтын өдөр. Хүсэж буй хамтрагчийн түвшин: Анхан.
SS0731,16,График дизайн,Байхгүй,Дунд,3D моделчлол,Суурь,Дунд,Ахисан,Дунд,Хэл,Одоогийн чадвараа сайжруулах,Видео,Өдөр бүр,Facebook,Заах чадвар: График дизайн (Дунд). Сурах чадвар: 3D моделчлол (Зорилтот түвшин: Суурь). Сонирхол: Хэл. Зорилго: Одоогийн чадвараа сайжруулах. Сурах арга: Видео. Боломж: Өдөр бүр. Хүсэж буй хамтрагчийн түвшин: Дунд.
SS0732,18,Видео эвлүүлэг,Байхгүй,Анхан,3D моделчлол,Суурь,Анхан,Анхан,Анхан,Дизайн,Одоогийн чадвараа сайжруулах,Практик хийж сурах,7 хоногт 3-4 удаа,Telegram,Заах чадвар: Видео эвлүүлэг (Анхан). Сурах чадвар: 3D моделчлол (Зорилтот түвшин: Суурь). Сонирхол: Дизайн. Зорилго: Одоогийн чадвараа сайжруулах. Сурах арга: Практик хийж сурах. Боломж: 7 хоногт 3-4 удаа. Хүсэж буй хамтрагчийн түвшин: Анхан.
SS0733,18,Багаар ажиллах,Байхгүй,Суурь,Гитар,Ахисан,Суурь,Суурь,Дунд,Програмчлал,Хичээлдээ ашиглах,Видео,Амралтын өдөр,Zoom,Заах чадвар: Багаар ажиллах (Суурь). Сурах чадвар: Гитар (Зорилтот түвшин: Ахисан). Сонирхол: Програмчлал. Зорилго: Хичээлдээ ашиглах. Сурах арга: Видео. Боломж: Амралтын өдөр. Хүсэж буй хамтрагчийн түвшин: Дунд.
SS0734,14,Excel,Байхгүй,Анхан,Вэб хөгжүүлэлт,Дунд,Анхан,Дунд,Ахисан,Шинжлэх ухаан,Шинэ чадвар сурах,Уншиж сурах,Өдөр бүр,Google Meet,Заах чадвар: Excel (Анхан). Сурах чадвар: Вэб хөгжүүлэлт (Зорилтот түвшин: Дунд). Сонирхол: Шинжлэх ухаан. Зорилго: Шинэ чадвар сурах. Сурах арга: Уншиж сурах. Боломж: Өдөр бүр. Хүсэж буй хамтрагчийн түвшин: Ахисан.
SS0735,13,Python,Байхгүй,Анхан,Вэб хөгжүүлэлт,Суурь,Суурь,Анхан,Анхан,Боловсрол,Тэмцээнд бэлдэх,Уншиж сурах,Өдөр бүр,Discord,Заах чадвар: Python (Суурь). Сурах чадвар: Вэб хөгжүүлэлт (Зорилтот түвшин: Суурь). Сонирхол: Боловсрол. Зорилго: Тэмцээнд бэлдэх. Сурах арга: Уншиж сурах. Боломж: Өдөр бүр. Хүсэж буй хамтрагчийн түвшин: Анхан.
SS0736,17,Контент бүтээлт,Байхгүй,Дунд,Илтгэх урлаг,Дунд,Дунд,Дунд,Дунд,Урлаг,Шинэ чадвар сурах,Уншиж сурах,7 хоногт 3-4 удаа,Instagram,Заах чадвар: Контент бүтээлт (Дунд). Сурах чадвар: Илтгэх урлаг (Зорилтот түвшин: Дунд). Сонирхол: Урлаг. Зорилго: Шинэ чадвар сурах. Сурах арга: Уншиж сурах. Боломж: 7 хоногт 3-4 удаа. Хүсэж буй хамтрагчийн түвшин: Дунд.
SS0737,16,Илтгэх урлаг,Төгөлдөр хуур,Суурь,Англи хэл,Суурь,Суурь,Суурь,Анхан,Програмчлал,Шинэ чадвар сурах,Практик хийж сурах,7 хоногт 1-2 удаа,Messenger,"Заах чадвар: Илтгэх урлаг (Суурь), Хоёрдогч чадвар: Төгөлдөр хуур. Сурах чадвар: Англи хэл (Зорилтот түвшин: Суурь). Сонирхол: Програмчлал. Зорилго: Шинэ чадвар сурах. Сурах арга: Практик хийж сурах. Боломж: 7 хоногт 1-2 удаа. Хүсэж буй хамтрагчийн түвшин: Анхан."
SS0738,13,Багаар ажиллах,Байхгүй,Дунд,Математик,Ахисан,Дунд,Суурь,Анхан,Медиа,Төсөл хийх,Хамтрагчтай,7 хоногт 3-4 удаа,Facebook,Заах чадвар: Багаар ажиллах (Дунд). Сурах чадвар: Математик (Зорилтот түвшин: Ахисан). Сонирхол: Медиа. Зорилго: Төсөл хийх. Сурах арга: Хамтрагчтай. Боломж: 7 хоногт 3-4 удаа. Хүсэж буй хамтрагчийн түвшин: Анхан.
SS0739,15,Зурах,Байхгүй,Дунд,Илтгэх урлаг,Ахисан,Суурь,Дунд,Дунд,Медиа,Шинэ чадвар сурах,Практик хийж сурах,Амралтын өдөр,Telegram,Заах чадвар: Зурах (Суурь). Сурах чадвар: Илтгэх урлаг (Зорилтот түвшин: Ахисан). Сонирхол: Медиа. Зорилго: Шинэ чадвар сурах. Сурах арга: Практик хийж сурах. Боломж: Амралтын өдөр. Хүсэж буй хамтрагчийн түвшин: Дунд.
SS0740,18,Python,Байхгүй,Суурь,Хөгжим,Ахисан,Суурь,Анхан,Анхан,Математик,Шинэ чадвар сурах,Видео,7 хоногт 3-4 удаа,Zoom,Заах чадвар: Python (Суурь). Сурах чадвар: Хөгжим (Зорилтот түвшин: Ахисан). Сонирхол: Математик. Зорилго: Шинэ чадвар сурах. Сурах арга: Видео. Боломж: 7 хоногт 3-4 удаа. Хүсэж буй хамтрагчийн түвшин: Анхан.
SS0741,13,Япон хэл,Байхгүй,Дунд,Физик,Дунд,Дунд,Суурь,Ахисан,Дизайн,Одоогийн чадвараа сайжруулах,Практик хийж сурах,7 хоногт 3-4 удаа,Google Meet,Заах чадвар: Япон хэл (Дунд). Сурах чадвар: Физик (Зорилтот түвшин: Дунд). Сонирхол: Дизайн. Зорилго: Одоогийн чадвараа сайжруулах. Сурах арга: Практик хийж сурах. Боломж: 7 хоногт 3-4 удаа. Хүсэж буй хамтрагчийн түвшин: Ахисан.
SS0742,14,Математик,Сошиал медиа,Суурь,Гитар,Дунд,Суурь,Дунд,Дунд,Програмчлал,Хичээлдээ ашиглах,Видео,Амралтын өдөр,Discord,"Заах чадвар: Математик (Суурь), Хоёрдогч чадвар: Сошиал медиа. Сурах чадвар: Гитар (Зорилтот түвшин: Дунд). Сонирхол: Програмчлал. Зорилго: Хичээлдээ ашиглах. Сурах арга: Видео. Боломж: Амралтын өдөр. Хүсэж буй хамтрагчийн түвшин: Дунд."
SS0743,14,Шатар,Байхгүй,Дунд,Python,Суурь,Дунд,Ахисан,Ахисан,Програмчлал,Ирээдүйн мэргэжилдээ ашиглах,Уншиж сурах,7 хоногт 3-4 удаа,Instagram,Заах чадвар: Шатар (Дунд). Сурах чадвар: Python (Зорилтот түвшин: Суурь). Сонирхол: Програмчлал. Зорилго: Ирээдүйн мэргэжилдээ ашиглах. Сурах арга: Уншиж сурах. Боломж: 7 хоногт 3-4 удаа. Хүсэж буй хамтрагчийн түвшин: Ахисан.
SS0744,14,JavaScript,Төгөлдөр хуур,Анхан,Илтгэх урлаг,Ахисан,Анхан,Анхан,Суурь,Хэл,Шинэ чадвар сурах,Уншиж сурах,7 хоногт 3-4 удаа,Messenger,"Заах чадвар: JavaScript (Анхан), Хоёрдогч чадвар: Төгөлдөр хуур. Сурах чадвар: Илтгэх урлаг (Зорилтот түвшин: Ахисан). Сонирхол: Хэл. Зорилго: Шинэ чадвар сурах. Сурах арга: Уншиж сурах. Боломж: 7 хоногт 3-4 удаа. Хүсэж буй хамтрагчийн түвшин: Суурь."
SS0745,13,3D моделчлол,Байхгүй,Ахисан,UI/UX дизайн,Ахисан,Ахисан,Ахисан,Суурь,Дизайн,Хичээлдээ ашиглах,Практик хийж сурах,7 хоногт 3-4 удаа,Facebook,Заах чадвар: 3D моделчлол (Ахисан). Сурах чадвар: UI/UX дизайн (Зорилтот түвшин: Ахисан). Сонирхол: Дизайн. Зорилго: Хичээлдээ ашиглах. Сурах арга: Практик хийж сурах. Боломж: 7 хоногт 3-4 удаа. Хүсэж буй хамтрагчийн түвшин: Суурь.
SS0746,18,Физик,Солонгос хэл,Суурь,Excel,Дунд,Суурь,Дунд,Ахисан,Бүтээлч ажил,Төсөл хийх,Багштай,Өдөр бүр,Telegram,"Заах чадвар: Физик (Суурь), Хоёрдогч чадвар: Солонгос хэл. Сурах чадвар: Excel (Зорилтот түвшин: Дунд). Сонирхол: Бүтээлч ажил. Зорилго: Төсөл хийх. Сурах арга: Багштай. Боломж: Өдөр бүр. Хүсэж буй хамтрагчийн түвшин: Ахисан."
SS0747,16,Canva,Байхгүй,Суурь,Англи хэл,Дунд,Суурь,Ахисан,Анхан,Технологи,Хоббигоо хөгжүүлэх,Багштай,Амралтын өдөр,Zoom,Заах чадвар: Canva (Суурь). Сурах чадвар: Англи хэл (Зорилтот түвшин: Дунд). Сонирхол: Технологи. Зорилго: Хоббигоо хөгжүүлэх. Сурах арга: Багштай. Боломж: Амралтын өдөр. Хүсэж буй хамтрагчийн түвшин: Анхан.
SS0748,16,Шатар,Байхгүй,Анхан,Япон хэл,Дунд,Анхан,Суурь,Ахисан,Дизайн,Ирээдүйн мэргэжилдээ ашиглах,Практик хийж сурах,Амралтын өдөр,Google Meet,Заах чадвар: Шатар (Анхан). Сурах чадвар: Япон хэл (Зорилтот түвшин: Дунд). Сонирхол: Дизайн. Зорилго: Ирээдүйн мэргэжилдээ ашиглах. Сурах арга: Практик хийж сурах. Боломж: Амралтын өдөр. Хүсэж буй хамтрагчийн түвшин: Ахисан.
SS0749,13,График дизайн,UI/UX дизайн,Анхан,Бичих чадвар,Ахисан,Анхан,Дунд,Ахисан,Боловсрол,Тэмцээнд бэлдэх,Практик хийж сурах,Амралтын өдөр,Discord,"Заах чадвар: График дизайн (Анхан), Хоёрдогч чадвар: UI/UX дизайн. Сурах чадвар: Бичих чадвар (Зорилтот түвшин: Ахисан). Сонирхол: Боловсрол. Зорилго: Тэмцээнд бэлдэх. Сурах арга: Практик хийж сурах. Боломж: Амралтын өдөр. Хүсэж буй хамтрагчийн түвшин: Ахисан."
SS0750,17,Canva,Байхгүй,Суурь,Шатар,Дунд,Суурь,Дунд,Суурь,Технологи,Ирээдүйн мэргэжилдээ ашиглах,Видео,Амралтын өдөр,Instagram,Заах чадвар: Canva (Суурь). Сурах чадвар: Шатар (Зорилтот түвшин: Дунд). Сонирхол: Технологи. Зорилго: Ирээдүйн мэргэжилдээ ашиглах. Сурах арга: Видео. Боломж: Амралтын өдөр. Хүсэж буй хамтрагчийн түвшин: Суурь.
SS0751,17,Математик,Байхгүй,Суурь,Сошиал медиа,Дунд,Суурь,Ахисан,Ахисан,Програмчлал,Хичээлдээ ашиглах,Практик хийж сурах,Өдөр бүр,Messenger,Заах чадвар: Математик (Суурь). Сурах чадвар: Сошиал медиа (Зорилтот түвшин: Дунд). Сонирхол: Програмчлал. Зорилго: Хичээлдээ ашиглах. Сурах арга: Практик хийж сурах. Боломж: Өдөр бүр. Хүсэж буй хамтрагчийн түвшин: Ахисан.
SS0752,15,Судалгаа,Байхгүй,Анхан,Figma,Ахисан,Анхан,Дунд,Ахисан,Програмчлал,Төсөл хийх,Видео,7 хоногт 3-4 удаа,Facebook,Заах чадвар: Судалгаа (Анхан). Сурах чадвар: Figma (Зорилтот түвшин: Ахисан). Сонирхол: Програмчлал. Зорилго: Төсөл хийх. Сурах арга: Видео. Боломж: 7 хоногт 3-4 удаа. Хүсэж буй хамтрагчийн түвшин: Ахисан.
SS0753,13,Гитар,Байхгүй,Дунд,Зураг авах,Суурь,Суурь,Суурь,Анхан,Програмчлал,Хичээлдээ ашиглах,Багштай,Амралтын өдөр,Telegram,Заах чадвар: Гитар (Суурь). Сурах чадвар: Зураг авах (Зорилтот түвшин: Суурь). Сонирхол: Програмчлал. Зорилго: Хичээлдээ ашиглах. Сурах арга: Багштай. Боломж: Амралтын өдөр. Хүсэж буй хамтрагчийн түвшин: Анхан.
SS0754,18,JavaScript,Байхгүй,Анхан,Математик,Ахисан,Анхан,Суурь,Ахисан,Хөгжим,Хичээлдээ ашиглах,Багштай,7 хоногт 1-2 удаа,Zoom,Заах чадвар: JavaScript (Анхан). Сурах чадвар: Математик (Зорилтот түвшин: Ахисан). Сонирхол: Хөгжим. Зорилго: Хичээлдээ ашиглах. Сурах арга: Багштай. Боломж: 7 хоногт 1-2 удаа. Хүсэж буй хамтрагчийн түвшин: Ахисан.
SS0755,17,Шатар,Байхгүй,Дунд,Судалгаа,Суурь,Дунд,Ахисан,Дунд,Спорт,Хичээлдээ ашиглах,Уншиж сурах,Амралтын өдөр,Google Meet,Заах чадвар: Шатар (Дунд). Сурах чадвар: Судалгаа (Зорилтот түвшин: Суурь). Сонирхол: Спорт. Зорилго: Хичээлдээ ашиглах. Сурах арга: Уншиж сурах. Боломж: Амралтын өдөр. Хүсэж буй хамтрагчийн түвшин: Дунд.
SS0756,18,Python,Байхгүй,Анхан,Математик,Ахисан,Анхан,Анхан,Суурь,Контент,Одоогийн чадвараа сайжруулах,Практик хийж сурах,Амралтын өдөр,Discord,Заах чадвар: Python (Анхан). Сурах чадвар: Математик (Зорилтот түвшин: Ахисан). Сонирхол: Контент. Зорилго: Одоогийн чадвараа сайжруулах. Сурах арга: Практик хийж сурах. Боломж: Амралтын өдөр. Хүсэж буй хамтрагчийн түвшин: Суурь.
SS0757,13,Бичих чадвар,Байхгүй,Анхан,Англи хэл,Ахисан,Анхан,Суурь,Анхан,Бүтээлч ажил,Одоогийн чадвараа сайжруулах,Уншиж сурах,7 хоногт 3-4 удаа,Instagram,Заах чадвар: Бичих чадвар (Анхан). Сурах чадвар: Англи хэл (Зорилтот түвшин: Ахисан). Сонирхол: Бүтээлч ажил. Зорилго: Одоогийн чадвараа сайжруулах. Сурах арга: Уншиж сурах. Боломж: 7 хоногт 3-4 удаа. Хүсэж буй хамтрагчийн түвшин: Анхан.
SS0758,16,Спорт,Байхгүй,Анхан,Англи хэл,Ахисан,Анхан,Дунд,Анхан,Урлаг,Төсөл хийх,Уншиж сурах,Өдөр бүр,Messenger,Заах чадвар: Спорт (Анхан). Сурах чадвар: Англи хэл (Зорилтот түвшин: Ахисан). Сонирхол: Урлаг. Зорилго: Төсөл хийх. Сурах арга: Уншиж сурах. Боломж: Өдөр бүр. Хүсэж буй хамтрагчийн түвшин: Анхан.
SS0759,16,Canva,Байхгүй,Суурь,Видео эвлүүлэг,Ахисан,Суурь,Ахисан,Дунд,Медиа,Шинэ чадвар сурах,Видео,Өдөр бүр,Facebook,Заах чадвар: Canva (Суурь). Сурах чадвар: Видео эвлүүлэг (Зорилтот түвшин: Ахисан). Сонирхол: Медиа. Зорилго: Шинэ чадвар сурах. Сурах арга: Видео. Боломж: Өдөр бүр. Хүсэж буй хамтрагчийн түвшин: Дунд.
SS0760,14,Шатар,Байхгүй,Дунд,Python,Суурь,Дунд,Дунд,Ахисан,Контент,Тэмцээнд бэлдэх,Хамтрагчтай,7 хоногт 1-2 удаа,Telegram,Заах чадвар: Шатар (Дунд). Сурах чадвар: Python (Зорилтот түвшин: Суурь). Сонирхол: Контент. Зорилго: Тэмцээнд бэлдэх. Сурах арга: Хамтрагчтай. Боломж: 7 хоногт 1-2 удаа. Хүсэж буй хамтрагчийн түвшин: Ахисан.
SS0761,15,Шатар,Байхгүй,Суурь,Илтгэх урлаг,Дунд,Суурь,Суурь,Анхан,Програмчлал,Ирээдүйн мэргэжилдээ ашиглах,Багштай,Амралтын өдөр,Zoom,Заах чадвар: Шатар (Суурь). Сурах чадвар: Илтгэх урлаг (Зорилтот түвшин: Дунд). Сонирхол: Програмчлал. Зорилго: Ирээдүйн мэргэжилдээ ашиглах. Сурах арга: Багштай. Боломж: Амралтын өдөр. Хүсэж буй хамтрагчийн түвшин: Анхан.
SS0762,18,Бичих чадвар,Байхгүй,Анхан,Багаар ажиллах,Ахисан,Анхан,Анхан,Анхан,Бүтээлч ажил,Ирээдүйн мэргэжилдээ ашиглах,Уншиж сурах,Өдөр бүр,Google Meet,Заах чадвар: Бичих чадвар (Анхан). Сурах чадвар: Багаар ажиллах (Зорилтот түвшин: Ахисан). Сонирхол: Бүтээлч ажил. Зорилго: Ирээдүйн мэргэжилдээ ашиглах. Сурах арга: Уншиж сурах. Боломж: Өдөр бүр. Хүсэж буй хамтрагчийн түвшин: Анхан.
SS0763,16,Манлайлал,Байхгүй,Дунд,JavaScript,Ахисан,Дунд,Дунд,Суурь,Програмчлал,Хичээлдээ ашиглах,Багштай,Амралтын өдөр,Discord,Заах чадвар: Манлайлал (Дунд). Сурах чадвар: JavaScript (Зорилтот түвшин: Ахисан). Сонирхол: Програмчлал. Зорилго: Хичээлдээ ашиглах. Сурах арга: Багштай. Боломж: Амралтын өдөр. Хүсэж буй хамтрагчийн түвшин: Суурь.
SS0764,15,Python,Байхгүй,Дунд,Гитар,Ахисан,Дунд,Ахисан,Ахисан,Бизнес,Ирээдүйн мэргэжилдээ ашиглах,Багштай,7 хоногт 3-4 удаа,Instagram,Заах чадвар: Python (Дунд). Сурах чадвар: Гитар (Зорилтот түвшин: Ахисан). Сонирхол: Бизнес. Зорилго: Ирээдүйн мэргэжилдээ ашиглах. Сурах арга: Багштай. Боломж: 7 хоногт 3-4 удаа. Хүсэж буй хамтрагчийн түвшин: Ахисан.
SS0765,16,Canva,Байхгүй,Анхан,Шатар,Ахисан,Анхан,Анхан,Суурь,Урлаг,Ирээдүйн мэргэжилдээ ашиглах,Багштай,7 хоногт 1-2 удаа,Messenger,Заах чадвар: Canva (Анхан). Сурах чадвар: Шатар (Зорилтот түвшин: Ахисан). Сонирхол: Урлаг. Зорилго: Ирээдүйн мэргэжилдээ ашиглах. Сурах арга: Багштай. Боломж: 7 хоногт 1-2 удаа. Хүсэж буй хамтрагчийн түвшин: Суурь.
SS0766,14,Төгөлдөр хуур,Байхгүй,Дунд,Зураг авах,Суурь,Анхан,Дунд,Ахисан,Спорт,Одоогийн чадвараа сайжруулах,Хамтрагчтай,Амралтын өдөр,Facebook,Заах чадвар: Төгөлдөр хуур (Анхан). Сурах чадвар: Зураг авах (Зорилтот түвшин: Суурь). Сонирхол: Спорт. Зорилго: Одоогийн чадвараа сайжруулах. Сурах арга: Хамтрагчтай. Боломж: Амралтын өдөр. Хүсэж буй хамтрагчийн түвшин: Ахисан.
SS0767,18,Видео эвлүүлэг,Байхгүй,Анхан,JavaScript,Суурь,Анхан,Дунд,Дунд,Урлаг,Одоогийн чадвараа сайжруулах,Багштай,Өдөр бүр,Telegram,Заах чадвар: Видео эвлүүлэг (Анхан). Сурах чадвар: JavaScript (Зорилтот түвшин: Суурь). Сонирхол: Урлаг. Зорилго: Одоогийн чадвараа сайжруулах. Сурах арга: Багштай. Боломж: Өдөр бүр. Хүсэж буй хамтрагчийн түвшин: Дунд.
SS0768,16,Багаар ажиллах,Байхгүй,Анхан,Canva,Суурь,Анхан,Анхан,Дунд,Програмчлал,Шинэ чадвар сурах,Уншиж сурах,Амралтын өдөр,Zoom,Заах чадвар: Багаар ажиллах (Анхан). Сурах чадвар: Canva (Зорилтот түвшин: Суурь). Сонирхол: Програмчлал. Зорилго: Шинэ чадвар сурах. Сурах арга: Уншиж сурах. Боломж: Амралтын өдөр. Хүсэж буй хамтрагчийн түвшин: Дунд.
SS0769,18,Манлайлал,Байхгүй,Дунд,Физик,Дунд,Дунд,Дунд,Суурь,Боловсрол,Хоббигоо хөгжүүлэх,Багштай,Амралтын өдөр,Google Meet,Заах чадвар: Манлайлал (Дунд). Сурах чадвар: Физик (Зорилтот түвшин: Дунд). Сонирхол: Боловсрол. Зорилго: Хоббигоо хөгжүүлэх. Сурах арга: Багштай. Боломж: Амралтын өдөр. Хүсэж буй хамтрагчийн түвшин: Суурь.
SS0770,17,Физик,График дизайн,Анхан,Япон хэл,Ахисан,Анхан,Дунд,Дунд,Урлаг,Одоогийн чадвараа сайжруулах,Хамтрагчтай,7 хоногт 1-2 удаа,Discord,"Заах чадвар: Физик (Анхан), Хоёрдогч чадвар: График дизайн. Сурах чадвар: Япон хэл (Зорилтот түвшин: Ахисан). Сонирхол: Урлаг. Зорилго: Одоогийн чадвараа сайжруулах. Сурах арга: Хамтрагчтай. Боломж: 7 хоногт 1-2 удаа. Хүсэж буй хамтрагчийн түвшин: Дунд."
SS0771,14,Canva,Байхгүй,Суурь,Зурах,Дунд,Суурь,Ахисан,Суурь,Бизнес,Ирээдүйн мэргэжилдээ ашиглах,Практик хийж сурах,7 хоногт 3-4 удаа,Instagram,Заах чадвар: Canva (Суурь). Сурах чадвар: Зурах (Зорилтот түвшин: Дунд). Сонирхол: Бизнес. Зорилго: Ирээдүйн мэргэжилдээ ашиглах. Сурах арга: Практик хийж сурах. Боломж: 7 хоногт 3-4 удаа. Хүсэж буй хамтрагчийн түвшин: Суурь.
SS0772,15,Видео эвлүүлэг,Судалгаа,Суурь,Figma,Дунд,Суурь,Анхан,Дунд,Програмчлал,Ирээдүйн мэргэжилдээ ашиглах,Багштай,7 хоногт 3-4 удаа,Messenger,"Заах чадвар: Видео эвлүүлэг (Суурь), Хоёрдогч чадвар: Судалгаа. Сурах чадвар: Figma (Зорилтот түвшин: Дунд). Сонирхол: Програмчлал. Зорилго: Ирээдүйн мэргэжилдээ ашиглах. Сурах арга: Багштай. Боломж: 7 хоногт 3-4 удаа. Хүсэж буй хамтрагчийн түвшин: Дунд."
SS0773,15,Зураг авах,Байхгүй,Дунд,Шатар,Ахисан,Дунд,Ахисан,Суурь,Урлаг,Хичээлдээ ашиглах,Практик хийж сурах,Амралтын өдөр,Facebook,Заах чадвар: Зураг авах (Дунд). Сурах чадвар: Шатар (Зорилтот түвшин: Ахисан). Сонирхол: Урлаг. Зорилго: Хичээлдээ ашиглах. Сурах арга: Практик хийж сурах. Боломж: Амралтын өдөр. Хүсэж буй хамтрагчийн түвшин: Суурь.
SS0774,14,C++,Байхгүй,Суурь,Япон хэл,Суурь,Суурь,Дунд,Суурь,Бүтээлч ажил,Хоббигоо хөгжүүлэх,Уншиж сурах,Өдөр бүр,Telegram,Заах чадвар: C++ (Суурь). Сурах чадвар: Япон хэл (Зорилтот түвшин: Суурь). Сонирхол: Бүтээлч ажил. Зорилго: Хоббигоо хөгжүүлэх. Сурах арга: Уншиж сурах. Боломж: Өдөр бүр. Хүсэж буй хамтрагчийн түвшин: Суурь.
SS0775,13,Манлайлал,Байхгүй,Суурь,C++,Дунд,Суурь,Ахисан,Ахисан,Бизнес,Төсөл хийх,Багштай,Амралтын өдөр,Zoom,Заах чадвар: Манлайлал (Суурь). Сурах чадвар: C++ (Зорилтот түвшин: Дунд). Сонирхол: Бизнес. Зорилго: Төсөл хийх. Сурах арга: Багштай. Боломж: Амралтын өдөр. Хүсэж буй хамтрагчийн түвшин: Ахисан.
SS0776,18,Canva,Байхгүй,Суурь,График дизайн,Дунд,Суурь,Анхан,Анхан,Урлаг,Хоббигоо хөгжүүлэх,Уншиж сурах,7 хоногт 1-2 удаа,Google Meet,Заах чадвар: Canva (Суурь). Сурах чадвар: График дизайн (Зорилтот түвшин: Дунд). Сонирхол: Урлаг. Зорилго: Хоббигоо хөгжүүлэх. Сурах арга: Уншиж сурах. Боломж: 7 хоногт 1-2 удаа. Хүсэж буй хамтрагчийн түвшин: Анхан.
SS0777,16,Манлайлал,Байхгүй,Дунд,Төгөлдөр хуур,Дунд,Дунд,Суурь,Суурь,Спорт,Одоогийн чадвараа сайжруулах,Уншиж сурах,7 хоногт 3-4 удаа,Discord,Заах чадвар: Манлайлал (Дунд). Сурах чадвар: Төгөлдөр хуур (Зорилтот түвшин: Дунд). Сонирхол: Спорт. Зорилго: Одоогийн чадвараа сайжруулах. Сурах арга: Уншиж сурах. Боломж: 7 хоногт 3-4 удаа. Хүсэж буй хамтрагчийн түвшин: Суурь.
SS0778,14,Спорт,Сошиал медиа,Дунд,Хөгжим,Дунд,Дунд,Дунд,Дунд,Програмчлал,Шинэ чадвар сурах,Уншиж сурах,Өдөр бүр,Instagram,"Заах чадвар: Спорт (Дунд), Хоёрдогч чадвар: Сошиал медиа. Сурах чадвар: Хөгжим (Зорилтот түвшин: Дунд). Сонирхол: Програмчлал. Зорилго: Шинэ чадвар сурах. Сурах арга: Уншиж сурах. Боломж: Өдөр бүр. Хүсэж буй хамтрагчийн түвшин: Дунд."
SS0779,15,C++,Байхгүй,Анхан,Англи хэл,Дунд,Анхан,Дунд,Анхан,Хэл,Шинэ чадвар сурах,Багштай,7 хоногт 3-4 удаа,Messenger,Заах чадвар: C++ (Анхан). Сурах чадвар: Англи хэл (Зорилтот түвшин: Дунд). Сонирхол: Хэл. Зорилго: Шинэ чадвар сурах. Сурах арга: Багштай. Боломж: 7 хоногт 3-4 удаа. Хүсэж буй хамтрагчийн түвшин: Анхан.
SS0780,18,Физик,Байхгүй,Дунд,Figma,Ахисан,Дунд,Суурь,Ахисан,Урлаг,Төсөл хийх,Багштай,Амралтын өдөр,Facebook,Заах чадвар: Физик (Дунд). Сурах чадвар: Figma (Зорилтот түвшин: Ахисан). Сонирхол: Урлаг. Зорилго: Төсөл хийх. Сурах арга: Багштай. Боломж: Амралтын өдөр. Хүсэж буй хамтрагчийн түвшин: Ахисан.
SS0781,17,Бичих чадвар,Видео эвлүүлэг,Анхан,Python,Суурь,Анхан,Суурь,Анхан,Математик,Төсөл хийх,Хамтрагчтай,Амралтын өдөр,Telegram,"Заах чадвар: Бичих чадвар (Анхан), Хоёрдогч чадвар: Видео эвлүүлэг. Сурах чадвар: Python (Зорилтот түвшин: Суурь). Сонирхол: Математик. Зорилго: Төсөл хийх. Сурах арга: Хамтрагчтай. Боломж: Амралтын өдөр. Хүсэж буй хамтрагчийн түвшин: Анхан."
SS0782,17,Сошиал медиа,C++,Ахисан,3D моделчлол,Суурь,Дунд,Дунд,Анхан,Бизнес,Тэмцээнд бэлдэх,Видео,7 хоногт 3-4 удаа,Zoom,"Заах чадвар: Сошиал медиа (Дунд), Хоёрдогч чадвар: C++. Сурах чадвар: 3D моделчлол (Зорилтот түвшин: Суурь). Сонирхол: Бизнес. Зорилго: Тэмцээнд бэлдэх. Сурах арга: Видео. Боломж: 7 хоногт 3-4 удаа. Хүсэж буй хамтрагчийн түвшин: Анхан."
SS0783,13,Canva,Байхгүй,Дунд,3D моделчлол,Ахисан,Дунд,Суурь,Анхан,Хөгжим,Хичээлдээ ашиглах,Видео,7 хоногт 3-4 удаа,Google Meet,Заах чадвар: Canva (Дунд). Сурах чадвар: 3D моделчлол (Зорилтот түвшин: Ахисан). Сонирхол: Хөгжим. Зорилго: Хичээлдээ ашиглах. Сурах арга: Видео. Боломж: 7 хоногт 3-4 удаа. Хүсэж буй хамтрагчийн түвшин: Анхан.
SS0784,15,Англи хэл,Байхгүй,Анхан,Багаар ажиллах,Суурь,Анхан,Суурь,Суурь,Хэл,Хичээлдээ ашиглах,Хамтрагчтай,7 хоногт 3-4 удаа,Discord,Заах чадвар: Англи хэл (Анхан). Сурах чадвар: Багаар ажиллах (Зорилтот түвшин: Суурь). Сонирхол: Хэл. Зорилго: Хичээлдээ ашиглах. Сурах арга: Хамтрагчтай. Боломж: 7 хоногт 3-4 удаа. Хүсэж буй хамтрагчийн түвшин: Суурь.
SS0785,13,График дизайн,Байхгүй,Дунд,3D моделчлол,Дунд,Дунд,Ахисан,Анхан,Бизнес,Тэмцээнд бэлдэх,Хамтрагчтай,7 хоногт 3-4 удаа,Instagram,Заах чадвар: График дизайн (Дунд). Сурах чадвар: 3D моделчлол (Зорилтот түвшин: Дунд). Сонирхол: Бизнес. Зорилго: Тэмцээнд бэлдэх. Сурах арга: Хамтрагчтай. Боломж: 7 хоногт 3-4 удаа. Хүсэж буй хамтрагчийн түвшин: Анхан.
SS0786,17,Физик,3D моделчлол,Ахисан,Илтгэх урлаг,Суурь,Ахисан,Дунд,Дунд,Математик,Ирээдүйн мэргэжилдээ ашиглах,Багштай,7 хоногт 1-2 удаа,Messenger,"Заах чадвар: Физик (Ахисан), Хоёрдогч чадвар: 3D моделчлол. Сурах чадвар: Илтгэх урлаг (Зорилтот түвшин: Суурь). Сонирхол: Математик. Зорилго: Ирээдүйн мэргэжилдээ ашиглах. Сурах арга: Багштай. Боломж: 7 хоногт 1-2 удаа. Хүсэж буй хамтрагчийн түвшин: Дунд."
SS0787,14,Зурах,Байхгүй,Дунд,UI/UX дизайн,Суурь,Анхан,Дунд,Суурь,Хэл,Одоогийн чадвараа сайжруулах,Практик хийж сурах,7 хоногт 3-4 удаа,Facebook,Заах чадвар: Зурах (Анхан). Сурах чадвар: UI/UX дизайн (Зорилтот түвшин: Суурь). Сонирхол: Хэл. Зорилго: Одоогийн чадвараа сайжруулах. Сурах арга: Практик хийж сурах. Боломж: 7 хоногт 3-4 удаа. Хүсэж буй хамтрагчийн түвшин: Суурь.
SS0788,17,3D моделчлол,Байхгүй,Дунд,Бичих чадвар,Дунд,Дунд,Ахисан,Анхан,Контент,Тэмцээнд бэлдэх,Уншиж сурах,Амралтын өдөр,Telegram,Заах чадвар: 3D моделчлол (Дунд). Сурах чадвар: Бичих чадвар (Зорилтот түвшин: Дунд). Сонирхол: Контент. Зорилго: Тэмцээнд бэлдэх. Сурах арга: Уншиж сурах. Боломж: Амралтын өдөр. Хүсэж буй хамтрагчийн түвшин: Анхан.
SS0789,13,Солонгос хэл,Байхгүй,Дунд,Төгөлдөр хуур,Ахисан,Дунд,Суурь,Суурь,Спорт,Ирээдүйн мэргэжилдээ ашиглах,Уншиж сурах,7 хоногт 1-2 удаа,Zoom,Заах чадвар: Солонгос хэл (Дунд). Сурах чадвар: Төгөлдөр хуур (Зорилтот түвшин: Ахисан). Сонирхол: Спорт. Зорилго: Ирээдүйн мэргэжилдээ ашиглах. Сурах арга: Уншиж сурах. Боломж: 7 хоногт 1-2 удаа. Хүсэж буй хамтрагчийн түвшин: Суурь.
SS0790,17,Figma,Контент бүтээлт,Суурь,Манлайлал,Суурь,Суурь,Дунд,Ахисан,Спорт,Хичээлдээ ашиглах,Видео,Өдөр бүр,Google Meet,"Заах чадвар: Figma (Суурь), Хоёрдогч чадвар: Контент бүтээлт. Сурах чадвар: Манлайлал (Зорилтот түвшин: Суурь). Сонирхол: Спорт. Зорилго: Хичээлдээ ашиглах. Сурах арга: Видео. Боломж: Өдөр бүр. Хүсэж буй хамтрагчийн түвшин: Ахисан."
SS0791,15,График дизайн,Байхгүй,Суурь,Бичих чадвар,Суурь,Суурь,Ахисан,Суурь,Спорт,Тэмцээнд бэлдэх,Видео,Өдөр бүр,Discord,Заах чадвар: График дизайн (Суурь). Сурах чадвар: Бичих чадвар (Зорилтот түвшин: Суурь). Сонирхол: Спорт. Зорилго: Тэмцээнд бэлдэх. Сурах арга: Видео. Боломж: Өдөр бүр. Хүсэж буй хамтрагчийн түвшин: Суурь.
SS0792,15,Canva,Байхгүй,Анхан,Видео эвлүүлэг,Дунд,Анхан,Анхан,Дунд,Урлаг,Хичээлдээ ашиглах,Хамтрагчтай,7 хоногт 1-2 удаа,Instagram,Заах чадвар: Canva (Анхан). Сурах чадвар: Видео эвлүүлэг (Зорилтот түвшин: Дунд). Сонирхол: Урлаг. Зорилго: Хичээлдээ ашиглах. Сурах арга: Хамтрагчтай. Боломж: 7 хоногт 1-2 удаа. Хүсэж буй хамтрагчийн түвшин: Дунд.
SS0793,16,UI/UX дизайн,Байхгүй,Дунд,Солонгос хэл,Дунд,Дунд,Дунд,Суурь,Медиа,Тэмцээнд бэлдэх,Хамтрагчтай,Амралтын өдөр,Messenger,Заах чадвар: UI/UX дизайн (Дунд). Сурах чадвар: Солонгос хэл (Зорилтот түвшин: Дунд). Сонирхол: Медиа. Зорилго: Тэмцээнд бэлдэх. Сурах арга: Хамтрагчтай. Боломж: Амралтын өдөр. Хүсэж буй хамтрагчийн түвшин: Суурь.
SS0794,16,Солонгос хэл,Байхгүй,Дунд,Python,Ахисан,Суурь,Ахисан,Суурь,Спорт,Хичээлдээ ашиглах,Видео,7 хоногт 1-2 удаа,Facebook,Заах чадвар: Солонгос хэл (Суурь). Сурах чадвар: Python (Зорилтот түвшин: Ахисан). Сонирхол: Спорт. Зорилго: Хичээлдээ ашиглах. Сурах арга: Видео. Боломж: 7 хоногт 1-2 удаа. Хүсэж буй хамтрагчийн түвшин: Суурь.
SS0795,15,Гитар,Байхгүй,Суурь,Зурах,Ахисан,Суурь,Ахисан,Суурь,Спорт,Ирээдүйн мэргэжилдээ ашиглах,Практик хийж сурах,Амралтын өдөр,Telegram,Заах чадвар: Гитар (Суурь). Сурах чадвар: Зурах (Зорилтот түвшин: Ахисан). Сонирхол: Спорт. Зорилго: Ирээдүйн мэргэжилдээ ашиглах. Сурах арга: Практик хийж сурах. Боломж: Амралтын өдөр. Хүсэж буй хамтрагчийн түвшин: Суурь.
SS0796,15,Япон хэл,Байхгүй,Ахисан,Гитар,Ахисан,Ахисан,Дунд,Суурь,Урлаг,Шинэ чадвар сурах,Видео,7 хоногт 3-4 удаа,Zoom,Заах чадвар: Япон хэл (Ахисан). Сурах чадвар: Гитар (Зорилтот түвшин: Ахисан). Сонирхол: Урлаг. Зорилго: Шинэ чадвар сурах. Сурах арга: Видео. Боломж: 7 хоногт 3-4 удаа. Хүсэж буй хамтрагчийн түвшин: Суурь.
SS0797,13,3D моделчлол,Илтгэх урлаг,Суурь,Вэб хөгжүүлэлт,Ахисан,Суурь,Суурь,Анхан,Хөгжим,Тэмцээнд бэлдэх,Уншиж сурах,Амралтын өдөр,Google Meet,"Заах чадвар: 3D моделчлол (Суурь), Хоёрдогч чадвар: Илтгэх урлаг. Сурах чадвар: Вэб хөгжүүлэлт (Зорилтот түвшин: Ахисан). Сонирхол: Хөгжим. Зорилго: Тэмцээнд бэлдэх. Сурах арга: Уншиж сурах. Боломж: Амралтын өдөр. Хүсэж буй хамтрагчийн түвшин: Анхан."
SS0798,18,Canva,Байхгүй,Ахисан,Python,Ахисан,Ахисан,Дунд,Ахисан,Бизнес,Ирээдүйн мэргэжилдээ ашиглах,Уншиж сурах,Өдөр бүр,Discord,Заах чадвар: Canva (Ахисан). Сурах чадвар: Python (Зорилтот түвшин: Ахисан). Сонирхол: Бизнес. Зорилго: Ирээдүйн мэргэжилдээ ашиглах. Сурах арга: Уншиж сурах. Боломж: Өдөр бүр. Хүсэж буй хамтрагчийн түвшин: Ахисан.
SS0799,13,Англи хэл,Байхгүй,Дунд,Төгөлдөр хуур,Суурь,Суурь,Дунд,Ахисан,Хөгжим,Тэмцээнд бэлдэх,Практик хийж сурах,Өдөр бүр,Instagram,Заах чадвар: Англи хэл (Суурь). Сурах чадвар: Төгөлдөр хуур (Зорилтот түвшин: Суурь). Сонирхол: Хөгжим. Зорилго: Тэмцээнд бэлдэх. Сурах арга: Практик хийж сурах. Боломж: Өдөр бүр. Хүсэж буй хамтрагчийн түвшин: Ахисан.
SS0800,17,Canva,Байхгүй,Анхан,Англи хэл,Дунд,Суурь,Дунд,Суурь,Спорт,Төсөл хийх,Багштай,7 хоногт 1-2 удаа,Messenger,Заах чадвар: Canva (Суурь). Сурах чадвар: Англи хэл (Зорилтот түвшин: Дунд). Сонирхол: Спорт. Зорилго: Төсөл хийх. Сурах арга: Багштай. Боломж: 7 хоногт 1-2 удаа. Хүсэж буй хамтрагчийн түвшин: Суурь.
SS0801,16,Python,Байхгүй,Суурь,Шатар,Дунд,Суурь,Суурь,Ахисан,Технологи,Ирээдүйн мэргэжилдээ ашиглах,Практик хийж сурах,Өдөр бүр,Facebook,Заах чадвар: Python (Суурь). Сурах чадвар: Шатар (Зорилтот түвшин: Дунд). Сонирхол: Технологи. Зорилго: Ирээдүйн мэргэжилдээ ашиглах. Сурах арга: Практик хийж сурах. Боломж: Өдөр бүр. Хүсэж буй хамтрагчийн түвшин: Ахисан.
SS0802,16,Илтгэх урлаг,Байхгүй,Анхан,Япон хэл,Суурь,Суурь,Суурь,Анхан,Урлаг,Одоогийн чадвараа сайжруулах,Багштай,Амралтын өдөр,Telegram,Заах чадвар: Илтгэх урлаг (Суурь). Сурах чадвар: Япон хэл (Зорилтот түвшин: Суурь). Сонирхол: Урлаг. Зорилго: Одоогийн чадвараа сайжруулах. Сурах арга: Багштай. Боломж: Амралтын өдөр. Хүсэж буй хамтрагчийн түвшин: Анхан.
SS0803,14,JavaScript,Байхгүй,Суурь,UI/UX дизайн,Дунд,Суурь,Ахисан,Дунд,Шинжлэх ухаан,Төсөл хийх,Багштай,Амралтын өдөр,Zoom,Заах чадвар: JavaScript (Суурь). Сурах чадвар: UI/UX дизайн (Зорилтот түвшин: Дунд). Сонирхол: Шинжлэх ухаан. Зорилго: Төсөл хийх. Сурах арга: Багштай. Боломж: Амралтын өдөр. Хүсэж буй хамтрагчийн түвшин: Дунд.
SS0804,16,Бичих чадвар,Байхгүй,Суурь,Excel,Дунд,Суурь,Анхан,Ахисан,Хэл,Хичээлдээ ашиглах,Уншиж сурах,7 хоногт 1-2 удаа,Google Meet,Заах чадвар: Бичих чадвар (Суурь). Сурах чадвар: Excel (Зорилтот түвшин: Дунд). Сонирхол: Хэл. Зорилго: Хичээлдээ ашиглах. Сурах арга: Уншиж сурах. Боломж: 7 хоногт 1-2 удаа. Хүсэж буй хамтрагчийн түвшин: Ахисан.
SS0805,15,Python,Байхгүй,Дунд,Canva,Суурь,Дунд,Дунд,Суурь,Контент,Шинэ чадвар сурах,Багштай,7 хоногт 1-2 удаа,Discord,Заах чадвар: Python (Дунд). Сурах чадвар: Canva (Зорилтот түвшин: Суурь). Сонирхол: Контент. Зорилго: Шинэ чадвар сурах. Сурах арга: Багштай. Боломж: 7 хоногт 1-2 удаа. Хүсэж буй хамтрагчийн түвшин: Суурь.
SS0806,16,Гитар,Байхгүй,Ахисан,Математик,Ахисан,Анхан,Дунд,Ахисан,Дизайн,Хоббигоо хөгжүүлэх,Уншиж сурах,7 хоногт 1-2 удаа,Instagram,Заах чадвар: Гитар (Анхан). Сурах чадвар: Математик (Зорилтот түвшин: Ахисан). Сонирхол: Дизайн. Зорилго: Хоббигоо хөгжүүлэх. Сурах арга: Уншиж сурах. Боломж: 7 хоногт 1-2 удаа. Хүсэж буй хамтрагчийн түвшин: Ахисан.
SS0807,13,JavaScript,Байхгүй,Дунд,Шатар,Суурь,Дунд,Суурь,Анхан,Хэл,Ирээдүйн мэргэжилдээ ашиглах,Уншиж сурах,7 хоногт 1-2 удаа,Messenger,Заах чадвар: JavaScript (Дунд). Сурах чадвар: Шатар (Зорилтот түвшин: Суурь). Сонирхол: Хэл. Зорилго: Ирээдүйн мэргэжилдээ ашиглах. Сурах арга: Уншиж сурах. Боломж: 7 хоногт 1-2 удаа. Хүсэж буй хамтрагчийн түвшин: Анхан.
SS0808,17,Шатар,Байхгүй,Дунд,Гитар,Суурь,Дунд,Дунд,Ахисан,Контент,Төсөл хийх,Багштай,7 хоногт 1-2 удаа,Facebook,Заах чадвар: Шатар (Дунд). Сурах чадвар: Гитар (Зорилтот түвшин: Суурь). Сонирхол: Контент. Зорилго: Төсөл хийх. Сурах арга: Багштай. Боломж: 7 хоногт 1-2 удаа. Хүсэж буй хамтрагчийн түвшин: Ахисан.
SS0809,14,График дизайн,Байхгүй,Дунд,Сошиал медиа,Суурь,Суурь,Ахисан,Ахисан,Бүтээлч ажил,Хичээлдээ ашиглах,Практик хийж сурах,7 хоногт 3-4 удаа,Telegram,Заах чадвар: График дизайн (Суурь). Сурах чадвар: Сошиал медиа (Зорилтот түвшин: Суурь). Сонирхол: Бүтээлч ажил. Зорилго: Хичээлдээ ашиглах. Сурах арга: Практик хийж сурах. Боломж: 7 хоногт 3-4 удаа. Хүсэж буй хамтрагчийн түвшин: Ахисан.
SS0810,14,Математик,Байхгүй,Дунд,JavaScript,Ахисан,Суурь,Суурь,Суурь,Програмчлал,Шинэ чадвар сурах,Уншиж сурах,7 хоногт 3-4 удаа,Zoom,Заах чадвар: Математик (Суурь). Сурах чадвар: JavaScript (Зорилтот түвшин: Ахисан). Сонирхол: Програмчлал. Зорилго: Шинэ чадвар сурах. Сурах арга: Уншиж сурах. Боломж: 7 хоногт 3-4 удаа. Хүсэж буй хамтрагчийн түвшин: Суурь.
SS0811,13,Canva,Байхгүй,Анхан,Вэб хөгжүүлэлт,Суурь,Анхан,Суурь,Дунд,Урлаг,Тэмцээнд бэлдэх,Видео,Амралтын өдөр,Google Meet,Заах чадвар: Canva (Анхан). Сурах чадвар: Вэб хөгжүүлэлт (Зорилтот түвшин: Суурь). Сонирхол: Урлаг. Зорилго: Тэмцээнд бэлдэх. Сурах арга: Видео. Боломж: Амралтын өдөр. Хүсэж буй хамтрагчийн түвшин: Дунд.
SS0812,13,Төгөлдөр хуур,Байхгүй,Анхан,Хөгжим,Дунд,Анхан,Дунд,Дунд,Програмчлал,Шинэ чадвар сурах,Видео,7 хоногт 1-2 удаа,Discord,Заах чадвар: Төгөлдөр хуур (Анхан). Сурах чадвар: Хөгжим (Зорилтот түвшин: Дунд). Сонирхол: Програмчлал. Зорилго: Шинэ чадвар сурах. Сурах арга: Видео. Боломж: 7 хоногт 1-2 удаа. Хүсэж буй хамтрагчийн түвшин: Дунд.
SS0813,13,Бичих чадвар,Байхгүй,Дунд,Солонгос хэл,Суурь,Дунд,Суурь,Дунд,Технологи,Одоогийн чадвараа сайжруулах,Видео,7 хоногт 1-2 удаа,Instagram,Заах чадвар: Бичих чадвар (Дунд). Сурах чадвар: Солонгос хэл (Зорилтот түвшин: Суурь). Сонирхол: Технологи. Зорилго: Одоогийн чадвараа сайжруулах. Сурах арга: Видео. Боломж: 7 хоногт 1-2 удаа. Хүсэж буй хамтрагчийн түвшин: Дунд.
SS0814,16,C++,Байхгүй,Анхан,Солонгос хэл,Дунд,Анхан,Суурь,Анхан,Спорт,Хичээлдээ ашиглах,Видео,Өдөр бүр,Messenger,Заах чадвар: C++ (Анхан). Сурах чадвар: Солонгос хэл (Зорилтот түвшин: Дунд). Сонирхол: Спорт. Зорилго: Хичээлдээ ашиглах. Сурах арга: Видео. Боломж: Өдөр бүр. Хүсэж буй хамтрагчийн түвшин: Анхан.
SS0815,15,Гитар,Байхгүй,Анхан,UI/UX дизайн,Ахисан,Анхан,Дунд,Дунд,Хөгжим,Одоогийн чадвараа сайжруулах,Хамтрагчтай,7 хоногт 1-2 удаа,Facebook,Заах чадвар: Гитар (Анхан). Сурах чадвар: UI/UX дизайн (Зорилтот түвшин: Ахисан). Сонирхол: Хөгжим. Зорилго: Одоогийн чадвараа сайжруулах. Сурах арга: Хамтрагчтай. Боломж: 7 хоногт 1-2 удаа. Хүсэж буй хамтрагчийн түвшин: Дунд.
SS0816,18,Математик,Байхгүй,Дунд,Зурах,Суурь,Дунд,Суурь,Ахисан,Технологи,Одоогийн чадвараа сайжруулах,Хамтрагчтай,7 хоногт 3-4 удаа,Telegram,Заах чадвар: Математик (Дунд). Сурах чадвар: Зурах (Зорилтот түвшин: Суурь). Сонирхол: Технологи. Зорилго: Одоогийн чадвараа сайжруулах. Сурах арга: Хамтрагчтай. Боломж: 7 хоногт 3-4 удаа. Хүсэж буй хамтрагчийн түвшин: Ахисан.
SS0817,16,Судалгаа,3D моделчлол,Дунд,Видео эвлүүлэг,Ахисан,Дунд,Дунд,Суурь,Боловсрол,Одоогийн чадвараа сайжруулах,Уншиж сурах,Өдөр бүр,Zoom,"Заах чадвар: Судалгаа (Дунд), Хоёрдогч чадвар: 3D моделчлол. Сурах чадвар: Видео эвлүүлэг (Зорилтот түвшин: Ахисан). Сонирхол: Боловсрол. Зорилго: Одоогийн чадвараа сайжруулах. Сурах арга: Уншиж сурах. Боломж: Өдөр бүр. Хүсэж буй хамтрагчийн түвшин: Суурь."
SS0818,15,Figma,Байхгүй,Дунд,3D моделчлол,Ахисан,Дунд,Ахисан,Ахисан,Боловсрол,Шинэ чадвар сурах,Видео,Амралтын өдөр,Google Meet,Заах чадвар: Figma (Дунд). Сурах чадвар: 3D моделчлол (Зорилтот түвшин: Ахисан). Сонирхол: Боловсрол. Зорилго: Шинэ чадвар сурах. Сурах арга: Видео. Боломж: Амралтын өдөр. Хүсэж буй хамтрагчийн түвшин: Ахисан.
SS0819,17,Figma,Байхгүй,Суурь,UI/UX дизайн,Ахисан,Суурь,Ахисан,Анхан,Хэл,Ирээдүйн мэргэжилдээ ашиглах,Практик хийж сурах,Өдөр бүр,Discord,Заах чадвар: Figma (Суурь). Сурах чадвар: UI/UX дизайн (Зорилтот түвшин: Ахисан). Сонирхол: Хэл. Зорилго: Ирээдүйн мэргэжилдээ ашиглах. Сурах арга: Практик хийж сурах. Боломж: Өдөр бүр. Хүсэж буй хамтрагчийн түвшин: Анхан.
SS0820,14,Сошиал медиа,Багаар ажиллах,Суурь,Төгөлдөр хуур,Ахисан,Суурь,Анхан,Дунд,Контент,Тэмцээнд бэлдэх,Хамтрагчтай,Амралтын өдөр,Instagram,"Заах чадвар: Сошиал медиа (Суурь), Хоёрдогч чадвар: Багаар ажиллах. Сурах чадвар: Төгөлдөр хуур (Зорилтот түвшин: Ахисан). Сонирхол: Контент. Зорилго: Тэмцээнд бэлдэх. Сурах арга: Хамтрагчтай. Боломж: Амралтын өдөр. Хүсэж буй хамтрагчийн түвшин: Дунд."
SS0821,17,Математик,Хөгжим,Анхан,Англи хэл,Ахисан,Анхан,Дунд,Суурь,Хөгжим,Хоббигоо хөгжүүлэх,Практик хийж сурах,7 хоногт 1-2 удаа,Messenger,"Заах чадвар: Математик (Анхан), Хоёрдогч чадвар: Хөгжим. Сурах чадвар: Англи хэл (Зорилтот түвшин: Ахисан). Сонирхол: Хөгжим. Зорилго: Хоббигоо хөгжүүлэх. Сурах арга: Практик хийж сурах. Боломж: 7 хоногт 1-2 удаа. Хүсэж буй хамтрагчийн түвшин: Суурь."
SS0822,17,Япон хэл,Байхгүй,Анхан,Спорт,Дунд,Анхан,Анхан,Дунд,Технологи,Одоогийн чадвараа сайжруулах,Уншиж сурах,7 хоногт 1-2 удаа,Facebook,Заах чадвар: Япон хэл (Анхан). Сурах чадвар: Спорт (Зорилтот түвшин: Дунд). Сонирхол: Технологи. Зорилго: Одоогийн чадвараа сайжруулах. Сурах арга: Уншиж сурах. Боломж: 7 хоногт 1-2 удаа. Хүсэж буй хамтрагчийн түвшин: Дунд.
SS0823,13,Манлайлал,Физик,Ахисан,Сошиал медиа,Ахисан,Ахисан,Ахисан,Анхан,Бизнес,Төсөл хийх,Хамтрагчтай,7 хоногт 1-2 удаа,Telegram,"Заах чадвар: Манлайлал (Ахисан), Хоёрдогч чадвар: Физик. Сурах чадвар: Сошиал медиа (Зорилтот түвшин: Ахисан). Сонирхол: Бизнес. Зорилго: Төсөл хийх. Сурах арга: Хамтрагчтай. Боломж: 7 хоногт 1-2 удаа. Хүсэж буй хамтрагчийн түвшин: Анхан."
SS0824,17,Төгөлдөр хуур,Байхгүй,Дунд,Судалгаа,Дунд,Дунд,Ахисан,Дунд,Технологи,Одоогийн чадвараа сайжруулах,Видео,7 хоногт 1-2 удаа,Zoom,Заах чадвар: Төгөлдөр хуур (Дунд). Сурах чадвар: Судалгаа (Зорилтот түвшин: Дунд). Сонирхол: Технологи. Зорилго: Одоогийн чадвараа сайжруулах. Сурах арга: Видео. Боломж: 7 хоногт 1-2 удаа. Хүсэж буй хамтрагчийн түвшин: Дунд.
SS0825,18,Англи хэл,Байхгүй,Суурь,Япон хэл,Ахисан,Суурь,Суурь,Ахисан,Контент,Хоббигоо хөгжүүлэх,Практик хийж сурах,7 хоногт 3-4 удаа,Google Meet,Заах чадвар: Англи хэл (Суурь). Сурах чадвар: Япон хэл (Зорилтот түвшин: Ахисан). Сонирхол: Контент. Зорилго: Хоббигоо хөгжүүлэх. Сурах арга: Практик хийж сурах. Боломж: 7 хоногт 3-4 удаа. Хүсэж буй хамтрагчийн түвшин: Ахисан.
SS0826,14,Физик,Байхгүй,Суурь,Бичих чадвар,Суурь,Суурь,Дунд,Ахисан,Боловсрол,Одоогийн чадвараа сайжруулах,Багштай,7 хоногт 1-2 удаа,Discord,Заах чадвар: Физик (Суурь). Сурах чадвар: Бичих чадвар (Зорилтот түвшин: Суурь). Сонирхол: Боловсрол. Зорилго: Одоогийн чадвараа сайжруулах. Сурах арга: Багштай. Боломж: 7 хоногт 1-2 удаа. Хүсэж буй хамтрагчийн түвшин: Ахисан.
SS0827,17,График дизайн,Математик,Дунд,JavaScript,Ахисан,Дунд,Ахисан,Суурь,Хэл,Төсөл хийх,Практик хийж сурах,Өдөр бүр,Instagram,"Заах чадвар: График дизайн (Дунд), Хоёрдогч чадвар: Математик. Сурах чадвар: JavaScript (Зорилтот түвшин: Ахисан). Сонирхол: Хэл. Зорилго: Төсөл хийх. Сурах арга: Практик хийж сурах. Боломж: Өдөр бүр. Хүсэж буй хамтрагчийн түвшин: Суурь."
SS0828,14,Багаар ажиллах,Байхгүй,Дунд,Англи хэл,Дунд,Дунд,Суурь,Суурь,Шинжлэх ухаан,Шинэ чадвар сурах,Багштай,Амралтын өдөр,Messenger,Заах чадвар: Багаар ажиллах (Дунд). Сурах чадвар: Англи хэл (Зорилтот түвшин: Дунд). Сонирхол: Шинжлэх ухаан. Зорилго: Шинэ чадвар сурах. Сурах арга: Багштай. Боломж: Амралтын өдөр. Хүсэж буй хамтрагчийн түвшин: Суурь.
SS0829,13,Спорт,Байхгүй,Дунд,Сошиал медиа,Суурь,Дунд,Дунд,Анхан,Медиа,Одоогийн чадвараа сайжруулах,Видео,7 хоногт 3-4 удаа,Facebook,Заах чадвар: Спорт (Дунд). Сурах чадвар: Сошиал медиа (Зорилтот түвшин: Суурь). Сонирхол: Медиа. Зорилго: Одоогийн чадвараа сайжруулах. Сурах арга: Видео. Боломж: 7 хоногт 3-4 удаа. Хүсэж буй хамтрагчийн түвшин: Анхан.
SS0830,13,Солонгос хэл,Байхгүй,Суурь,Зураг авах,Ахисан,Суурь,Дунд,Суурь,Бүтээлч ажил,Одоогийн чадвараа сайжруулах,Практик хийж сурах,Өдөр бүр,Telegram,Заах чадвар: Солонгос хэл (Суурь). Сурах чадвар: Зураг авах (Зорилтот түвшин: Ахисан). Сонирхол: Бүтээлч ажил. Зорилго: Одоогийн чадвараа сайжруулах. Сурах арга: Практик хийж сурах. Боломж: Өдөр бүр. Хүсэж буй хамтрагчийн түвшин: Суурь.
SS0831,15,C++,Байхгүй,Суурь,Сошиал медиа,Суурь,Суурь,Ахисан,Анхан,Шинжлэх ухаан,Хичээлдээ ашиглах,Видео,7 хоногт 1-2 удаа,Zoom,Заах чадвар: C++ (Суурь). Сурах чадвар: Сошиал медиа (Зорилтот түвшин: Суурь). Сонирхол: Шинжлэх ухаан. Зорилго: Хичээлдээ ашиглах. Сурах арга: Видео. Боломж: 7 хоногт 1-2 удаа. Хүсэж буй хамтрагчийн түвшин: Анхан.
SS0832,16,Python,3D моделчлол,Суурь,Манлайлал,Суурь,Суурь,Анхан,Ахисан,Шинжлэх ухаан,Тэмцээнд бэлдэх,Видео,7 хоногт 3-4 удаа,Google Meet,"Заах чадвар: Python (Суурь), Хоёрдогч чадвар: 3D моделчлол. Сурах чадвар: Манлайлал (Зорилтот түвшин: Суурь). Сонирхол: Шинжлэх ухаан. Зорилго: Тэмцээнд бэлдэх. Сурах арга: Видео. Боломж: 7 хоногт 3-4 удаа. Хүсэж буй хамтрагчийн түвшин: Ахисан."
SS0833,18,Зураг авах,Байхгүй,Анхан,Canva,Суурь,Анхан,Дунд,Анхан,Дизайн,Одоогийн чадвараа сайжруулах,Уншиж сурах,Өдөр бүр,Discord,Заах чадвар: Зураг авах (Анхан). Сурах чадвар: Canva (Зорилтот түвшин: Суурь). Сонирхол: Дизайн. Зорилго: Одоогийн чадвараа сайжруулах. Сурах арга: Уншиж сурах. Боломж: Өдөр бүр. Хүсэж буй хамтрагчийн түвшин: Анхан.
SS0834,13,Япон хэл,Бичих чадвар,Анхан,Canva,Суурь,Анхан,Анхан,Суурь,Хэл,Ирээдүйн мэргэжилдээ ашиглах,Багштай,7 хоногт 1-2 удаа,Instagram,"Заах чадвар: Япон хэл (Анхан), Хоёрдогч чадвар: Бичих чадвар. Сурах чадвар: Canva (Зорилтот түвшин: Суурь). Сонирхол: Хэл. Зорилго: Ирээдүйн мэргэжилдээ ашиглах. Сурах арга: Багштай. Боломж: 7 хоногт 1-2 удаа. Хүсэж буй хамтрагчийн түвшин: Суурь."
SS0835,15,Гитар,Спорт,Дунд,Figma,Суурь,Дунд,Дунд,Анхан,Спорт,Төсөл хийх,Багштай,7 хоногт 1-2 удаа,Messenger,"Заах чадвар: Гитар (Дунд), Хоёрдогч чадвар: Спорт. Сурах чадвар: Figma (Зорилтот түвшин: Суурь). Сонирхол: Спорт. Зорилго: Төсөл хийх. Сурах арга: Багштай. Боломж: 7 хоногт 1-2 удаа. Хүсэж буй хамтрагчийн түвшин: Анхан."
SS0836,15,Сошиал медиа,Байхгүй,Ахисан,Python,Дунд,Суурь,Дунд,Ахисан,Дизайн,Шинэ чадвар сурах,Багштай,Өдөр бүр,Facebook,Заах чадвар: Сошиал медиа (Суурь). Сурах чадвар: Python (Зорилтот түвшин: Дунд). Сонирхол: Дизайн. Зорилго: Шинэ чадвар сурах. Сурах арга: Багштай. Боломж: Өдөр бүр. Хүсэж буй хамтрагчийн түвшин: Ахисан.
SS0837,16,Спорт,Бичих чадвар,Ахисан,Солонгос хэл,Дунд,Ахисан,Ахисан,Ахисан,Дизайн,Хичээлдээ ашиглах,Багштай,Амралтын өдөр,Telegram,"Заах чадвар: Спорт (Ахисан), Хоёрдогч чадвар: Бичих чадвар. Сурах чадвар: Солонгос хэл (Зорилтот түвшин: Дунд). Сонирхол: Дизайн. Зорилго: Хичээлдээ ашиглах. Сурах арга: Багштай. Боломж: Амралтын өдөр. Хүсэж буй хамтрагчийн түвшин: Ахисан."
SS0838,16,Зурах,Байхгүй,Анхан,Контент бүтээлт,Ахисан,Суурь,Суурь,Суурь,Дизайн,Ирээдүйн мэргэжилдээ ашиглах,Хамтрагчтай,Амралтын өдөр,Zoom,Заах чадвар: Зурах (Суурь). Сурах чадвар: Контент бүтээлт (Зорилтот түвшин: Ахисан). Сонирхол: Дизайн. Зорилго: Ирээдүйн мэргэжилдээ ашиглах. Сурах арга: Хамтрагчтай. Боломж: Амралтын өдөр. Хүсэж буй хамтрагчийн түвшин: Суурь.
SS0839,18,Canva,Байхгүй,Суурь,График дизайн,Суурь,Суурь,Ахисан,Анхан,Боловсрол,Төсөл хийх,Видео,7 хоногт 3-4 удаа,Google Meet,Заах чадвар: Canva (Суурь). Сурах чадвар: График дизайн (Зорилтот түвшин: Суурь). Сонирхол: Боловсрол. Зорилго: Төсөл хийх. Сурах арга: Видео. Боломж: 7 хоногт 3-4 удаа. Хүсэж буй хамтрагчийн түвшин: Анхан.
SS0840,13,Математик,3D моделчлол,Суурь,Багаар ажиллах,Дунд,Суурь,Анхан,Суурь,Бизнес,Тэмцээнд бэлдэх,Уншиж сурах,7 хоногт 1-2 удаа,Discord,"Заах чадвар: Математик (Суурь), Хоёрдогч чадвар: 3D моделчлол. Сурах чадвар: Багаар ажиллах (Зорилтот түвшин: Дунд). Сонирхол: Бизнес. Зорилго: Тэмцээнд бэлдэх. Сурах арга: Уншиж сурах. Боломж: 7 хоногт 1-2 удаа. Хүсэж буй хамтрагчийн түвшин: Суурь."
SS0841,14,Контент бүтээлт,Байхгүй,Ахисан,Багаар ажиллах,Суурь,Ахисан,Ахисан,Суурь,Боловсрол,Хичээлдээ ашиглах,Уншиж сурах,Өдөр бүр,Instagram,Заах чадвар: Контент бүтээлт (Ахисан). Сурах чадвар: Багаар ажиллах (Зорилтот түвшин: Суурь). Сонирхол: Боловсрол. Зорилго: Хичээлдээ ашиглах. Сурах арга: Уншиж сурах. Боломж: Өдөр бүр. Хүсэж буй хамтрагчийн түвшин: Суурь.
SS0842,16,Canva,Excel,Суурь,Шатар,Суурь,Суурь,Дунд,Анхан,Технологи,Одоогийн чадвараа сайжруулах,Уншиж сурах,7 хоногт 1-2 удаа,Messenger,"Заах чадвар: Canva (Суурь), Хоёрдогч чадвар: Excel. Сурах чадвар: Шатар (Зорилтот түвшин: Суурь). Сонирхол: Технологи. Зорилго: Одоогийн чадвараа сайжруулах. Сурах арга: Уншиж сурах. Боломж: 7 хоногт 1-2 удаа. Хүсэж буй хамтрагчийн түвшин: Анхан."
SS0843,14,Физик,Багаар ажиллах,Дунд,График дизайн,Ахисан,Дунд,Суурь,Ахисан,Хэл,Тэмцээнд бэлдэх,Хамтрагчтай,7 хоногт 1-2 удаа,Facebook,"Заах чадвар: Физик (Дунд), Хоёрдогч чадвар: Багаар ажиллах. Сурах чадвар: График дизайн (Зорилтот түвшин: Ахисан). Сонирхол: Хэл. Зорилго: Тэмцээнд бэлдэх. Сурах арга: Хамтрагчтай. Боломж: 7 хоногт 1-2 удаа. Хүсэж буй хамтрагчийн түвшин: Ахисан."
SS0844,13,Спорт,Байхгүй,Дунд,Илтгэх урлаг,Суурь,Дунд,Дунд,Суурь,Програмчлал,Ирээдүйн мэргэжилдээ ашиглах,Видео,7 хоногт 3-4 удаа,Telegram,Заах чадвар: Спорт (Дунд). Сурах чадвар: Илтгэх урлаг (Зорилтот түвшин: Суурь). Сонирхол: Програмчлал. Зорилго: Ирээдүйн мэргэжилдээ ашиглах. Сурах арга: Видео. Боломж: 7 хоногт 3-4 удаа. Хүсэж буй хамтрагчийн түвшин: Суурь.
SS0845,17,Python,Байхгүй,Дунд,Figma,Дунд,Дунд,Ахисан,Дунд,Боловсрол,Одоогийн чадвараа сайжруулах,Уншиж сурах,Амралтын өдөр,Zoom,Заах чадвар: Python (Дунд). Сурах чадвар: Figma (Зорилтот түвшин: Дунд). Сонирхол: Боловсрол. Зорилго: Одоогийн чадвараа сайжруулах. Сурах арга: Уншиж сурах. Боломж: Амралтын өдөр. Хүсэж буй хамтрагчийн түвшин: Дунд.
SS0846,17,График дизайн,Байхгүй,Ахисан,UI/UX дизайн,Суурь,Ахисан,Дунд,Ахисан,Контент,Хоббигоо хөгжүүлэх,Уншиж сурах,Өдөр бүр,Google Meet,Заах чадвар: График дизайн (Ахисан). Сурах чадвар: UI/UX дизайн (Зорилтот түвшин: Суурь). Сонирхол: Контент. Зорилго: Хоббигоо хөгжүүлэх. Сурах арга: Уншиж сурах. Боломж: Өдөр бүр. Хүсэж буй хамтрагчийн түвшин: Ахисан.
SS0847,13,C++,Байхгүй,Суурь,Илтгэх урлаг,Ахисан,Суурь,Ахисан,Анхан,Контент,Шинэ чадвар сурах,Уншиж сурах,7 хоногт 1-2 удаа,Discord,Заах чадвар: C++ (Суурь). Сурах чадвар: Илтгэх урлаг (Зорилтот түвшин: Ахисан). Сонирхол: Контент. Зорилго: Шинэ чадвар сурах. Сурах арга: Уншиж сурах. Боломж: 7 хоногт 1-2 удаа. Хүсэж буй хамтрагчийн түвшин: Анхан.
SS0848,15,График дизайн,Байхгүй,Дунд,Canva,Ахисан,Дунд,Ахисан,Анхан,Урлаг,Ирээдүйн мэргэжилдээ ашиглах,Видео,7 хоногт 3-4 удаа,Instagram,Заах чадвар: График дизайн (Дунд). Сурах чадвар: Canva (Зорилтот түвшин: Ахисан). Сонирхол: Урлаг. Зорилго: Ирээдүйн мэргэжилдээ ашиглах. Сурах арга: Видео. Боломж: 7 хоногт 3-4 удаа. Хүсэж буй хамтрагчийн түвшин: Анхан.
SS0849,15,Шатар,Математик,Дунд,Япон хэл,Ахисан,Дунд,Суурь,Анхан,Математик,Шинэ чадвар сурах,Видео,Амралтын өдөр,Messenger,"Заах чадвар: Шатар (Дунд), Хоёрдогч чадвар: Математик. Сурах чадвар: Япон хэл (Зорилтот түвшин: Ахисан). Сонирхол: Математик. Зорилго: Шинэ чадвар сурах. Сурах арга: Видео. Боломж: Амралтын өдөр. Хүсэж буй хамтрагчийн түвшин: Анхан."
SS0850,15,Илтгэх урлаг,Байхгүй,Анхан,График дизайн,Ахисан,Анхан,Суурь,Дунд,Шинжлэх ухаан,Хичээлдээ ашиглах,Практик хийж сурах,Амралтын өдөр,Facebook,Заах чадвар: Илтгэх урлаг (Анхан). Сурах чадвар: График дизайн (Зорилтот түвшин: Ахисан). Сонирхол: Шинжлэх ухаан. Зорилго: Хичээлдээ ашиглах. Сурах арга: Практик хийж сурах. Боломж: Амралтын өдөр. Хүсэж буй хамтрагчийн түвшин: Дунд.
SS0851,17,Зураг авах,Байхгүй,Суурь,Спорт,Суурь,Суурь,Ахисан,Анхан,Математик,Ирээдүйн мэргэжилдээ ашиглах,Багштай,Амралтын өдөр,Telegram,Заах чадвар: Зураг авах (Суурь). Сурах чадвар: Спорт (Зорилтот түвшин: Суурь). Сонирхол: Математик. Зорилго: Ирээдүйн мэргэжилдээ ашиглах. Сурах арга: Багштай. Боломж: Амралтын өдөр. Хүсэж буй хамтрагчийн түвшин: Анхан.
SS0852,18,Япон хэл,JavaScript,Анхан,Англи хэл,Суурь,Анхан,Анхан,Дунд,Медиа,Ирээдүйн мэргэжилдээ ашиглах,Уншиж сурах,7 хоногт 3-4 удаа,Zoom,"Заах чадвар: Япон хэл (Анхан), Хоёрдогч чадвар: JavaScript. Сурах чадвар: Англи хэл (Зорилтот түвшин: Суурь). Сонирхол: Медиа. Зорилго: Ирээдүйн мэргэжилдээ ашиглах. Сурах арга: Уншиж сурах. Боломж: 7 хоногт 3-4 удаа. Хүсэж буй хамтрагчийн түвшин: Дунд."
SS0853,13,Excel,Япон хэл,Суурь,Контент бүтээлт,Ахисан,Суурь,Суурь,Анхан,Контент,Ирээдүйн мэргэжилдээ ашиглах,Уншиж сурах,7 хоногт 3-4 удаа,Google Meet,"Заах чадвар: Excel (Суурь), Хоёрдогч чадвар: Япон хэл. Сурах чадвар: Контент бүтээлт (Зорилтот түвшин: Ахисан). Сонирхол: Контент. Зорилго: Ирээдүйн мэргэжилдээ ашиглах. Сурах арга: Уншиж сурах. Боломж: 7 хоногт 3-4 удаа. Хүсэж буй хамтрагчийн түвшин: Анхан."
SS0854,15,Зураг авах,Байхгүй,Суурь,Зурах,Суурь,Суурь,Дунд,Суурь,Дизайн,Төсөл хийх,Видео,Амралтын өдөр,Discord,Заах чадвар: Зураг авах (Суурь). Сурах чадвар: Зурах (Зорилтот түвшин: Суурь). Сонирхол: Дизайн. Зорилго: Төсөл хийх. Сурах арга: Видео. Боломж: Амралтын өдөр. Хүсэж буй хамтрагчийн түвшин: Суурь.
SS0855,13,Судалгаа,Солонгос хэл,Суурь,Япон хэл,Ахисан,Суурь,Ахисан,Дунд,Медиа,Тэмцээнд бэлдэх,Багштай,7 хоногт 1-2 удаа,Instagram,"Заах чадвар: Судалгаа (Суурь), Хоёрдогч чадвар: Солонгос хэл. Сурах чадвар: Япон хэл (Зорилтот түвшин: Ахисан). Сонирхол: Медиа. Зорилго: Тэмцээнд бэлдэх. Сурах арга: Багштай. Боломж: 7 хоногт 1-2 удаа. Хүсэж буй хамтрагчийн түвшин: Дунд."
SS0856,13,Шатар,Байхгүй,Ахисан,Судалгаа,Дунд,Ахисан,Дунд,Дунд,Контент,Тэмцээнд бэлдэх,Багштай,7 хоногт 3-4 удаа,Messenger,Заах чадвар: Шатар (Ахисан). Сурах чадвар: Судалгаа (Зорилтот түвшин: Дунд). Сонирхол: Контент. Зорилго: Тэмцээнд бэлдэх. Сурах арга: Багштай. Боломж: 7 хоногт 3-4 удаа. Хүсэж буй хамтрагчийн түвшин: Дунд.
SS0857,16,JavaScript,Байхгүй,Суурь,Багаар ажиллах,Дунд,Суурь,Суурь,Суурь,Спорт,Хичээлдээ ашиглах,Видео,Өдөр бүр,Facebook,Заах чадвар: JavaScript (Суурь). Сурах чадвар: Багаар ажиллах (Зорилтот түвшин: Дунд). Сонирхол: Спорт. Зорилго: Хичээлдээ ашиглах. Сурах арга: Видео. Боломж: Өдөр бүр. Хүсэж буй хамтрагчийн түвшин: Суурь.
SS0858,16,Төгөлдөр хуур,Байхгүй,Анхан,Манлайлал,Ахисан,Анхан,Анхан,Ахисан,Контент,Тэмцээнд бэлдэх,Видео,7 хоногт 3-4 удаа,Telegram,Заах чадвар: Төгөлдөр хуур (Анхан). Сурах чадвар: Манлайлал (Зорилтот түвшин: Ахисан). Сонирхол: Контент. Зорилго: Тэмцээнд бэлдэх. Сурах арга: Видео. Боломж: 7 хоногт 3-4 удаа. Хүсэж буй хамтрагчийн түвшин: Ахисан.
SS0859,16,Гитар,Байхгүй,Суурь,График дизайн,Суурь,Суурь,Ахисан,Ахисан,Хэл,Хоббигоо хөгжүүлэх,Видео,Амралтын өдөр,Zoom,Заах чадвар: Гитар (Суурь). Сурах чадвар: График дизайн (Зорилтот түвшин: Суурь). Сонирхол: Хэл. Зорилго: Хоббигоо хөгжүүлэх. Сурах арга: Видео. Боломж: Амралтын өдөр. Хүсэж буй хамтрагчийн түвшин: Ахисан.
SS0860,14,Математик,Байхгүй,Суурь,Figma,Ахисан,Суурь,Анхан,Анхан,Дизайн,Тэмцээнд бэлдэх,Видео,7 хоногт 1-2 удаа,Google Meet,Заах чадвар: Математик (Суурь). Сурах чадвар: Figma (Зорилтот түвшин: Ахисан). Сонирхол: Дизайн. Зорилго: Тэмцээнд бэлдэх. Сурах арга: Видео. Боломж: 7 хоногт 1-2 удаа. Хүсэж буй хамтрагчийн түвшин: Анхан.
SS0861,17,UI/UX дизайн,Байхгүй,Анхан,Зураг авах,Ахисан,Анхан,Анхан,Дунд,Медиа,Хоббигоо хөгжүүлэх,Багштай,Өдөр бүр,Discord,Заах чадвар: UI/UX дизайн (Анхан). Сурах чадвар: Зураг авах (Зорилтот түвшин: Ахисан). Сонирхол: Медиа. Зорилго: Хоббигоо хөгжүүлэх. Сурах арга: Багштай. Боломж: Өдөр бүр. Хүсэж буй хамтрагчийн түвшин: Дунд.
SS0862,13,Сошиал медиа,Байхгүй,Анхан,Figma,Дунд,Анхан,Суурь,Суурь,Спорт,Шинэ чадвар сурах,Практик хийж сурах,7 хоногт 3-4 удаа,Instagram,Заах чадвар: Сошиал медиа (Анхан). Сурах чадвар: Figma (Зорилтот түвшин: Дунд). Сонирхол: Спорт. Зорилго: Шинэ чадвар сурах. Сурах арга: Практик хийж сурах. Боломж: 7 хоногт 3-4 удаа. Хүсэж буй хамтрагчийн түвшин: Суурь.
SS0863,17,График дизайн,Байхгүй,Суурь,Япон хэл,Ахисан,Суурь,Ахисан,Ахисан,Спорт,Шинэ чадвар сурах,Уншиж сурах,Өдөр бүр,Messenger,Заах чадвар: График дизайн (Суурь). Сурах чадвар: Япон хэл (Зорилтот түвшин: Ахисан). Сонирхол: Спорт. Зорилго: Шинэ чадвар сурах. Сурах арга: Уншиж сурах. Боломж: Өдөр бүр. Хүсэж буй хамтрагчийн түвшин: Ахисан.
SS0864,16,Илтгэх урлаг,Байхгүй,Анхан,Сошиал медиа,Ахисан,Анхан,Анхан,Ахисан,Медиа,Төсөл хийх,Уншиж сурах,Амралтын өдөр,Facebook,Заах чадвар: Илтгэх урлаг (Анхан). Сурах чадвар: Сошиал медиа (Зорилтот түвшин: Ахисан). Сонирхол: Медиа. Зорилго: Төсөл хийх. Сурах арга: Уншиж сурах. Боломж: Амралтын өдөр. Хүсэж буй хамтрагчийн түвшин: Ахисан.
SS0865,18,Контент бүтээлт,Байхгүй,Дунд,Python,Ахисан,Дунд,Дунд,Дунд,Математик,Хичээлдээ ашиглах,Уншиж сурах,7 хоногт 1-2 удаа,Telegram,Заах чадвар: Контент бүтээлт (Дунд). Сурах чадвар: Python (Зорилтот түвшин: Ахисан). Сонирхол: Математик. Зорилго: Хичээлдээ ашиглах. Сурах арга: Уншиж сурах. Боломж: 7 хоногт 1-2 удаа. Хүсэж буй хамтрагчийн түвшин: Дунд.
SS0866,15,Python,Байхгүй,Ахисан,Англи хэл,Ахисан,Ахисан,Дунд,Суурь,Контент,Тэмцээнд бэлдэх,Практик хийж сурах,Өдөр бүр,Zoom,Заах чадвар: Python (Ахисан). Сурах чадвар: Англи хэл (Зорилтот түвшин: Ахисан). Сонирхол: Контент. Зорилго: Тэмцээнд бэлдэх. Сурах арга: Практик хийж сурах. Боломж: Өдөр бүр. Хүсэж буй хамтрагчийн түвшин: Суурь.
SS0867,18,Хөгжим,Байхгүй,Суурь,Excel,Дунд,Суурь,Ахисан,Ахисан,Боловсрол,Ирээдүйн мэргэжилдээ ашиглах,Хамтрагчтай,7 хоногт 3-4 удаа,Google Meet,Заах чадвар: Хөгжим (Суурь). Сурах чадвар: Excel (Зорилтот түвшин: Дунд). Сонирхол: Боловсрол. Зорилго: Ирээдүйн мэргэжилдээ ашиглах. Сурах арга: Хамтрагчтай. Боломж: 7 хоногт 3-4 удаа. Хүсэж буй хамтрагчийн түвшин: Ахисан.
SS0868,15,Математик,Байхгүй,Анхан,Canva,Суурь,Анхан,Суурь,Ахисан,Спорт,Хичээлдээ ашиглах,Практик хийж сурах,Өдөр бүр,Discord,Заах чадвар: Математик (Анхан). Сурах чадвар: Canva (Зорилтот түвшин: Суурь). Сонирхол: Спорт. Зорилго: Хичээлдээ ашиглах. Сурах арга: Практик хийж сурах. Боломж: Өдөр бүр. Хүсэж буй хамтрагчийн түвшин: Ахисан.
SS0869,17,Хөгжим,Байхгүй,Суурь,Excel,Суурь,Суурь,Суурь,Суурь,Хэл,Төсөл хийх,Багштай,Амралтын өдөр,Instagram,Заах чадвар: Хөгжим (Суурь). Сурах чадвар: Excel (Зорилтот түвшин: Суурь). Сонирхол: Хэл. Зорилго: Төсөл хийх. Сурах арга: Багштай. Боломж: Амралтын өдөр. Хүсэж буй хамтрагчийн түвшин: Суурь.
SS0870,18,UI/UX дизайн,Figma,Суурь,Хөгжим,Ахисан,Суурь,Дунд,Анхан,Математик,Хоббигоо хөгжүүлэх,Видео,Өдөр бүр,Messenger,"Заах чадвар: UI/UX дизайн (Суурь), Хоёрдогч чадвар: Figma. Сурах чадвар: Хөгжим (Зорилтот түвшин: Ахисан). Сонирхол: Математик. Зорилго: Хоббигоо хөгжүүлэх. Сурах арга: Видео. Боломж: Өдөр бүр. Хүсэж буй хамтрагчийн түвшин: Анхан."
SS0871,18,График дизайн,Excel,Анхан,Гитар,Ахисан,Анхан,Суурь,Ахисан,Математик,Хоббигоо хөгжүүлэх,Видео,7 хоногт 1-2 удаа,Facebook,"Заах чадвар: График дизайн (Анхан), Хоёрдогч чадвар: Excel. Сурах чадвар: Гитар (Зорилтот түвшин: Ахисан). Сонирхол: Математик. Зорилго: Хоббигоо хөгжүүлэх. Сурах арга: Видео. Боломж: 7 хоногт 1-2 удаа. Хүсэж буй хамтрагчийн түвшин: Ахисан."
SS0872,16,Математик,Байхгүй,Суурь,Солонгос хэл,Дунд,Суурь,Анхан,Ахисан,Медиа,Хоббигоо хөгжүүлэх,Багштай,Амралтын өдөр,Telegram,Заах чадвар: Математик (Суурь). Сурах чадвар: Солонгос хэл (Зорилтот түвшин: Дунд). Сонирхол: Медиа. Зорилго: Хоббигоо хөгжүүлэх. Сурах арга: Багштай. Боломж: Амралтын өдөр. Хүсэж буй хамтрагчийн түвшин: Ахисан.
SS0873,18,Python,Байхгүй,Суурь,Canva,Дунд,Суурь,Суурь,Ахисан,Бүтээлч ажил,Шинэ чадвар сурах,Багштай,7 хоногт 3-4 удаа,Zoom,Заах чадвар: Python (Суурь). Сурах чадвар: Canva (Зорилтот түвшин: Дунд). Сонирхол: Бүтээлч ажил. Зорилго: Шинэ чадвар сурах. Сурах арга: Багштай. Боломж: 7 хоногт 3-4 удаа. Хүсэж буй хамтрагчийн түвшин: Ахисан.
SS0874,15,Вэб хөгжүүлэлт,Манлайлал,Суурь,Python,Ахисан,Суурь,Дунд,Ахисан,Контент,Одоогийн чадвараа сайжруулах,Уншиж сурах,Амралтын өдөр,Google Meet,"Заах чадвар: Вэб хөгжүүлэлт (Суурь), Хоёрдогч чадвар: Манлайлал. Сурах чадвар: Python (Зорилтот түвшин: Ахисан). Сонирхол: Контент. Зорилго: Одоогийн чадвараа сайжруулах. Сурах арга: Уншиж сурах. Боломж: Амралтын өдөр. Хүсэж буй хамтрагчийн түвшин: Ахисан."
SS0875,18,Контент бүтээлт,Байхгүй,Суурь,Вэб хөгжүүлэлт,Ахисан,Суурь,Ахисан,Суурь,Хэл,Ирээдүйн мэргэжилдээ ашиглах,Багштай,7 хоногт 1-2 удаа,Discord,Заах чадвар: Контент бүтээлт (Суурь). Сурах чадвар: Вэб хөгжүүлэлт (Зорилтот түвшин: Ахисан). Сонирхол: Хэл. Зорилго: Ирээдүйн мэргэжилдээ ашиглах. Сурах арга: Багштай. Боломж: 7 хоногт 1-2 удаа. Хүсэж буй хамтрагчийн түвшин: Суурь.
SS0876,17,Figma,Манлайлал,Анхан,Физик,Ахисан,Анхан,Анхан,Суурь,Спорт,Төсөл хийх,Хамтрагчтай,7 хоногт 3-4 удаа,Instagram,"Заах чадвар: Figma (Анхан), Хоёрдогч чадвар: Манлайлал. Сурах чадвар: Физик (Зорилтот түвшин: Ахисан). Сонирхол: Спорт. Зорилго: Төсөл хийх. Сурах арга: Хамтрагчтай. Боломж: 7 хоногт 3-4 удаа. Хүсэж буй хамтрагчийн түвшин: Суурь."
SS0877,13,График дизайн,Python,Дунд,Видео эвлүүлэг,Ахисан,Дунд,Дунд,Суурь,Хөгжим,Шинэ чадвар сурах,Видео,Амралтын өдөр,Messenger,"Заах чадвар: График дизайн (Дунд), Хоёрдогч чадвар: Python. Сурах чадвар: Видео эвлүүлэг (Зорилтот түвшин: Ахисан). Сонирхол: Хөгжим. Зорилго: Шинэ чадвар сурах. Сурах арга: Видео. Боломж: Амралтын өдөр. Хүсэж буй хамтрагчийн түвшин: Суурь."
SS0878,14,Excel,Байхгүй,Суурь,Гитар,Суурь,Суурь,Дунд,Дунд,Хөгжим,Хоббигоо хөгжүүлэх,Уншиж сурах,Амралтын өдөр,Facebook,Заах чадвар: Excel (Суурь). Сурах чадвар: Гитар (Зорилтот түвшин: Суурь). Сонирхол: Хөгжим. Зорилго: Хоббигоо хөгжүүлэх. Сурах арга: Уншиж сурах. Боломж: Амралтын өдөр. Хүсэж буй хамтрагчийн түвшин: Дунд.
SS0879,18,Гитар,Байхгүй,Ахисан,Вэб хөгжүүлэлт,Суурь,Ахисан,Ахисан,Суурь,Урлаг,Шинэ чадвар сурах,Багштай,Өдөр бүр,Telegram,Заах чадвар: Гитар (Ахисан). Сурах чадвар: Вэб хөгжүүлэлт (Зорилтот түвшин: Суурь). Сонирхол: Урлаг. Зорилго: Шинэ чадвар сурах. Сурах арга: Багштай. Боломж: Өдөр бүр. Хүсэж буй хамтрагчийн түвшин: Суурь.
SS0880,15,Япон хэл,Байхгүй,Анхан,Солонгос хэл,Дунд,Анхан,Суурь,Анхан,Урлаг,Тэмцээнд бэлдэх,Багштай,Өдөр бүр,Zoom,Заах чадвар: Япон хэл (Анхан). Сурах чадвар: Солонгос хэл (Зорилтот түвшин: Дунд). Сонирхол: Урлаг. Зорилго: Тэмцээнд бэлдэх. Сурах арга: Багштай. Боломж: Өдөр бүр. Хүсэж буй хамтрагчийн түвшин: Анхан.
SS0881,14,C++,Спорт,Суурь,Гитар,Дунд,Суурь,Суурь,Дунд,Технологи,Шинэ чадвар сурах,Уншиж сурах,Өдөр бүр,Google Meet,"Заах чадвар: C++ (Суурь), Хоёрдогч чадвар: Спорт. Сурах чадвар: Гитар (Зорилтот түвшин: Дунд). Сонирхол: Технологи. Зорилго: Шинэ чадвар сурах. Сурах арга: Уншиж сурах. Боломж: Өдөр бүр. Хүсэж буй хамтрагчийн түвшин: Дунд."
SS0882,17,Бичих чадвар,Байхгүй,Суурь,JavaScript,Дунд,Суурь,Дунд,Анхан,Урлаг,Ирээдүйн мэргэжилдээ ашиглах,Уншиж сурах,Өдөр бүр,Discord,Заах чадвар: Бичих чадвар (Суурь). Сурах чадвар: JavaScript (Зорилтот түвшин: Дунд). Сонирхол: Урлаг. Зорилго: Ирээдүйн мэргэжилдээ ашиглах. Сурах арга: Уншиж сурах. Боломж: Өдөр бүр. Хүсэж буй хамтрагчийн түвшин: Анхан.
SS0883,14,JavaScript,Байхгүй,Анхан,UI/UX дизайн,Дунд,Анхан,Суурь,Суурь,Хэл,Хичээлдээ ашиглах,Уншиж сурах,Өдөр бүр,Instagram,Заах чадвар: JavaScript (Анхан). Сурах чадвар: UI/UX дизайн (Зорилтот түвшин: Дунд). Сонирхол: Хэл. Зорилго: Хичээлдээ ашиглах. Сурах арга: Уншиж сурах. Боломж: Өдөр бүр. Хүсэж буй хамтрагчийн түвшин: Суурь.
SS0884,17,Солонгос хэл,Байхгүй,Ахисан,Япон хэл,Дунд,Ахисан,Дунд,Ахисан,Дизайн,Ирээдүйн мэргэжилдээ ашиглах,Багштай,Амралтын өдөр,Messenger,Заах чадвар: Солонгос хэл (Ахисан). Сурах чадвар: Япон хэл (Зорилтот түвшин: Дунд). Сонирхол: Дизайн. Зорилго: Ирээдүйн мэргэжилдээ ашиглах. Сурах арга: Багштай. Боломж: Амралтын өдөр. Хүсэж буй хамтрагчийн түвшин: Ахисан.
SS0885,16,Судалгаа,Байхгүй,Анхан,Математик,Ахисан,Анхан,Анхан,Суурь,Медиа,Одоогийн чадвараа сайжруулах,Хамтрагчтай,7 хоногт 1-2 удаа,Facebook,Заах чадвар: Судалгаа (Анхан). Сурах чадвар: Математик (Зорилтот түвшин: Ахисан). Сонирхол: Медиа. Зорилго: Одоогийн чадвараа сайжруулах. Сурах арга: Хамтрагчтай. Боломж: 7 хоногт 1-2 удаа. Хүсэж буй хамтрагчийн түвшин: Суурь.
SS0886,15,Спорт,Байхгүй,Суурь,C++,Ахисан,Суурь,Дунд,Суурь,Урлаг,Тэмцээнд бэлдэх,Хамтрагчтай,Амралтын өдөр,Telegram,Заах чадвар: Спорт (Суурь). Сурах чадвар: C++ (Зорилтот түвшин: Ахисан). Сонирхол: Урлаг. Зорилго: Тэмцээнд бэлдэх. Сурах арга: Хамтрагчтай. Боломж: Амралтын өдөр. Хүсэж буй хамтрагчийн түвшин: Суурь.
SS0887,14,3D моделчлол,Байхгүй,Дунд,Бичих чадвар,Ахисан,Дунд,Ахисан,Дунд,Спорт,Төсөл хийх,Хамтрагчтай,Амралтын өдөр,Zoom,Заах чадвар: 3D моделчлол (Дунд). Сурах чадвар: Бичих чадвар (Зорилтот түвшин: Ахисан). Сонирхол: Спорт. Зорилго: Төсөл хийх. Сурах арга: Хамтрагчтай. Боломж: Амралтын өдөр. Хүсэж буй хамтрагчийн түвшин: Дунд.
SS0888,14,Canva,Манлайлал,Суурь,Python,Суурь,Суурь,Анхан,Дунд,Програмчлал,Одоогийн чадвараа сайжруулах,Практик хийж сурах,7 хоногт 1-2 удаа,Google Meet,"Заах чадвар: Canva (Суурь), Хоёрдогч чадвар: Манлайлал. Сурах чадвар: Python (Зорилтот түвшин: Суурь). Сонирхол: Програмчлал. Зорилго: Одоогийн чадвараа сайжруулах. Сурах арга: Практик хийж сурах. Боломж: 7 хоногт 1-2 удаа. Хүсэж буй хамтрагчийн түвшин: Дунд."
SS0889,16,Видео эвлүүлэг,Байхгүй,Анхан,Python,Дунд,Анхан,Суурь,Дунд,Шинжлэх ухаан,Тэмцээнд бэлдэх,Хамтрагчтай,Өдөр бүр,Discord,Заах чадвар: Видео эвлүүлэг (Анхан). Сурах чадвар: Python (Зорилтот түвшин: Дунд). Сонирхол: Шинжлэх ухаан. Зорилго: Тэмцээнд бэлдэх. Сурах арга: Хамтрагчтай. Боломж: Өдөр бүр. Хүсэж буй хамтрагчийн түвшин: Дунд.
SS0890,17,Зурах,Байхгүй,Анхан,Математик,Суурь,Анхан,Дунд,Дунд,Математик,Төсөл хийх,Багштай,Амралтын өдөр,Instagram,Заах чадвар: Зурах (Анхан). Сурах чадвар: Математик (Зорилтот түвшин: Суурь). Сонирхол: Математик. Зорилго: Төсөл хийх. Сурах арга: Багштай. Боломж: Амралтын өдөр. Хүсэж буй хамтрагчийн түвшин: Дунд.
SS0891,13,Математик,UI/UX дизайн,Суурь,Физик,Дунд,Суурь,Ахисан,Ахисан,Хэл,Ирээдүйн мэргэжилдээ ашиглах,Хамтрагчтай,7 хоногт 1-2 удаа,Messenger,"Заах чадвар: Математик (Суурь), Хоёрдогч чадвар: UI/UX дизайн. Сурах чадвар: Физик (Зорилтот түвшин: Дунд). Сонирхол: Хэл. Зорилго: Ирээдүйн мэргэжилдээ ашиглах. Сурах арга: Хамтрагчтай. Боломж: 7 хоногт 1-2 удаа. Хүсэж буй хамтрагчийн түвшин: Ахисан."
SS0892,16,Физик,Python,Дунд,Зурах,Суурь,Анхан,Дунд,Анхан,Бүтээлч ажил,Ирээдүйн мэргэжилдээ ашиглах,Багштай,Өдөр бүр,Facebook,"Заах чадвар: Физик (Анхан), Хоёрдогч чадвар: Python. Сурах чадвар: Зурах (Зорилтот түвшин: Суурь). Сонирхол: Бүтээлч ажил. Зорилго: Ирээдүйн мэргэжилдээ ашиглах. Сурах арга: Багштай. Боломж: Өдөр бүр. Хүсэж буй хамтрагчийн түвшин: Анхан."
SS0893,15,Илтгэх урлаг,JavaScript,Анхан,Гитар,Дунд,Анхан,Дунд,Анхан,Контент,Тэмцээнд бэлдэх,Видео,7 хоногт 1-2 удаа,Telegram,"Заах чадвар: Илтгэх урлаг (Анхан), Хоёрдогч чадвар: JavaScript. Сурах чадвар: Гитар (Зорилтот түвшин: Дунд). Сонирхол: Контент. Зорилго: Тэмцээнд бэлдэх. Сурах арга: Видео. Боломж: 7 хоногт 1-2 удаа. Хүсэж буй хамтрагчийн түвшин: Анхан."
SS0894,15,Canva,Байхгүй,Суурь,Япон хэл,Суурь,Суурь,Дунд,Анхан,Технологи,Хоббигоо хөгжүүлэх,Уншиж сурах,Өдөр бүр,Zoom,Заах чадвар: Canva (Суурь). Сурах чадвар: Япон хэл (Зорилтот түвшин: Суурь). Сонирхол: Технологи. Зорилго: Хоббигоо хөгжүүлэх. Сурах арга: Уншиж сурах. Боломж: Өдөр бүр. Хүсэж буй хамтрагчийн түвшин: Анхан.
SS0895,14,Зураг авах,Байхгүй,Дунд,Видео эвлүүлэг,Суурь,Суурь,Дунд,Анхан,Боловсрол,Хичээлдээ ашиглах,Практик хийж сурах,Өдөр бүр,Google Meet,Заах чадвар: Зураг авах (Суурь). Сурах чадвар: Видео эвлүүлэг (Зорилтот түвшин: Суурь). Сонирхол: Боловсрол. Зорилго: Хичээлдээ ашиглах. Сурах арга: Практик хийж сурах. Боломж: Өдөр бүр. Хүсэж буй хамтрагчийн түвшин: Анхан.
SS0896,15,Солонгос хэл,Байхгүй,Анхан,Судалгаа,Ахисан,Анхан,Дунд,Суурь,Математик,Хичээлдээ ашиглах,Багштай,7 хоногт 1-2 удаа,Discord,Заах чадвар: Солонгос хэл (Анхан). Сурах чадвар: Судалгаа (Зорилтот түвшин: Ахисан). Сонирхол: Математик. Зорилго: Хичээлдээ ашиглах. Сурах арга: Багштай. Боломж: 7 хоногт 1-2 удаа. Хүсэж буй хамтрагчийн түвшин: Суурь.
SS0897,14,Судалгаа,Байхгүй,Анхан,Зураг авах,Дунд,Анхан,Анхан,Суурь,Програмчлал,Ирээдүйн мэргэжилдээ ашиглах,Багштай,Өдөр бүр,Instagram,Заах чадвар: Судалгаа (Анхан). Сурах чадвар: Зураг авах (Зорилтот түвшин: Дунд). Сонирхол: Програмчлал. Зорилго: Ирээдүйн мэргэжилдээ ашиглах. Сурах арга: Багштай. Боломж: Өдөр бүр. Хүсэж буй хамтрагчийн түвшин: Суурь.
SS0898,18,3D моделчлол,Байхгүй,Ахисан,C++,Суурь,Ахисан,Дунд,Анхан,Урлаг,Хичээлдээ ашиглах,Практик хийж сурах,7 хоногт 1-2 удаа,Messenger,Заах чадвар: 3D моделчлол (Ахисан). Сурах чадвар: C++ (Зорилтот түвшин: Суурь). Сонирхол: Урлаг. Зорилго: Хичээлдээ ашиглах. Сурах арга: Практик хийж сурах. Боломж: 7 хоногт 1-2 удаа. Хүсэж буй хамтрагчийн түвшин: Анхан.
SS0899,14,Бичих чадвар,Байхгүй,Анхан,3D моделчлол,Суурь,Анхан,Дунд,Анхан,Урлаг,Одоогийн чадвараа сайжруулах,Багштай,Өдөр бүр,Facebook,Заах чадвар: Бичих чадвар (Анхан). Сурах чадвар: 3D моделчлол (Зорилтот түвшин: Суурь). Сонирхол: Урлаг. Зорилго: Одоогийн чадвараа сайжруулах. Сурах арга: Багштай. Боломж: Өдөр бүр. Хүсэж буй хамтрагчийн түвшин: Анхан.
SS0900,15,Гитар,Байхгүй,Суурь,Математик,Ахисан,Суурь,Анхан,Дунд,Медиа,Хоббигоо хөгжүүлэх,Хамтрагчтай,7 хоногт 1-2 удаа,Telegram,Заах чадвар: Гитар (Суурь). Сурах чадвар: Математик (Зорилтот түвшин: Ахисан). Сонирхол: Медиа. Зорилго: Хоббигоо хөгжүүлэх. Сурах арга: Хамтрагчтай. Боломж: 7 хоногт 1-2 удаа. Хүсэж буй хамтрагчийн түвшин: Дунд.
SS0901,14,Төгөлдөр хуур,Байхгүй,Дунд,Excel,Дунд,Дунд,Дунд,Ахисан,Контент,Хоббигоо хөгжүүлэх,Багштай,7 хоногт 3-4 удаа,Zoom,Заах чадвар: Төгөлдөр хуур (Дунд). Сурах чадвар: Excel (Зорилтот түвшин: Дунд). Сонирхол: Контент. Зорилго: Хоббигоо хөгжүүлэх. Сурах арга: Багштай. Боломж: 7 хоногт 3-4 удаа. Хүсэж буй хамтрагчийн түвшин: Ахисан.
SS0902,17,Математик,Байхгүй,Анхан,График дизайн,Суурь,Анхан,Дунд,Анхан,Хэл,Хичээлдээ ашиглах,Багштай,Өдөр бүр,Google Meet,Заах чадвар: Математик (Анхан). Сурах чадвар: График дизайн (Зорилтот түвшин: Суурь). Сонирхол: Хэл. Зорилго: Хичээлдээ ашиглах. Сурах арга: Багштай. Боломж: Өдөр бүр. Хүсэж буй хамтрагчийн түвшин: Анхан.
SS0903,18,Физик,Байхгүй,Анхан,Python,Дунд,Анхан,Анхан,Анхан,Бизнес,Ирээдүйн мэргэжилдээ ашиглах,Практик хийж сурах,Өдөр бүр,Discord,Заах чадвар: Физик (Анхан). Сурах чадвар: Python (Зорилтот түвшин: Дунд). Сонирхол: Бизнес. Зорилго: Ирээдүйн мэргэжилдээ ашиглах. Сурах арга: Практик хийж сурах. Боломж: Өдөр бүр. Хүсэж буй хамтрагчийн түвшин: Анхан.
SS0904,15,Бичих чадвар,Байхгүй,Суурь,Excel,Дунд,Суурь,Анхан,Ахисан,Спорт,Шинэ чадвар сурах,Практик хийж сурах,Өдөр бүр,Instagram,Заах чадвар: Бичих чадвар (Суурь). Сурах чадвар: Excel (Зорилтот түвшин: Дунд). Сонирхол: Спорт. Зорилго: Шинэ чадвар сурах. Сурах арга: Практик хийж сурах. Боломж: Өдөр бүр. Хүсэж буй хамтрагчийн түвшин: Ахисан.
SS0905,17,Спорт,Математик,Суурь,Figma,Дунд,Суурь,Суурь,Анхан,Хөгжим,Хичээлдээ ашиглах,Багштай,Өдөр бүр,Messenger,"Заах чадвар: Спорт (Суурь), Хоёрдогч чадвар: Математик. Сурах чадвар: Figma (Зорилтот түвшин: Дунд). Сонирхол: Хөгжим. Зорилго: Хичээлдээ ашиглах. Сурах арга: Багштай. Боломж: Өдөр бүр. Хүсэж буй хамтрагчийн түвшин: Анхан."
SS0906,13,Хөгжим,Байхгүй,Анхан,Физик,Дунд,Анхан,Анхан,Суурь,Шинжлэх ухаан,Төсөл хийх,Видео,Өдөр бүр,Facebook,Заах чадвар: Хөгжим (Анхан). Сурах чадвар: Физик (Зорилтот түвшин: Дунд). Сонирхол: Шинжлэх ухаан. Зорилго: Төсөл хийх. Сурах арга: Видео. Боломж: Өдөр бүр. Хүсэж буй хамтрагчийн түвшин: Суурь.
SS0907,14,Багаар ажиллах,Байхгүй,Суурь,Зурах,Ахисан,Суурь,Ахисан,Суурь,Спорт,Одоогийн чадвараа сайжруулах,Багштай,7 хоногт 3-4 удаа,Telegram,Заах чадвар: Багаар ажиллах (Суурь). Сурах чадвар: Зурах (Зорилтот түвшин: Ахисан). Сонирхол: Спорт. Зорилго: Одоогийн чадвараа сайжруулах. Сурах арга: Багштай. Боломж: 7 хоногт 3-4 удаа. Хүсэж буй хамтрагчийн түвшин: Суурь.
SS0908,14,Бичих чадвар,Байхгүй,Суурь,Гитар,Ахисан,Суурь,Анхан,Суурь,Математик,Хоббигоо хөгжүүлэх,Багштай,7 хоногт 1-2 удаа,Zoom,Заах чадвар: Бичих чадвар (Суурь). Сурах чадвар: Гитар (Зорилтот түвшин: Ахисан). Сонирхол: Математик. Зорилго: Хоббигоо хөгжүүлэх. Сурах арга: Багштай. Боломж: 7 хоногт 1-2 удаа. Хүсэж буй хамтрагчийн түвшин: Суурь.
SS0909,16,Англи хэл,Байхгүй,Анхан,Бичих чадвар,Суурь,Анхан,Анхан,Анхан,Програмчлал,Төсөл хийх,Багштай,Амралтын өдөр,Google Meet,Заах чадвар: Англи хэл (Анхан). Сурах чадвар: Бичих чадвар (Зорилтот түвшин: Суурь). Сонирхол: Програмчлал. Зорилго: Төсөл хийх. Сурах арга: Багштай. Боломж: Амралтын өдөр. Хүсэж буй хамтрагчийн түвшин: Анхан.
SS0910,17,Англи хэл,Байхгүй,Анхан,Япон хэл,Дунд,Анхан,Суурь,Суурь,Математик,Хоббигоо хөгжүүлэх,Видео,Амралтын өдөр,Discord,Заах чадвар: Англи хэл (Анхан). Сурах чадвар: Япон хэл (Зорилтот түвшин: Дунд). Сонирхол: Математик. Зорилго: Хоббигоо хөгжүүлэх. Сурах арга: Видео. Боломж: Амралтын өдөр. Хүсэж буй хамтрагчийн түвшин: Суурь.
SS0911,17,C++,Python,Суурь,Видео эвлүүлэг,Суурь,Суурь,Ахисан,Дунд,Медиа,Шинэ чадвар сурах,Уншиж сурах,Өдөр бүр,Instagram,"Заах чадвар: C++ (Суурь), Хоёрдогч чадвар: Python. Сурах чадвар: Видео эвлүүлэг (Зорилтот түвшин: Суурь). Сонирхол: Медиа. Зорилго: Шинэ чадвар сурах. Сурах арга: Уншиж сурах. Боломж: Өдөр бүр. Хүсэж буй хамтрагчийн түвшин: Дунд."
SS0912,17,Сошиал медиа,Байхгүй,Суурь,Спорт,Ахисан,Суурь,Анхан,Анхан,Дизайн,Тэмцээнд бэлдэх,Практик хийж сурах,7 хоногт 1-2 удаа,Messenger,Заах чадвар: Сошиал медиа (Суурь). Сурах чадвар: Спорт (Зорилтот түвшин: Ахисан). Сонирхол: Дизайн. Зорилго: Тэмцээнд бэлдэх. Сурах арга: Практик хийж сурах. Боломж: 7 хоногт 1-2 удаа. Хүсэж буй хамтрагчийн түвшин: Анхан.
SS0913,18,Контент бүтээлт,Байхгүй,Суурь,Бичих чадвар,Дунд,Суурь,Суурь,Ахисан,Урлаг,Одоогийн чадвараа сайжруулах,Практик хийж сурах,Өдөр бүр,Facebook,Заах чадвар: Контент бүтээлт (Суурь). Сурах чадвар: Бичих чадвар (Зорилтот түвшин: Дунд). Сонирхол: Урлаг. Зорилго: Одоогийн чадвараа сайжруулах. Сурах арга: Практик хийж сурах. Боломж: Өдөр бүр. Хүсэж буй хамтрагчийн түвшин: Ахисан.
SS0914,14,Манлайлал,Байхгүй,Анхан,Физик,Ахисан,Анхан,Дунд,Анхан,Боловсрол,Одоогийн чадвараа сайжруулах,Багштай,7 хоногт 1-2 удаа,Telegram,Заах чадвар: Манлайлал (Анхан). Сурах чадвар: Физик (Зорилтот түвшин: Ахисан). Сонирхол: Боловсрол. Зорилго: Одоогийн чадвараа сайжруулах. Сурах арга: Багштай. Боломж: 7 хоногт 1-2 удаа. Хүсэж буй хамтрагчийн түвшин: Анхан.
SS0915,17,Математик,Байхгүй,Ахисан,Figma,Дунд,Ахисан,Ахисан,Ахисан,Програмчлал,Тэмцээнд бэлдэх,Практик хийж сурах,7 хоногт 1-2 удаа,Zoom,Заах чадвар: Математик (Ахисан). Сурах чадвар: Figma (Зорилтот түвшин: Дунд). Сонирхол: Програмчлал. Зорилго: Тэмцээнд бэлдэх. Сурах арга: Практик хийж сурах. Боломж: 7 хоногт 1-2 удаа. Хүсэж буй хамтрагчийн түвшин: Ахисан.
SS0916,17,Солонгос хэл,Хөгжим,Суурь,Илтгэх урлаг,Дунд,Суурь,Анхан,Анхан,Медиа,Төсөл хийх,Багштай,7 хоногт 1-2 удаа,Google Meet,"Заах чадвар: Солонгос хэл (Суурь), Хоёрдогч чадвар: Хөгжим. Сурах чадвар: Илтгэх урлаг (Зорилтот түвшин: Дунд). Сонирхол: Медиа. Зорилго: Төсөл хийх. Сурах арга: Багштай. Боломж: 7 хоногт 1-2 удаа. Хүсэж буй хамтрагчийн түвшин: Анхан."
SS0917,17,Python,Байхгүй,Анхан,JavaScript,Ахисан,Анхан,Дунд,Анхан,Хэл,Төсөл хийх,Практик хийж сурах,Амралтын өдөр,Discord,Заах чадвар: Python (Анхан). Сурах чадвар: JavaScript (Зорилтот түвшин: Ахисан). Сонирхол: Хэл. Зорилго: Төсөл хийх. Сурах арга: Практик хийж сурах. Боломж: Амралтын өдөр. Хүсэж буй хамтрагчийн түвшин: Анхан.
SS0918,13,Сошиал медиа,Вэб хөгжүүлэлт,Анхан,Япон хэл,Дунд,Анхан,Анхан,Анхан,Технологи,Хичээлдээ ашиглах,Багштай,7 хоногт 1-2 удаа,Instagram,"Заах чадвар: Сошиал медиа (Анхан), Хоёрдогч чадвар: Вэб хөгжүүлэлт. Сурах чадвар: Япон хэл (Зорилтот түвшин: Дунд). Сонирхол: Технологи. Зорилго: Хичээлдээ ашиглах. Сурах арга: Багштай. Боломж: 7 хоногт 1-2 удаа. Хүсэж буй хамтрагчийн түвшин: Анхан."
SS0919,17,Вэб хөгжүүлэлт,Бичих чадвар,Дунд,Япон хэл,Суурь,Дунд,Дунд,Суурь,Боловсрол,Хичээлдээ ашиглах,Практик хийж сурах,7 хоногт 3-4 удаа,Messenger,"Заах чадвар: Вэб хөгжүүлэлт (Дунд), Хоёрдогч чадвар: Бичих чадвар. Сурах чадвар: Япон хэл (Зорилтот түвшин: Суурь). Сонирхол: Боловсрол. Зорилго: Хичээлдээ ашиглах. Сурах арга: Практик хийж сурах. Боломж: 7 хоногт 3-4 удаа. Хүсэж буй хамтрагчийн түвшин: Суурь."
SS0920,15,Figma,Байхгүй,Суурь,Зурах,Ахисан,Суурь,Анхан,Анхан,Програмчлал,Тэмцээнд бэлдэх,Багштай,Амралтын өдөр,Facebook,Заах чадвар: Figma (Суурь). Сурах чадвар: Зурах (Зорилтот түвшин: Ахисан). Сонирхол: Програмчлал. Зорилго: Тэмцээнд бэлдэх. Сурах арга: Багштай. Боломж: Амралтын өдөр. Хүсэж буй хамтрагчийн түвшин: Анхан.
SS0921,16,Багаар ажиллах,Байхгүй,Суурь,Солонгос хэл,Дунд,Суурь,Суурь,Суурь,Медиа,Хичээлдээ ашиглах,Хамтрагчтай,7 хоногт 3-4 удаа,Telegram,Заах чадвар: Багаар ажиллах (Суурь). Сурах чадвар: Солонгос хэл (Зорилтот түвшин: Дунд). Сонирхол: Медиа. Зорилго: Хичээлдээ ашиглах. Сурах арга: Хамтрагчтай. Боломж: 7 хоногт 3-4 удаа. Хүсэж буй хамтрагчийн түвшин: Суурь.
SS0922,15,Солонгос хэл,Байхгүй,Анхан,Зураг авах,Ахисан,Анхан,Суурь,Ахисан,Дизайн,Тэмцээнд бэлдэх,Хамтрагчтай,7 хоногт 3-4 удаа,Zoom,Заах чадвар: Солонгос хэл (Анхан). Сурах чадвар: Зураг авах (Зорилтот түвшин: Ахисан). Сонирхол: Дизайн. Зорилго: Тэмцээнд бэлдэх. Сурах арга: Хамтрагчтай. Боломж: 7 хоногт 3-4 удаа. Хүсэж буй хамтрагчийн түвшин: Ахисан.
SS0923,18,Видео эвлүүлэг,Байхгүй,Дунд,Англи хэл,Дунд,Дунд,Ахисан,Ахисан,Дизайн,Тэмцээнд бэлдэх,Практик хийж сурах,Амралтын өдөр,Google Meet,Заах чадвар: Видео эвлүүлэг (Дунд). Сурах чадвар: Англи хэл (Зорилтот түвшин: Дунд). Сонирхол: Дизайн. Зорилго: Тэмцээнд бэлдэх. Сурах арга: Практик хийж сурах. Боломж: Амралтын өдөр. Хүсэж буй хамтрагчийн түвшин: Ахисан.
SS0924,14,Figma,Зурах,Анхан,C++,Дунд,Анхан,Анхан,Дунд,Медиа,Одоогийн чадвараа сайжруулах,Уншиж сурах,7 хоногт 1-2 удаа,Discord,"Заах чадвар: Figma (Анхан), Хоёрдогч чадвар: Зурах. Сурах чадвар: C++ (Зорилтот түвшин: Дунд). Сонирхол: Медиа. Зорилго: Одоогийн чадвараа сайжруулах. Сурах арга: Уншиж сурах. Боломж: 7 хоногт 1-2 удаа. Хүсэж буй хамтрагчийн түвшин: Дунд."
SS0925,17,Вэб хөгжүүлэлт,Байхгүй,Анхан,Сошиал медиа,Суурь,Анхан,Суурь,Анхан,Урлаг,Хоббигоо хөгжүүлэх,Видео,7 хоногт 1-2 удаа,Instagram,Заах чадвар: Вэб хөгжүүлэлт (Анхан). Сурах чадвар: Сошиал медиа (Зорилтот түвшин: Суурь). Сонирхол: Урлаг. Зорилго: Хоббигоо хөгжүүлэх. Сурах арга: Видео. Боломж: 7 хоногт 1-2 удаа. Хүсэж буй хамтрагчийн түвшин: Анхан.
SS0926,13,Илтгэх урлаг,Япон хэл,Суурь,Хөгжим,Ахисан,Суурь,Дунд,Суурь,Програмчлал,Хичээлдээ ашиглах,Хамтрагчтай,Өдөр бүр,Messenger,"Заах чадвар: Илтгэх урлаг (Суурь), Хоёрдогч чадвар: Япон хэл. Сурах чадвар: Хөгжим (Зорилтот түвшин: Ахисан). Сонирхол: Програмчлал. Зорилго: Хичээлдээ ашиглах. Сурах арга: Хамтрагчтай. Боломж: Өдөр бүр. Хүсэж буй хамтрагчийн түвшин: Суурь."
SS0927,18,JavaScript,Байхгүй,Ахисан,Зураг авах,Суурь,Ахисан,Ахисан,Ахисан,Спорт,Хоббигоо хөгжүүлэх,Практик хийж сурах,Өдөр бүр,Facebook,Заах чадвар: JavaScript (Ахисан). Сурах чадвар: Зураг авах (Зорилтот түвшин: Суурь). Сонирхол: Спорт. Зорилго: Хоббигоо хөгжүүлэх. Сурах арга: Практик хийж сурах. Боломж: Өдөр бүр. Хүсэж буй хамтрагчийн түвшин: Ахисан.
SS0928,13,Зурах,Байхгүй,Анхан,Спорт,Суурь,Анхан,Суурь,Анхан,Шинжлэх ухаан,Тэмцээнд бэлдэх,Уншиж сурах,Өдөр бүр,Telegram,Заах чадвар: Зурах (Анхан). Сурах чадвар: Спорт (Зорилтот түвшин: Суурь). Сонирхол: Шинжлэх ухаан. Зорилго: Тэмцээнд бэлдэх. Сурах арга: Уншиж сурах. Боломж: Өдөр бүр. Хүсэж буй хамтрагчийн түвшин: Анхан.
SS0929,16,Контент бүтээлт,Байхгүй,Анхан,JavaScript,Суурь,Анхан,Дунд,Ахисан,Бүтээлч ажил,Хоббигоо хөгжүүлэх,Уншиж сурах,7 хоногт 1-2 удаа,Zoom,Заах чадвар: Контент бүтээлт (Анхан). Сурах чадвар: JavaScript (Зорилтот түвшин: Суурь). Сонирхол: Бүтээлч ажил. Зорилго: Хоббигоо хөгжүүлэх. Сурах арга: Уншиж сурах. Боломж: 7 хоногт 1-2 удаа. Хүсэж буй хамтрагчийн түвшин: Ахисан.
SS0930,14,Манлайлал,Байхгүй,Суурь,Гитар,Ахисан,Суурь,Дунд,Суурь,Програмчлал,Ирээдүйн мэргэжилдээ ашиглах,Уншиж сурах,7 хоногт 3-4 удаа,Google Meet,Заах чадвар: Манлайлал (Суурь). Сурах чадвар: Гитар (Зорилтот түвшин: Ахисан). Сонирхол: Програмчлал. Зорилго: Ирээдүйн мэргэжилдээ ашиглах. Сурах арга: Уншиж сурах. Боломж: 7 хоногт 3-4 удаа. Хүсэж буй хамтрагчийн түвшин: Суурь.
SS0931,15,C++,Байхгүй,Дунд,JavaScript,Дунд,Дунд,Дунд,Ахисан,Контент,Тэмцээнд бэлдэх,Багштай,Өдөр бүр,Discord,Заах чадвар: C++ (Дунд). Сурах чадвар: JavaScript (Зорилтот түвшин: Дунд). Сонирхол: Контент. Зорилго: Тэмцээнд бэлдэх. Сурах арга: Багштай. Боломж: Өдөр бүр. Хүсэж буй хамтрагчийн түвшин: Ахисан.
SS0932,13,Контент бүтээлт,Япон хэл,Суурь,Figma,Дунд,Суурь,Анхан,Дунд,Технологи,Шинэ чадвар сурах,Хамтрагчтай,Амралтын өдөр,Instagram,"Заах чадвар: Контент бүтээлт (Суурь), Хоёрдогч чадвар: Япон хэл. Сурах чадвар: Figma (Зорилтот түвшин: Дунд). Сонирхол: Технологи. Зорилго: Шинэ чадвар сурах. Сурах арга: Хамтрагчтай. Боломж: Амралтын өдөр. Хүсэж буй хамтрагчийн түвшин: Дунд."
SS0933,14,Зураг авах,Байхгүй,Суурь,C++,Ахисан,Суурь,Суурь,Ахисан,Бүтээлч ажил,Төсөл хийх,Хамтрагчтай,7 хоногт 3-4 удаа,Messenger,Заах чадвар: Зураг авах (Суурь). Сурах чадвар: C++ (Зорилтот түвшин: Ахисан). Сонирхол: Бүтээлч ажил. Зорилго: Төсөл хийх. Сурах арга: Хамтрагчтай. Боломж: 7 хоногт 3-4 удаа. Хүсэж буй хамтрагчийн түвшин: Ахисан.
SS0934,16,JavaScript,Англи хэл,Суурь,График дизайн,Суурь,Суурь,Дунд,Ахисан,Спорт,Шинэ чадвар сурах,Практик хийж сурах,Амралтын өдөр,Facebook,"Заах чадвар: JavaScript (Суурь), Хоёрдогч чадвар: Англи хэл. Сурах чадвар: График дизайн (Зорилтот түвшин: Суурь). Сонирхол: Спорт. Зорилго: Шинэ чадвар сурах. Сурах арга: Практик хийж сурах. Боломж: Амралтын өдөр. Хүсэж буй хамтрагчийн түвшин: Ахисан."
SS0935,14,Canva,Байхгүй,Анхан,JavaScript,Дунд,Анхан,Дунд,Ахисан,Математик,Ирээдүйн мэргэжилдээ ашиглах,Хамтрагчтай,7 хоногт 1-2 удаа,Telegram,Заах чадвар: Canva (Анхан). Сурах чадвар: JavaScript (Зорилтот түвшин: Дунд). Сонирхол: Математик. Зорилго: Ирээдүйн мэргэжилдээ ашиглах. Сурах арга: Хамтрагчтай. Боломж: 7 хоногт 1-2 удаа. Хүсэж буй хамтрагчийн түвшин: Ахисан.
SS0936,13,График дизайн,Сошиал медиа,Анхан,Вэб хөгжүүлэлт,Ахисан,Анхан,Анхан,Суурь,Дизайн,Хоббигоо хөгжүүлэх,Практик хийж сурах,7 хоногт 3-4 удаа,Zoom,"Заах чадвар: График дизайн (Анхан), Хоёрдогч чадвар: Сошиал медиа. Сурах чадвар: Вэб хөгжүүлэлт (Зорилтот түвшин: Ахисан). Сонирхол: Дизайн. Зорилго: Хоббигоо хөгжүүлэх. Сурах арга: Практик хийж сурах. Боломж: 7 хоногт 3-4 удаа. Хүсэж буй хамтрагчийн түвшин: Суурь."
SS0937,16,Видео эвлүүлэг,Байхгүй,Дунд,Судалгаа,Суурь,Дунд,Дунд,Анхан,Математик,Шинэ чадвар сурах,Практик хийж сурах,Өдөр бүр,Google Meet,Заах чадвар: Видео эвлүүлэг (Дунд). Сурах чадвар: Судалгаа (Зорилтот түвшин: Суурь). Сонирхол: Математик. Зорилго: Шинэ чадвар сурах. Сурах арга: Практик хийж сурах. Боломж: Өдөр бүр. Хүсэж буй хамтрагчийн түвшин: Анхан.
SS0938,14,Excel,Байхгүй,Дунд,Сошиал медиа,Суурь,Дунд,Ахисан,Суурь,Боловсрол,Одоогийн чадвараа сайжруулах,Багштай,Амралтын өдөр,Discord,Заах чадвар: Excel (Дунд). Сурах чадвар: Сошиал медиа (Зорилтот түвшин: Суурь). Сонирхол: Боловсрол. Зорилго: Одоогийн чадвараа сайжруулах. Сурах арга: Багштай. Боломж: Амралтын өдөр. Хүсэж буй хамтрагчийн түвшин: Суурь.
SS0939,18,Математик,Байхгүй,Дунд,Япон хэл,Дунд,Дунд,Суурь,Анхан,Бүтээлч ажил,Шинэ чадвар сурах,Хамтрагчтай,7 хоногт 3-4 удаа,Instagram,Заах чадвар: Математик (Дунд). Сурах чадвар: Япон хэл (Зорилтот түвшин: Дунд). Сонирхол: Бүтээлч ажил. Зорилго: Шинэ чадвар сурах. Сурах арга: Хамтрагчтай. Боломж: 7 хоногт 3-4 удаа. Хүсэж буй хамтрагчийн түвшин: Анхан.
SS0940,16,Хөгжим,Вэб хөгжүүлэлт,Дунд,Төгөлдөр хуур,Ахисан,Дунд,Дунд,Ахисан,Бүтээлч ажил,Одоогийн чадвараа сайжруулах,Видео,7 хоногт 1-2 удаа,Messenger,"Заах чадвар: Хөгжим (Дунд), Хоёрдогч чадвар: Вэб хөгжүүлэлт. Сурах чадвар: Төгөлдөр хуур (Зорилтот түвшин: Ахисан). Сонирхол: Бүтээлч ажил. Зорилго: Одоогийн чадвараа сайжруулах. Сурах арга: Видео. Боломж: 7 хоногт 1-2 удаа. Хүсэж буй хамтрагчийн түвшин: Ахисан."
SS0941,15,Математик,Байхгүй,Дунд,Манлайлал,Ахисан,Дунд,Ахисан,Ахисан,Бүтээлч ажил,Тэмцээнд бэлдэх,Уншиж сурах,Өдөр бүр,Facebook,Заах чадвар: Математик (Дунд). Сурах чадвар: Манлайлал (Зорилтот түвшин: Ахисан). Сонирхол: Бүтээлч ажил. Зорилго: Тэмцээнд бэлдэх. Сурах арга: Уншиж сурах. Боломж: Өдөр бүр. Хүсэж буй хамтрагчийн түвшин: Ахисан.
SS0942,17,Хөгжим,Байхгүй,Суурь,Canva,Суурь,Суурь,Дунд,Дунд,Урлаг,Шинэ чадвар сурах,Багштай,7 хоногт 3-4 удаа,Telegram,Заах чадвар: Хөгжим (Суурь). Сурах чадвар: Canva (Зорилтот түвшин: Суурь). Сонирхол: Урлаг. Зорилго: Шинэ чадвар сурах. Сурах арга: Багштай. Боломж: 7 хоногт 3-4 удаа. Хүсэж буй хамтрагчийн түвшин: Дунд.
SS0943,18,Python,Байхгүй,Суурь,Солонгос хэл,Суурь,Суурь,Ахисан,Суурь,Бүтээлч ажил,Шинэ чадвар сурах,Уншиж сурах,7 хоногт 1-2 удаа,Zoom,Заах чадвар: Python (Суурь). Сурах чадвар: Солонгос хэл (Зорилтот түвшин: Суурь). Сонирхол: Бүтээлч ажил. Зорилго: Шинэ чадвар сурах. Сурах арга: Уншиж сурах. Боломж: 7 хоногт 1-2 удаа. Хүсэж буй хамтрагчийн түвшин: Суурь.
SS0944,13,Манлайлал,Байхгүй,Суурь,JavaScript,Ахисан,Суурь,Анхан,Анхан,Урлаг,Төсөл хийх,Хамтрагчтай,Амралтын өдөр,Google Meet,Заах чадвар: Манлайлал (Суурь). Сурах чадвар: JavaScript (Зорилтот түвшин: Ахисан). Сонирхол: Урлаг. Зорилго: Төсөл хийх. Сурах арга: Хамтрагчтай. Боломж: Амралтын өдөр. Хүсэж буй хамтрагчийн түвшин: Анхан.
SS0945,14,Вэб хөгжүүлэлт,Байхгүй,Анхан,Бичих чадвар,Ахисан,Анхан,Анхан,Ахисан,Бүтээлч ажил,Одоогийн чадвараа сайжруулах,Практик хийж сурах,Өдөр бүр,Discord,Заах чадвар: Вэб хөгжүүлэлт (Анхан). Сурах чадвар: Бичих чадвар (Зорилтот түвшин: Ахисан). Сонирхол: Бүтээлч ажил. Зорилго: Одоогийн чадвараа сайжруулах. Сурах арга: Практик хийж сурах. Боломж: Өдөр бүр. Хүсэж буй хамтрагчийн түвшин: Ахисан.
SS0946,15,График дизайн,Байхгүй,Ахисан,Контент бүтээлт,Дунд,Анхан,Дунд,Ахисан,Математик,Ирээдүйн мэргэжилдээ ашиглах,Хамтрагчтай,Өдөр бүр,Instagram,Заах чадвар: График дизайн (Анхан). Сурах чадвар: Контент бүтээлт (Зорилтот түвшин: Дунд). Сонирхол: Математик. Зорилго: Ирээдүйн мэргэжилдээ ашиглах. Сурах арга: Хамтрагчтай. Боломж: Өдөр бүр. Хүсэж буй хамтрагчийн түвшин: Ахисан.
SS0947,14,Зураг авах,Байхгүй,Анхан,Япон хэл,Дунд,Анхан,Дунд,Суурь,Контент,Хоббигоо хөгжүүлэх,Багштай,7 хоногт 1-2 удаа,Messenger,Заах чадвар: Зураг авах (Анхан). Сурах чадвар: Япон хэл (Зорилтот түвшин: Дунд). Сонирхол: Контент. Зорилго: Хоббигоо хөгжүүлэх. Сурах арга: Багштай. Боломж: 7 хоногт 1-2 удаа. Хүсэж буй хамтрагчийн түвшин: Суурь.
SS0948,16,Python,Манлайлал,Дунд,График дизайн,Ахисан,Дунд,Суурь,Ахисан,Боловсрол,Шинэ чадвар сурах,Видео,Амралтын өдөр,Facebook,"Заах чадвар: Python (Дунд), Хоёрдогч чадвар: Манлайлал. Сурах чадвар: График дизайн (Зорилтот түвшин: Ахисан). Сонирхол: Боловсрол. Зорилго: Шинэ чадвар сурах. Сурах арга: Видео. Боломж: Амралтын өдөр. Хүсэж буй хамтрагчийн түвшин: Ахисан."
SS0949,14,Шатар,Байхгүй,Суурь,Canva,Дунд,Суурь,Суурь,Суурь,Урлаг,Төсөл хийх,Хамтрагчтай,7 хоногт 1-2 удаа,Telegram,Заах чадвар: Шатар (Суурь). Сурах чадвар: Canva (Зорилтот түвшин: Дунд). Сонирхол: Урлаг. Зорилго: Төсөл хийх. Сурах арга: Хамтрагчтай. Боломж: 7 хоногт 1-2 удаа. Хүсэж буй хамтрагчийн түвшин: Суурь.
SS0950,13,Илтгэх урлаг,Байхгүй,Анхан,Excel,Дунд,Анхан,Дунд,Анхан,Боловсрол,Хоббигоо хөгжүүлэх,Хамтрагчтай,Өдөр бүр,Zoom,Заах чадвар: Илтгэх урлаг (Анхан). Сурах чадвар: Excel (Зорилтот түвшин: Дунд). Сонирхол: Боловсрол. Зорилго: Хоббигоо хөгжүүлэх. Сурах арга: Хамтрагчтай. Боломж: Өдөр бүр. Хүсэж буй хамтрагчийн түвшин: Анхан.
SS0951,16,Манлайлал,Байхгүй,Анхан,Спорт,Дунд,Анхан,Анхан,Суурь,Технологи,Ирээдүйн мэргэжилдээ ашиглах,Практик хийж сурах,7 хоногт 1-2 удаа,Google Meet,Заах чадвар: Манлайлал (Анхан). Сурах чадвар: Спорт (Зорилтот түвшин: Дунд). Сонирхол: Технологи. Зорилго: Ирээдүйн мэргэжилдээ ашиглах. Сурах арга: Практик хийж сурах. Боломж: 7 хоногт 1-2 удаа. Хүсэж буй хамтрагчийн түвшин: Суурь.
SS0952,13,Япон хэл,Байхгүй,Суурь,Зураг авах,Дунд,Суурь,Анхан,Дунд,Хөгжим,Хичээлдээ ашиглах,Уншиж сурах,Амралтын өдөр,Discord,Заах чадвар: Япон хэл (Суурь). Сурах чадвар: Зураг авах (Зорилтот түвшин: Дунд). Сонирхол: Хөгжим. Зорилго: Хичээлдээ ашиглах. Сурах арга: Уншиж сурах. Боломж: Амралтын өдөр. Хүсэж буй хамтрагчийн түвшин: Дунд.
SS0953,18,Багаар ажиллах,Байхгүй,Дунд,Манлайлал,Ахисан,Дунд,Ахисан,Дунд,Спорт,Шинэ чадвар сурах,Практик хийж сурах,Өдөр бүр,Instagram,Заах чадвар: Багаар ажиллах (Дунд). Сурах чадвар: Манлайлал (Зорилтот түвшин: Ахисан). Сонирхол: Спорт. Зорилго: Шинэ чадвар сурах. Сурах арга: Практик хийж сурах. Боломж: Өдөр бүр. Хүсэж буй хамтрагчийн түвшин: Дунд.
SS0954,14,Багаар ажиллах,Байхгүй,Дунд,Figma,Ахисан,Дунд,Суурь,Дунд,Шинжлэх ухаан,Шинэ чадвар сурах,Практик хийж сурах,7 хоногт 3-4 удаа,Messenger,Заах чадвар: Багаар ажиллах (Дунд). Сурах чадвар: Figma (Зорилтот түвшин: Ахисан). Сонирхол: Шинжлэх ухаан. Зорилго: Шинэ чадвар сурах. Сурах арга: Практик хийж сурах. Боломж: 7 хоногт 3-4 удаа. Хүсэж буй хамтрагчийн түвшин: Дунд.
SS0955,16,Спорт,Байхгүй,Анхан,Манлайлал,Дунд,Анхан,Суурь,Анхан,Урлаг,Хоббигоо хөгжүүлэх,Видео,Амралтын өдөр,Facebook,Заах чадвар: Спорт (Анхан). Сурах чадвар: Манлайлал (Зорилтот түвшин: Дунд). Сонирхол: Урлаг. Зорилго: Хоббигоо хөгжүүлэх. Сурах арга: Видео. Боломж: Амралтын өдөр. Хүсэж буй хамтрагчийн түвшин: Анхан.
SS0956,15,Солонгос хэл,Байхгүй,Суурь,Япон хэл,Дунд,Суурь,Анхан,Ахисан,Дизайн,Тэмцээнд бэлдэх,Видео,Амралтын өдөр,Telegram,Заах чадвар: Солонгос хэл (Суурь). Сурах чадвар: Япон хэл (Зорилтот түвшин: Дунд). Сонирхол: Дизайн. Зорилго: Тэмцээнд бэлдэх. Сурах арга: Видео. Боломж: Амралтын өдөр. Хүсэж буй хамтрагчийн түвшин: Ахисан.
SS0957,13,Вэб хөгжүүлэлт,Байхгүй,Анхан,Солонгос хэл,Дунд,Анхан,Анхан,Дунд,Технологи,Шинэ чадвар сурах,Хамтрагчтай,7 хоногт 1-2 удаа,Zoom,Заах чадвар: Вэб хөгжүүлэлт (Анхан). Сурах чадвар: Солонгос хэл (Зорилтот түвшин: Дунд). Сонирхол: Технологи. Зорилго: Шинэ чадвар сурах. Сурах арга: Хамтрагчтай. Боломж: 7 хоногт 1-2 удаа. Хүсэж буй хамтрагчийн түвшин: Дунд.
SS0958,13,Судалгаа,Байхгүй,Дунд,Контент бүтээлт,Ахисан,Дунд,Дунд,Ахисан,Бүтээлч ажил,Хоббигоо хөгжүүлэх,Хамтрагчтай,Амралтын өдөр,Google Meet,Заах чадвар: Судалгаа (Дунд). Сурах чадвар: Контент бүтээлт (Зорилтот түвшин: Ахисан). Сонирхол: Бүтээлч ажил. Зорилго: Хоббигоо хөгжүүлэх. Сурах арга: Хамтрагчтай. Боломж: Амралтын өдөр. Хүсэж буй хамтрагчийн түвшин: Ахисан.
SS0959,18,Сошиал медиа,Байхгүй,Дунд,Спорт,Дунд,Дунд,Ахисан,Дунд,Бүтээлч ажил,Тэмцээнд бэлдэх,Хамтрагчтай,Амралтын өдөр,Discord,Заах чадвар: Сошиал медиа (Дунд). Сурах чадвар: Спорт (Зорилтот түвшин: Дунд). Сонирхол: Бүтээлч ажил. Зорилго: Тэмцээнд бэлдэх. Сурах арга: Хамтрагчтай. Боломж: Амралтын өдөр. Хүсэж буй хамтрагчийн түвшин: Дунд.
SS0960,13,Англи хэл,Байхгүй,Ахисан,Figma,Ахисан,Ахисан,Дунд,Дунд,Спорт,Хоббигоо хөгжүүлэх,Видео,7 хоногт 3-4 удаа,Instagram,Заах чадвар: Англи хэл (Ахисан). Сурах чадвар: Figma (Зорилтот түвшин: Ахисан). Сонирхол: Спорт. Зорилго: Хоббигоо хөгжүүлэх. Сурах арга: Видео. Боломж: 7 хоногт 3-4 удаа. Хүсэж буй хамтрагчийн түвшин: Дунд.
SS0961,18,Илтгэх урлаг,Байхгүй,Дунд,Зурах,Ахисан,Дунд,Дунд,Дунд,Медиа,Шинэ чадвар сурах,Хамтрагчтай,Өдөр бүр,Messenger,Заах чадвар: Илтгэх урлаг (Дунд). Сурах чадвар: Зурах (Зорилтот түвшин: Ахисан). Сонирхол: Медиа. Зорилго: Шинэ чадвар сурах. Сурах арга: Хамтрагчтай. Боломж: Өдөр бүр. Хүсэж буй хамтрагчийн түвшин: Дунд.
SS0962,16,3D моделчлол,Байхгүй,Суурь,Төгөлдөр хуур,Дунд,Суурь,Дунд,Ахисан,Технологи,Төсөл хийх,Багштай,Өдөр бүр,Facebook,Заах чадвар: 3D моделчлол (Суурь). Сурах чадвар: Төгөлдөр хуур (Зорилтот түвшин: Дунд). Сонирхол: Технологи. Зорилго: Төсөл хийх. Сурах арга: Багштай. Боломж: Өдөр бүр. Хүсэж буй хамтрагчийн түвшин: Ахисан.
SS0963,13,Хөгжим,Байхгүй,Суурь,Багаар ажиллах,Ахисан,Суурь,Ахисан,Суурь,Хөгжим,Тэмцээнд бэлдэх,Практик хийж сурах,Өдөр бүр,Telegram,Заах чадвар: Хөгжим (Суурь). Сурах чадвар: Багаар ажиллах (Зорилтот түвшин: Ахисан). Сонирхол: Хөгжим. Зорилго: Тэмцээнд бэлдэх. Сурах арга: Практик хийж сурах. Боломж: Өдөр бүр. Хүсэж буй хамтрагчийн түвшин: Суурь.
SS0964,14,Солонгос хэл,Байхгүй,Суурь,Сошиал медиа,Суурь,Суурь,Анхан,Анхан,Хэл,Одоогийн чадвараа сайжруулах,Хамтрагчтай,Өдөр бүр,Zoom,Заах чадвар: Солонгос хэл (Суурь). Сурах чадвар: Сошиал медиа (Зорилтот түвшин: Суурь). Сонирхол: Хэл. Зорилго: Одоогийн чадвараа сайжруулах. Сурах арга: Хамтрагчтай. Боломж: Өдөр бүр. Хүсэж буй хамтрагчийн түвшин: Анхан.
SS0965,13,Хөгжим,UI/UX дизайн,Дунд,Вэб хөгжүүлэлт,Ахисан,Дунд,Ахисан,Анхан,Шинжлэх ухаан,Төсөл хийх,Видео,7 хоногт 1-2 удаа,Google Meet,"Заах чадвар: Хөгжим (Дунд), Хоёрдогч чадвар: UI/UX дизайн. Сурах чадвар: Вэб хөгжүүлэлт (Зорилтот түвшин: Ахисан). Сонирхол: Шинжлэх ухаан. Зорилго: Төсөл хийх. Сурах арга: Видео. Боломж: 7 хоногт 1-2 удаа. Хүсэж буй хамтрагчийн түвшин: Анхан."
SS0966,15,Гитар,Байхгүй,Суурь,Багаар ажиллах,Суурь,Суурь,Дунд,Анхан,Хөгжим,Ирээдүйн мэргэжилдээ ашиглах,Багштай,Өдөр бүр,Discord,Заах чадвар: Гитар (Суурь). Сурах чадвар: Багаар ажиллах (Зорилтот түвшин: Суурь). Сонирхол: Хөгжим. Зорилго: Ирээдүйн мэргэжилдээ ашиглах. Сурах арга: Багштай. Боломж: Өдөр бүр. Хүсэж буй хамтрагчийн түвшин: Анхан.
SS0967,13,Физик,Байхгүй,Суурь,Математик,Дунд,Суурь,Ахисан,Дунд,Спорт,Төсөл хийх,Уншиж сурах,Өдөр бүр,Instagram,Заах чадвар: Физик (Суурь). Сурах чадвар: Математик (Зорилтот түвшин: Дунд). Сонирхол: Спорт. Зорилго: Төсөл хийх. Сурах арга: Уншиж сурах. Боломж: Өдөр бүр. Хүсэж буй хамтрагчийн түвшин: Дунд.
SS0968,17,Илтгэх урлаг,Байхгүй,Суурь,Excel,Суурь,Суурь,Анхан,Анхан,Бизнес,Одоогийн чадвараа сайжруулах,Видео,7 хоногт 1-2 удаа,Messenger,Заах чадвар: Илтгэх урлаг (Суурь). Сурах чадвар: Excel (Зорилтот түвшин: Суурь). Сонирхол: Бизнес. Зорилго: Одоогийн чадвараа сайжруулах. Сурах арга: Видео. Боломж: 7 хоногт 1-2 удаа. Хүсэж буй хамтрагчийн түвшин: Анхан.
SS0969,14,Видео эвлүүлэг,Байхгүй,Суурь,Хөгжим,Ахисан,Суурь,Суурь,Анхан,Технологи,Хоббигоо хөгжүүлэх,Уншиж сурах,Амралтын өдөр,Facebook,Заах чадвар: Видео эвлүүлэг (Суурь). Сурах чадвар: Хөгжим (Зорилтот түвшин: Ахисан). Сонирхол: Технологи. Зорилго: Хоббигоо хөгжүүлэх. Сурах арга: Уншиж сурах. Боломж: Амралтын өдөр. Хүсэж буй хамтрагчийн түвшин: Анхан.
SS0970,18,График дизайн,Байхгүй,Ахисан,Солонгос хэл,Ахисан,Ахисан,Дунд,Ахисан,Боловсрол,Ирээдүйн мэргэжилдээ ашиглах,Видео,Өдөр бүр,Telegram,Заах чадвар: График дизайн (Ахисан). Сурах чадвар: Солонгос хэл (Зорилтот түвшин: Ахисан). Сонирхол: Боловсрол. Зорилго: Ирээдүйн мэргэжилдээ ашиглах. Сурах арга: Видео. Боломж: Өдөр бүр. Хүсэж буй хамтрагчийн түвшин: Ахисан.
SS0971,17,Гитар,Байхгүй,Суурь,JavaScript,Суурь,Суурь,Ахисан,Ахисан,Бизнес,Одоогийн чадвараа сайжруулах,Уншиж сурах,7 хоногт 1-2 удаа,Zoom,Заах чадвар: Гитар (Суурь). Сурах чадвар: JavaScript (Зорилтот түвшин: Суурь). Сонирхол: Бизнес. Зорилго: Одоогийн чадвараа сайжруулах. Сурах арга: Уншиж сурах. Боломж: 7 хоногт 1-2 удаа. Хүсэж буй хамтрагчийн түвшин: Ахисан.
SS0972,16,Илтгэх урлаг,Байхгүй,Дунд,Шатар,Суурь,Дунд,Суурь,Ахисан,Бизнес,Төсөл хийх,Хамтрагчтай,Өдөр бүр,Google Meet,Заах чадвар: Илтгэх урлаг (Дунд). Сурах чадвар: Шатар (Зорилтот түвшин: Суурь). Сонирхол: Бизнес. Зорилго: Төсөл хийх. Сурах арга: Хамтрагчтай. Боломж: Өдөр бүр. Хүсэж буй хамтрагчийн түвшин: Ахисан.
SS0973,14,Зурах,Байхгүй,Суурь,Физик,Суурь,Суурь,Суурь,Дунд,Медиа,Ирээдүйн мэргэжилдээ ашиглах,Багштай,7 хоногт 3-4 удаа,Discord,Заах чадвар: Зурах (Суурь). Сурах чадвар: Физик (Зорилтот түвшин: Суурь). Сонирхол: Медиа. Зорилго: Ирээдүйн мэргэжилдээ ашиглах. Сурах арга: Багштай. Боломж: 7 хоногт 3-4 удаа. Хүсэж буй хамтрагчийн түвшин: Дунд.
SS0974,17,Сошиал медиа,Байхгүй,Анхан,Япон хэл,Ахисан,Анхан,Дунд,Анхан,Дизайн,Тэмцээнд бэлдэх,Уншиж сурах,7 хоногт 3-4 удаа,Instagram,Заах чадвар: Сошиал медиа (Анхан). Сурах чадвар: Япон хэл (Зорилтот түвшин: Ахисан). Сонирхол: Дизайн. Зорилго: Тэмцээнд бэлдэх. Сурах арга: Уншиж сурах. Боломж: 7 хоногт 3-4 удаа. Хүсэж буй хамтрагчийн түвшин: Анхан.
SS0975,18,Англи хэл,Байхгүй,Дунд,Видео эвлүүлэг,Суурь,Дунд,Суурь,Суурь,Бүтээлч ажил,Шинэ чадвар сурах,Видео,Амралтын өдөр,Messenger,Заах чадвар: Англи хэл (Дунд). Сурах чадвар: Видео эвлүүлэг (Зорилтот түвшин: Суурь). Сонирхол: Бүтээлч ажил. Зорилго: Шинэ чадвар сурах. Сурах арга: Видео. Боломж: Амралтын өдөр. Хүсэж буй хамтрагчийн түвшин: Суурь.
SS0976,16,График дизайн,Байхгүй,Суурь,Англи хэл,Суурь,Суурь,Анхан,Дунд,Контент,Хичээлдээ ашиглах,Хамтрагчтай,7 хоногт 3-4 удаа,Facebook,Заах чадвар: График дизайн (Суурь). Сурах чадвар: Англи хэл (Зорилтот түвшин: Суурь). Сонирхол: Контент. Зорилго: Хичээлдээ ашиглах. Сурах арга: Хамтрагчтай. Боломж: 7 хоногт 3-4 удаа. Хүсэж буй хамтрагчийн түвшин: Дунд.
SS0977,17,Видео эвлүүлэг,Байхгүй,Дунд,Бичих чадвар,Ахисан,Дунд,Ахисан,Ахисан,Технологи,Тэмцээнд бэлдэх,Видео,7 хоногт 1-2 удаа,Telegram,Заах чадвар: Видео эвлүүлэг (Дунд). Сурах чадвар: Бичих чадвар (Зорилтот түвшин: Ахисан). Сонирхол: Технологи. Зорилго: Тэмцээнд бэлдэх. Сурах арга: Видео. Боломж: 7 хоногт 1-2 удаа. Хүсэж буй хамтрагчийн түвшин: Ахисан.
SS0978,18,Хөгжим,Байхгүй,Суурь,Excel,Ахисан,Суурь,Дунд,Анхан,Медиа,Одоогийн чадвараа сайжруулах,Хамтрагчтай,Өдөр бүр,Zoom,Заах чадвар: Хөгжим (Суурь). Сурах чадвар: Excel (Зорилтот түвшин: Ахисан). Сонирхол: Медиа. Зорилго: Одоогийн чадвараа сайжруулах. Сурах арга: Хамтрагчтай. Боломж: Өдөр бүр. Хүсэж буй хамтрагчийн түвшин: Анхан.
SS0979,16,3D моделчлол,Байхгүй,Дунд,Зурах,Ахисан,Дунд,Дунд,Анхан,Боловсрол,Хоббигоо хөгжүүлэх,Хамтрагчтай,7 хоногт 1-2 удаа,Google Meet,Заах чадвар: 3D моделчлол (Дунд). Сурах чадвар: Зурах (Зорилтот түвшин: Ахисан). Сонирхол: Боловсрол. Зорилго: Хоббигоо хөгжүүлэх. Сурах арга: Хамтрагчтай. Боломж: 7 хоногт 1-2 удаа. Хүсэж буй хамтрагчийн түвшин: Анхан.
SS0980,17,Физик,Байхгүй,Анхан,Илтгэх урлаг,Ахисан,Анхан,Дунд,Ахисан,Бүтээлч ажил,Төсөл хийх,Багштай,7 хоногт 1-2 удаа,Discord,Заах чадвар: Физик (Анхан). Сурах чадвар: Илтгэх урлаг (Зорилтот түвшин: Ахисан). Сонирхол: Бүтээлч ажил. Зорилго: Төсөл хийх. Сурах арга: Багштай. Боломж: 7 хоногт 1-2 удаа. Хүсэж буй хамтрагчийн түвшин: Ахисан.
SS0981,16,Илтгэх урлаг,Зураг авах,Анхан,Сошиал медиа,Дунд,Суурь,Анхан,Дунд,Математик,Шинэ чадвар сурах,Хамтрагчтай,7 хоногт 1-2 удаа,Instagram,"Заах чадвар: Илтгэх урлаг (Суурь), Хоёрдогч чадвар: Зураг авах. Сурах чадвар: Сошиал медиа (Зорилтот түвшин: Дунд). Сонирхол: Математик. Зорилго: Шинэ чадвар сурах. Сурах арга: Хамтрагчтай. Боломж: 7 хоногт 1-2 удаа. Хүсэж буй хамтрагчийн түвшин: Дунд."
SS0982,14,Япон хэл,Илтгэх урлаг,Суурь,Англи хэл,Дунд,Суурь,Дунд,Дунд,Математик,Хичээлдээ ашиглах,Видео,7 хоногт 3-4 удаа,Messenger,"Заах чадвар: Япон хэл (Суурь), Хоёрдогч чадвар: Илтгэх урлаг. Сурах чадвар: Англи хэл (Зорилтот түвшин: Дунд). Сонирхол: Математик. Зорилго: Хичээлдээ ашиглах. Сурах арга: Видео. Боломж: 7 хоногт 3-4 удаа. Хүсэж буй хамтрагчийн түвшин: Дунд."
SS0983,17,Зураг авах,Байхгүй,Дунд,Видео эвлүүлэг,Ахисан,Анхан,Ахисан,Анхан,Хөгжим,Тэмцээнд бэлдэх,Уншиж сурах,Өдөр бүр,Facebook,Заах чадвар: Зураг авах (Анхан). Сурах чадвар: Видео эвлүүлэг (Зорилтот түвшин: Ахисан). Сонирхол: Хөгжим. Зорилго: Тэмцээнд бэлдэх. Сурах арга: Уншиж сурах. Боломж: Өдөр бүр. Хүсэж буй хамтрагчийн түвшин: Анхан.
SS0984,16,Бичих чадвар,Байхгүй,Ахисан,Математик,Суурь,Ахисан,Дунд,Анхан,Бүтээлч ажил,Шинэ чадвар сурах,Багштай,7 хоногт 1-2 удаа,Telegram,Заах чадвар: Бичих чадвар (Ахисан). Сурах чадвар: Математик (Зорилтот түвшин: Суурь). Сонирхол: Бүтээлч ажил. Зорилго: Шинэ чадвар сурах. Сурах арга: Багштай. Боломж: 7 хоногт 1-2 удаа. Хүсэж буй хамтрагчийн түвшин: Анхан.
SS0985,18,Excel,Байхгүй,Суурь,Судалгаа,Суурь,Суурь,Суурь,Анхан,Бизнес,Хичээлдээ ашиглах,Видео,7 хоногт 3-4 удаа,Zoom,Заах чадвар: Excel (Суурь). Сурах чадвар: Судалгаа (Зорилтот түвшин: Суурь). Сонирхол: Бизнес. Зорилго: Хичээлдээ ашиглах. Сурах арга: Видео. Боломж: 7 хоногт 3-4 удаа. Хүсэж буй хамтрагчийн түвшин: Анхан.
SS0986,17,Илтгэх урлаг,Байхгүй,Суурь,Англи хэл,Суурь,Суурь,Дунд,Анхан,Боловсрол,Тэмцээнд бэлдэх,Практик хийж сурах,Өдөр бүр,Google Meet,Заах чадвар: Илтгэх урлаг (Суурь). Сурах чадвар: Англи хэл (Зорилтот түвшин: Суурь). Сонирхол: Боловсрол. Зорилго: Тэмцээнд бэлдэх. Сурах арга: Практик хийж сурах. Боломж: Өдөр бүр. Хүсэж буй хамтрагчийн түвшин: Анхан.
SS0987,18,Судалгаа,Байхгүй,Суурь,Төгөлдөр хуур,Суурь,Суурь,Ахисан,Суурь,Шинжлэх ухаан,Хоббигоо хөгжүүлэх,Уншиж сурах,Амралтын өдөр,Discord,Заах чадвар: Судалгаа (Суурь). Сурах чадвар: Төгөлдөр хуур (Зорилтот түвшин: Суурь). Сонирхол: Шинжлэх ухаан. Зорилго: Хоббигоо хөгжүүлэх. Сурах арга: Уншиж сурах. Боломж: Амралтын өдөр. Хүсэж буй хамтрагчийн түвшин: Суурь.
SS0988,15,Гитар,Байхгүй,Анхан,Математик,Суурь,Анхан,Суурь,Ахисан,Програмчлал,Шинэ чадвар сурах,Видео,7 хоногт 3-4 удаа,Instagram,Заах чадвар: Гитар (Анхан). Сурах чадвар: Математик (Зорилтот түвшин: Суурь). Сонирхол: Програмчлал. Зорилго: Шинэ чадвар сурах. Сурах арга: Видео. Боломж: 7 хоногт 3-4 удаа. Хүсэж буй хамтрагчийн түвшин: Ахисан.
SS0989,16,График дизайн,Байхгүй,Анхан,JavaScript,Дунд,Анхан,Дунд,Дунд,Математик,Хичээлдээ ашиглах,Багштай,7 хоногт 3-4 удаа,Messenger,Заах чадвар: График дизайн (Анхан). Сурах чадвар: JavaScript (Зорилтот түвшин: Дунд). Сонирхол: Математик. Зорилго: Хичээлдээ ашиглах. Сурах арга: Багштай. Боломж: 7 хоногт 3-4 удаа. Хүсэж буй хамтрагчийн түвшин: Дунд.
SS0990,14,C++,Байхгүй,Анхан,UI/UX дизайн,Ахисан,Анхан,Анхан,Дунд,Дизайн,Ирээдүйн мэргэжилдээ ашиглах,Багштай,Амралтын өдөр,Facebook,Заах чадвар: C++ (Анхан). Сурах чадвар: UI/UX дизайн (Зорилтот түвшин: Ахисан). Сонирхол: Дизайн. Зорилго: Ирээдүйн мэргэжилдээ ашиглах. Сурах арга: Багштай. Боломж: Амралтын өдөр. Хүсэж буй хамтрагчийн түвшин: Дунд.
SS0991,16,UI/UX дизайн,Байхгүй,Анхан,C++,Дунд,Анхан,Суурь,Ахисан,Шинжлэх ухаан,Одоогийн чадвараа сайжруулах,Багштай,Өдөр бүр,Telegram,Заах чадвар: UI/UX дизайн (Анхан). Сурах чадвар: C++ (Зорилтот түвшин: Дунд). Сонирхол: Шинжлэх ухаан. Зорилго: Одоогийн чадвараа сайжруулах. Сурах арга: Багштай. Боломж: Өдөр бүр. Хүсэж буй хамтрагчийн түвшин: Ахисан.
SS0992,16,Илтгэх урлаг,Шатар,Суурь,Төгөлдөр хуур,Ахисан,Суурь,Анхан,Дунд,Контент,Төсөл хийх,Уншиж сурах,Өдөр бүр,Zoom,"Заах чадвар: Илтгэх урлаг (Суурь), Хоёрдогч чадвар: Шатар. Сурах чадвар: Төгөлдөр хуур (Зорилтот түвшин: Ахисан). Сонирхол: Контент. Зорилго: Төсөл хийх. Сурах арга: Уншиж сурах. Боломж: Өдөр бүр. Хүсэж буй хамтрагчийн түвшин: Дунд."
SS0993,15,JavaScript,Байхгүй,Дунд,Математик,Ахисан,Дунд,Суурь,Ахисан,Бизнес,Хоббигоо хөгжүүлэх,Багштай,Амралтын өдөр,Google Meet,Заах чадвар: JavaScript (Дунд). Сурах чадвар: Математик (Зорилтот түвшин: Ахисан). Сонирхол: Бизнес. Зорилго: Хоббигоо хөгжүүлэх. Сурах арга: Багштай. Боломж: Амралтын өдөр. Хүсэж буй хамтрагчийн түвшин: Ахисан.
SS0994,14,Figma,Байхгүй,Анхан,Canva,Ахисан,Анхан,Суурь,Ахисан,Бүтээлч ажил,Тэмцээнд бэлдэх,Видео,7 хоногт 1-2 удаа,Discord,Заах чадвар: Figma (Анхан). Сурах чадвар: Canva (Зорилтот түвшин: Ахисан). Сонирхол: Бүтээлч ажил. Зорилго: Тэмцээнд бэлдэх. Сурах арга: Видео. Боломж: 7 хоногт 1-2 удаа. Хүсэж буй хамтрагчийн түвшин: Ахисан.
SS0995,17,Физик,Байхгүй,Суурь,Зурах,Дунд,Суурь,Ахисан,Анхан,Хэл,Хичээлдээ ашиглах,Хамтрагчтай,Өдөр бүр,Instagram,Заах чадвар: Физик (Суурь). Сурах чадвар: Зурах (Зорилтот түвшин: Дунд). Сонирхол: Хэл. Зорилго: Хичээлдээ ашиглах. Сурах арга: Хамтрагчтай. Боломж: Өдөр бүр. Хүсэж буй хамтрагчийн түвшин: Анхан.
SS0996,17,Сошиал медиа,Спорт,Суурь,Canva,Ахисан,Суурь,Анхан,Суурь,Технологи,Төсөл хийх,Хамтрагчтай,7 хоногт 3-4 удаа,Messenger,"Заах чадвар: Сошиал медиа (Суурь), Хоёрдогч чадвар: Спорт. Сурах чадвар: Canva (Зорилтот түвшин: Ахисан). Сонирхол: Технологи. Зорилго: Төсөл хийх. Сурах арга: Хамтрагчтай. Боломж: 7 хоногт 3-4 удаа. Хүсэж буй хамтрагчийн түвшин: Суурь."
SS0997,14,Англи хэл,Байхгүй,Дунд,Манлайлал,Дунд,Дунд,Дунд,Анхан,Контент,Шинэ чадвар сурах,Уншиж сурах,7 хоногт 3-4 удаа,Facebook,Заах чадвар: Англи хэл (Дунд). Сурах чадвар: Манлайлал (Зорилтот түвшин: Дунд). Сонирхол: Контент. Зорилго: Шинэ чадвар сурах. Сурах арга: Уншиж сурах. Боломж: 7 хоногт 3-4 удаа. Хүсэж буй хамтрагчийн түвшин: Анхан.
SS0998,16,Манлайлал,Байхгүй,Суурь,Python,Суурь,Суурь,Дунд,Суурь,Спорт,Одоогийн чадвараа сайжруулах,Практик хийж сурах,Өдөр бүр,Telegram,Заах чадвар: Манлайлал (Суурь). Сурах чадвар: Python (Зорилтот түвшин: Суурь). Сонирхол: Спорт. Зорилго: Одоогийн чадвараа сайжруулах. Сурах арга: Практик хийж сурах. Боломж: Өдөр бүр. Хүсэж буй хамтрагчийн түвшин: Суурь.
SS0999,16,Вэб хөгжүүлэлт,Байхгүй,Дунд,Япон хэл,Ахисан,Дунд,Суурь,Ахисан,Спорт,Шинэ чадвар сурах,Видео,Өдөр бүр,Zoom,Заах чадвар: Вэб хөгжүүлэлт (Дунд). Сурах чадвар: Япон хэл (Зорилтот түвшин: Ахисан). Сонирхол: Спорт. Зорилго: Шинэ чадвар сурах. Сурах арга: Видео. Боломж: Өдөр бүр. Хүсэж буй хамтрагчийн түвшин: Ахисан.
SS1000,18,Python,Байхгүй,Суурь,Вэб хөгжүүлэлт,Дунд,Суурь,Анхан,Дунд,Шинжлэх ухаан,Хоббигоо хөгжүүлэх,Хамтрагчтай,7 хоногт 1-2 удаа,Google Meet,Заах чадвар: Python (Суурь). Сурах чадвар: Вэб хөгжүүлэлт (Зорилтот түвшин: Дунд). Сонирхол: Шинжлэх ухаан. Зорилго: Хоббигоо хөгжүүлэх. Сурах арга: Хамтрагчтай. Боломж: 7 хоногт 1-2 удаа. Хүсэж буй хамтрагчийн түвшин: Дунд.
